transaction_amount,transaction_hour,customer_age,is_international,past_failed_transactions,fraud_label
37516.55787285151,22,37.638884943500216,0,1,0
95076.35921035062,3,20.45385251422839,0,2,1
73226.19478695937,17,36.108363786922226,0,0,1
59905.98257128396,4,20.735360885762546,0,3,1
15686.262180199408,15,38.583340711969214,0,1,0
15683.852581586645,13,18.0,0,3,0
5902.552855603126,18,18.0,1,1,0
86630.99696291602,13,43.18548716439999,0,0,0
60151.38967314656,8,29.53161544805217,0,2,0
70836.45052182494,5,25.12141926367759,0,2,0
2156.3909801506643,16,47.70845621075548,0,1,0
96993.99423098323,18,38.27626217328415,0,4,0
83261.01981596214,11,43.72090195533784,0,0,0
21312.677156759786,3,33.33757927679169,0,1,0
18264.314223989353,15,61.79628693900003,0,1,0
18422.11053435804,10,28.95486139440205,0,1,0
30493.800071657817,21,52.44495549359888,0,1,0
52523.16752006056,3,34.38633959900087,1,1,0
43251.30736234737,16,18.45489605087254,0,1,0
29193.79110578439,7,39.82848745748109,0,2,0
61224.10418276571,13,38.147625614551636,0,3,0
14035.436679138978,1,24.486781857607703,0,4,0
29285.250388668293,10,25.777807228652854,0,4,0
36699.5481450398,10,34.75302356915008,0,2,0
45661.391423281886,23,38.497478152479815,0,2,0
78539.07854316206,21,18.0,0,0,0
20047.410837620137,23,45.53121452523803,0,1,0
51472.0203975198,5,30.055020261850224,0,2,0
59282.21542931804,20,21.682525156018237,0,2,0
4740.3962307277725,20,44.41066551451931,0,3,0
60793.73070495369,13,34.763820205815435,0,1,0
17135.359956360422,9,47.16165776782255,0,1,0
6598.654139229424,7,39.379522629797556,1,2,0
94893.665171608,6,34.98485497051954,0,1,0
96566.64010414848,7,33.47270055019844,0,5,1
80858.89507683447,7,39.82712760556138,0,1,0
30530.91554041973,22,30.864687411906697,0,2,0
9857.444189237749,1,26.474274112535007,0,2,0
68454.87934856447,15,41.09909122654644,0,2,0
44071.23412458617,8,33.5551215855557,0,3,0
12291.619660993405,12,35.33567648069006,0,3,0
49568.17332011589,22,45.893798361546075,0,1,0
3535.4132594103176,11,33.86123392264259,0,2,0
90941.10816767033,21,35.150339255417904,0,0,0
25952.12016184169,16,29.00350488549068,0,3,0
66285.9762069628,1,39.30739933981851,0,1,0
31239.936501332155,12,38.49827912680088,0,2,0
52054.7953156633,0,44.00775131790558,1,1,1
54716.35690639364,18,29.208711629931237,0,1,0
18566.96010700015,10,30.421830304098144,0,0,1
96961.5043136794,4,42.92137399145469,0,2,0
77535.76905377534,0,37.522130033628635,0,1,1
93955.94426226249,19,25.937818738073055,1,1,0
89493.25230772211,12,48.065540677345005,0,0,0
59830.207883227406,7,18.01549431599749,0,1,0
92195.23607880936,5,42.84284753263752,0,0,1
8940.400954986757,16,22.347879640018036,0,2,0
19678.687955672605,11,53.85788516485527,0,0,0
4618.206162162753,0,19.554002730943765,0,0,0
32600.500043250107,2,46.52250651872748,0,1,0
38928.861239979255,13,34.18365639988756,0,0,0
27207.7682742122,7,31.33397430161256,0,1,0
82890.87716427774,10,36.85396656467761,1,1,1
35739.65733668957,13,41.31900339157813,0,1,0
28165.35751776934,7,25.955994976691304,0,3,0
54315.33870750902,2,26.842122748314278,1,3,1
14178.330074978789,6,41.49604865112886,0,3,0
80239.47837732856,18,18.0,0,2,0
7547.609303609105,3,29.157709068079146,0,3,0
98690.00496639167,15,65.4068695415944,0,1,0
77247.25245273608,12,25.31987035410719,0,1,0
19951.696585263824,19,46.47802791759753,0,2,0
651.6595006478797,18,29.14049231286188,0,0,0
81564.59670263794,4,40.09045144797144,0,3,0
70715.04865037695,22,41.54355690596218,0,1,0
72927.81608729463,4,46.289567351829476,0,1,1
77149.90763392598,19,32.99746173187224,0,2,0
7497.060708235627,23,54.88884638754853,0,0,0
35910.72628157283,3,29.1066343541482,0,1,0
11675.319046560458,1,37.3422041359956,1,0,0
86324.0322449718,12,37.452769322176074,0,4,1
62367.482870073036,15,23.780318800505846,0,0,0
33156.71268277965,21,32.1412774502088,0,0,0
6449.479193573761,1,36.61513499238407,0,4,0
31167.133939394655,18,30.678789568705803,0,1,0
32585.81387047203,16,59.40923965456535,0,2,0
72987.6572159726,4,26.613763264004692,0,1,0
63791.99138838579,17,46.79424468140428,1,1,1
88732.55298337502,22,43.56459813148786,0,1,1
47274.27102367873,20,34.861378654957285,0,2,0
12047.46516923634,17,26.34790946147753,0,3,0
71353.1542435772,7,27.3174467960823,0,0,0
76102.42635682806,14,29.8203270078349,0,0,0
56171.59203719268,12,18.0,0,0,0
77119.62127746064,12,24.965345742007095,1,0,1
49430.18007680264,15,20.175234846363573,0,3,0
52321.00965526121,21,48.45875003177717,0,5,1
42811.34773401911,19,41.184623923882185,0,3,0
2639.370761735109,12,42.85974098865461,0,2,0
10878.353556631115,19,40.888319515419475,0,0,0
3239.7756501047515,1,36.66967623334163,0,3,1
63677.40008525166,2,49.606803321291366,0,1,0
31504.162509525035,14,28.892373442682626,0,2,0
50906.21204735381,22,36.06669655367045,1,0,0
90765.89074521669,18,42.47058827824123,0,0,0
25004.293691972605,12,21.78790768143871,0,0,0
41097.25401125941,4,65.96588896142549,1,2,0
75579.55874045056,21,35.28565762777586,1,2,0
22956.936732613085,5,36.41989450575593,0,0,0
7790.29299189642,13,47.56878031674922,0,3,0
29046.170146085427,3,44.149553330102236,0,3,0
16206.00659667504,21,35.38078019396459,0,3,0
92976.79546902305,18,36.30129438098042,0,1,0
80831.22591848526,22,19.95851469052021,1,1,1
63377.0352753913,6,29.43534222150024,0,2,0
87158.912959753,3,40.172102161589606,0,1,1
80386.84048222154,1,39.43892839042886,0,5,1
18738.34888271498,6,47.21165750004087,0,2,0
89266.64394914878,2,33.79498941776676,0,1,0
53980.28996737351,14,21.12713486569134,0,0,0
80763.27150088985,0,45.56730430775678,0,1,0
89619.52086235698,1,49.360893461820154,0,4,1
31868.547149689202,9,43.9824457285623,0,2,0
11094.187260314908,15,33.363663291425084,0,3,0
22870.722737939974,14,45.44386051876579,0,4,0
42768.068083763006,23,69.28910478008214,0,2,0
81819.67511565707,14,36.151523144404756,1,1,0
86086.98526730872,13,21.882633077548753,1,3,0
794.5178400659513,21,29.13714950447848,0,2,0
51123.65552749881,13,41.25476000304051,0,0,0
41799.359214563025,5,18.95195689101937,0,2,0
22288.570266025952,13,36.69403074912069,1,2,0
12074.550196634913,16,38.80336650315883,0,1,0
33827.75562322243,17,50.35121739812652,0,2,0
94296.67942086066,19,48.10194856054301,0,2,0
32387.972908873446,18,43.64584791751771,0,0,0
51927.183112162274,16,18.0,0,0,0
70331.59399362827,15,44.21053128047925,0,1,0
36426.59727769147,7,42.05513386060247,0,2,0
97181.03006382397,6,37.55944377078347,0,1,0
96248.48476471691,19,18.0,0,2,1
25253.05135295388,11,27.232260908129398,0,1,0
49775.12573864931,8,23.33177230465934,0,1,0
30157.74315069529,13,18.0,0,2,0
28555.565388309016,19,34.97084848585205,0,2,0
3785.006040717826,0,27.021778785572202,1,3,0
60995.4769645917,9,61.25305580268912,0,1,0
50317.63442056326,16,33.312280605620906,0,1,0
5242.727249873937,16,47.9375315586596,0,1,0
27936.781777237484,16,19.309009753067755,1,1,1
90835.7620080687,3,29.699104139951302,0,2,0
24032.232877630544,16,35.96897876034315,0,4,0
14574.997721913187,17,25.918460513923296,0,1,0
48996.33075172854,19,30.777993151952558,0,1,0
98566.48036564901,22,32.820490937564614,0,0,0
24281.32162399889,1,32.66092014555105,1,3,1
67246.34118584727,7,53.55118573035347,0,1,0
76185.79957133888,12,38.7822628543151,1,0,0
23839.990644840727,22,39.79510562941303,0,4,0
72848.81322632477,21,40.396547743450704,1,0,0
36841.5349586534,19,41.12626377337112,0,2,0
63267.35247629859,21,34.17113016125135,0,3,0
63389.61810501338,14,31.79253628521154,0,1,0
53623.89093906837,19,36.668160595182776,0,0,0
9119.948028435389,22,46.568039489134726,0,3,0
83546.71930936487,8,46.26238188436383,0,1,0
32145.92849067641,2,32.596015243115886,0,2,0
18733.199188945437,2,42.67843694668112,0,1,0
4173.436641320915,1,33.05415336960332,0,2,0
59130.205024505354,0,35.33870549435244,0,3,0
67788.67974804401,13,30.264766184458026,1,1,0
1757.1241098928297,16,33.18354861093766,1,2,0
51258.09652409817,12,48.4133006954968,0,1,0
22726.927942274,18,35.92421147339236,0,0,0
64552.76176190404,22,36.35282508552318,0,3,1
17519.206257598646,14,20.527822207420417,0,0,0
69124.68003643634,13,31.907560923672705,0,1,0
38734.86109542369,1,32.58685096255272,0,4,0
93679.32587479978,6,26.70856514556595,0,0,0
13838.342320184725,16,35.21665411703564,0,3,0
34172.52846992083,17,30.708177097723457,0,0,0
11436.004771934848,5,35.79995855243582,1,3,0
92476.89246602842,20,36.215030098189345,0,2,0
87746.20140276001,7,25.442456421773556,0,1,0
25868.368608744044,1,31.012982175168105,0,2,0
66032.40619881448,0,35.77374282760834,0,0,0
81740.49780010147,15,46.84299431156725,0,1,0
55564.56107878629,6,37.56719172795741,0,2,1
53012.09277776505,21,28.380648200825725,0,0,0
24261.043860955124,23,38.99004759243852,0,1,0
9400.966503809332,10,52.07548889321761,0,2,0
89731.85421953734,14,44.167064725890185,0,2,0
90051.76391061672,12,40.4752653043562,0,1,0
63346.835581599466,23,42.25590175482321,0,1,0
33969.0761257652,1,49.39954041428631,0,1,0
34986.036503804826,13,45.7562679401766,0,0,0
72622.97231913691,23,40.667603811176576,0,0,0
89721.31496926246,5,45.686422195900846,0,1,1
88719.93378408522,8,24.183489037359394,0,1,0
78009.56703117663,6,19.97734747659719,0,1,0
64238.961450813345,17,36.5709865064383,0,1,0
8505.582503005378,23,35.68680709650538,0,1,0
16246.708538051915,8,29.560899464867425,0,1,0
89865.56343385522,22,43.258526698277095,0,2,0
60682.263059993034,3,18.0,0,0,1
1018.7854565013018,8,29.65227743942196,0,0,0
10237.007132316607,3,30.15044455122385,0,1,0
66383.82673389478,11,18.636982149005405,0,4,1
605.6522262372469,3,49.94731007269304,0,2,0
16164.724336608115,23,21.407987313366768,0,1,0
54918.505557721954,19,29.11659942692314,0,1,0
69220.33024950005,13,44.07979757805134,1,1,0
65230.929824309795,23,41.46045343428732,0,5,0
22504.504015109924,23,23.918253035152535,0,2,0
71246.70421261883,6,41.82489209260636,0,0,0
23801.183840930327,12,37.89784478658222,0,1,0
32607.429846110845,21,58.33035562111468,0,1,0
74674.49137129061,7,39.03940416068305,0,0,0
64998.326614816746,22,33.58758178931468,0,2,0
84937.41870836838,4,26.434980428805773,0,3,0
65795.5279408043,11,27.55756633044429,0,1,0
56874.02947321362,12,26.742309045318418,0,1,0
9458.109306026437,19,48.71098813911922,0,1,0
36834.808725637406,13,35.17969915016471,0,2,0
26593.71653140437,17,40.6524712397473,0,2,0
24474.56537357045,23,50.14247599980887,0,0,0
97303.7544197693,19,18.0,0,2,1
39370.46269420937,3,47.78873764700375,0,1,0
89215.45086219361,20,35.55396911783334,0,3,0
63150.74873712656,17,39.35048371640444,0,0,0
79501.64922381067,6,26.715967782517488,0,2,0
50313.44560120869,14,27.448756015514817,0,2,1
57732.69807417328,20,39.888458898129876,1,1,0
49302.5176125045,5,58.8459780033147,0,0,0
19604.774481024644,15,45.03313312814902,0,1,0
72272.96631462438,19,47.655229214185404,0,2,0
28149.159007841496,23,33.0799872973858,1,1,0
2529.1650465022385,7,28.99795775414372,1,0,0
64582.68236112606,20,27.191950484210068,0,1,1
17793.35687276419,15,30.11726275303312,0,0,0
94051.81257685614,21,18.0,0,1,0
95397.46484255847,15,27.75080657108398,0,3,0
91494.95258302281,2,29.396468439401566,1,1,0
37078.85415551889,16,33.24641825605159,0,2,0
1644.115991233856,8,36.31750109747292,0,1,0
92839.02440251377,2,38.62450868625611,0,0,0
42875.5964168997,19,34.8507462755704,1,0,0
96668.8164224626,6,29.18556913657243,0,1,1
96365.63571121635,17,18.0,0,3,0
85315.64460118927,11,29.246913915982066,0,2,0
29515.44431775161,18,25.275493623129947,1,3,1
38571.263087332336,15,39.66066748278604,0,1,0
85128.553484534,21,44.092873966936935,1,3,0
31760.50831511214,23,44.385710670599394,0,0,0
17032.32539394064,16,42.569527361278205,0,1,0
55724.44611958918,19,33.664742645475116,0,1,0
93621.86193866201,14,29.780444345241033,0,0,0
69633.3766878298,0,27.52897246332934,0,0,0
57049.11089192756,1,19.925010833982494,0,2,0
9807.931727699777,7,44.918537005078576,0,3,0
61539.22194724706,21,33.25288962070026,0,0,1
99006.3796254159,1,22.536597063791262,0,1,0
14094.393122128751,18,26.73508624289765,0,1,0
51881.1322711373,8,26.330265435674477,0,1,0
87749.56988560274,8,35.43024485015127,0,0,0
74102.78491364502,12,45.674678510706855,0,2,0
69731.87252542727,5,31.52010450404417,1,3,1
70278.15999031221,14,18.0,0,0,0
36013.16600685354,18,33.1081966484108,0,4,0
29429.825242022886,20,33.438060999028046,0,0,0
80955.17943230351,14,32.75079769064478,0,1,0
81030.32812845016,17,28.725388335242982,0,4,0
86720.52462615236,6,37.174390807258426,0,1,0
91332.73120039148,10,35.661411151490015,0,2,0
51183.10564620769,7,34.75169685873353,0,1,0
50201.47783925124,5,39.12641361442966,0,1,0
79849.68837878083,7,30.701671768521464,0,1,0
65031.39668469874,1,30.13414330299347,1,2,1
70226.49103804457,18,48.801232895854,0,2,0
79599.6876766665,15,40.59355409715436,0,2,0
89011.53364757488,6,43.269460609427995,0,1,0
33865.716169468426,9,47.26104585334068,0,1,0
37620.73696873041,11,40.259441806248,0,3,0
9488.795790102813,16,44.28388679136171,0,1,0
57870.18608551778,6,19.206548379297395,0,1,0
3690.6331522945343,21,37.04153871996027,0,0,0
46613.24201143277,7,33.17281538185672,0,1,0
54310.1990072869,6,51.776840908998096,1,3,1
28725.471087615613,3,44.276455318033,1,2,0
59124.24273084418,2,28.6955480920682,0,3,0
3146.974968911038,18,38.72794158529206,0,1,0
3831.0840560465203,14,36.6768133344924,0,1,0
82277.79600989986,3,39.54331433152229,0,0,1
36083.04507698516,8,24.81157530625348,0,0,1
12793.34521392329,12,38.600164652382254,0,0,0
52272.10167947496,17,32.71848650711766,1,1,0
77022.35595455123,20,37.824497640556004,0,2,0
21660.520646934634,15,27.756148348778304,0,4,0
62326.75853431813,0,29.149368286034004,0,1,0
8626.211752877423,3,46.738420203667026,0,1,0
5263.0039447439085,17,24.48452441659839,1,1,0
53182.327693657986,7,25.222455989579515,0,3,1
54109.44864884964,19,34.48418742784422,0,1,0
63779.247159670835,15,27.281096248140454,0,1,0
72636.5242388939,20,26.149713677372013,1,1,1
97587.62273830721,10,36.05075971208295,0,1,0
51678.40479528941,19,19.949341430962953,0,2,0
32363.351646830473,20,24.92037765086362,0,3,0
79539.1008573935,20,55.54095582923644,0,3,0
27156.141901081213,20,39.59475058969009,1,0,0
43953.24492849305,18,27.53436647730089,0,2,0
7937.792496092369,22,39.18215078266197,0,2,0
2632.5392672042053,18,40.67330476986629,0,0,0
96268.5766263247,17,44.944144200902386,1,1,1
83614.41403916937,18,33.7284397054327,0,2,1
69627.82318876043,10,44.76497702772889,0,0,0
40954.39914698556,2,18.0,0,1,0
17412.102575077493,7,24.43691869524247,0,2,0
15728.060562841496,19,36.638714017364556,1,4,1
25099.265526643074,18,38.296335328077916,0,3,0
54967.743804141435,9,25.882177123313582,0,6,1
71488.13267773623,15,37.594199912631595,0,2,0
66053.71793410135,4,28.761597513127395,0,3,1
28065.39630489969,19,32.230409057728345,0,1,0
95491.04153825309,8,45.24773800665011,0,2,0
73815.90197790727,7,44.089374968886,0,1,1
55479.969845888925,10,25.029396726367374,0,1,0
61210.90254881179,15,24.427485379798966,0,2,0
42018.04623653621,6,30.88826604446684,1,3,1
24848.32585116563,14,34.73253698827075,1,3,0
35661.670597261036,23,28.42101511425259,0,1,0
75808.82643539048,20,45.40642442799668,0,3,0
1537.9095141126113,19,38.47389841708555,0,0,0
11695.656786640931,22,39.060851098744294,0,1,0
4695.6639379731,16,22.334611710550284,0,3,0
4168.807351665117,5,46.6729071738378,0,2,0
85560.51234269961,14,18.0,0,3,0
70395.42015206437,7,43.34055451849369,0,0,0
47469.96552582378,6,44.34311737670771,0,3,0
9873.632649035048,1,30.675988127220386,0,2,0
49212.425924171555,12,47.72910217247424,0,2,0
47399.82990097851,22,34.36902447045654,0,1,0
17402.86680401052,5,35.62431703327443,0,4,0
43441.779758873505,4,38.39528787404216,0,0,1
39910.622966297604,19,66.86574911811056,0,4,0
61623.424795416424,0,48.44433908083005,0,1,0
63545.85572167762,17,42.01131200712918,0,0,0
4625.8705762272475,14,25.871955133988052,0,2,0
37523.80020118447,22,36.43589825479492,0,2,0
62623.40557985222,9,26.868759061536135,0,2,0
50363.31223215076,2,43.22110847282813,0,1,0
85663.3351347134,4,36.404669757348564,0,3,1
65903.49379873261,23,23.754783203861045,0,1,0
16377.149265434826,12,35.81124583418503,1,0,0
7149.817865302942,7,26.505825302836946,1,1,0
64277.68589281093,21,36.51216221337547,0,3,1
2748.479923108019,20,26.409226836347436,0,1,0
58618.980569218984,1,35.27487633360813,0,1,0
94029.00111835326,8,42.50469861935095,0,1,0
57589.87036980031,16,34.46948008074894,1,1,1
38878.17562803154,17,31.091117328276113,0,3,0
64364.493022391085,12,37.032762210574624,0,2,0
45879.46376010251,0,41.97182620792853,0,4,0
54607.1172526619,11,23.928167301182395,0,1,0
94152.33439677487,19,37.606561547052024,0,0,1
38671.653516297345,19,48.175408190174,1,4,0
96122.93732600904,20,40.73656963276715,0,0,0
90544.52913141077,4,35.57754146667228,0,0,1
19659.534365450716,7,41.39737506698895,0,4,0
7029.193957429029,14,39.52496456102682,0,2,0
10167.722337604922,2,42.53601109159814,0,1,0
1920.3603825898178,5,18.0,0,1,0
9534.851779517247,12,19.465438663367348,0,1,0
68332.37666429405,11,45.04829149483237,1,3,0
7211.745981176876,18,19.947208238385592,0,0,0
31965.665466346753,17,39.01538635719205,0,1,0
84503.04356584851,23,31.47950343967708,0,1,0
2424.866380009004,0,25.03810754404003,0,1,0
81465.40141063469,6,38.496497571474734,0,0,0
28257.291999862653,11,37.0103350371657,0,3,0
11904.66627940346,9,56.10342652096378,1,4,1
69704.04281987865,11,28.751887954641106,0,0,0
62931.39039331041,10,49.40110120069174,0,3,0
87759.45415135259,3,38.524229143843144,0,4,1
73533.5972760082,18,28.389781184572875,0,1,0
80367.74494544638,5,42.99246457517245,0,1,1
28275.253799873517,8,40.65738504453951,0,0,0
17826.210423594308,19,35.35843294858049,0,2,1
75086.41368892175,9,37.66295356440624,0,3,0
80702.79045279967,4,29.030129689544683,0,1,1
99051.46368586726,12,26.74212874745493,0,2,0
41320.50592345151,8,42.59442173822583,1,0,0
37264.606770699036,1,32.76060575686726,1,0,1
77663.65477812548,17,34.199170017509076,0,1,0
34146.27367127648,20,37.79821595944277,0,4,0
93082.65682779612,0,37.65288344783808,1,1,1
85855.43390911688,23,20.706735290259353,0,0,0
42956.50333476433,20,47.862520864548586,0,2,0
75112.01967237059,11,36.21182151900678,0,1,0
75478.83312105977,9,32.973467371778504,0,4,0
10402.074496709667,1,39.308460051697466,0,1,0
90265.03537728872,8,37.36542193614863,0,1,1
50574.712007540926,1,42.67062689489702,0,0,0
82663.10086416338,22,40.37983672150941,0,2,0
32072.955142958115,23,42.17846228996267,0,0,0
89562.77052677043,21,48.50993905727516,0,0,0
38981.2477055429,13,43.83624548970972,0,3,0
1182.6813828818063,10,33.39513779671437,0,2,0
90547.65944428444,22,23.770988439231672,0,5,1
9219.539010934743,10,51.67797933004515,0,1,0
31999.432395282445,16,32.62276626652887,0,3,0
95011.19050837541,3,30.268925866394778,1,1,1
95065.65397906186,12,18.0,0,6,0
57386.44502351628,6,38.384731053121115,0,1,0
63220.53749576295,15,36.488866039537704,1,4,1
44899.707645634146,0,19.848850637505194,0,1,0
29391.756092636646,12,39.53274042133176,0,1,0
32933.588082454604,0,30.01808079298561,0,4,0
67284.59376209613,10,61.90315007288694,0,0,0
75262.21549082424,5,29.306388079091317,0,2,0
79178.74646821227,19,30.64806667802207,0,0,0
78982.85246517594,2,26.25223775745632,0,1,0
9211.489694564169,11,47.77876521041972,1,0,0
49492.58843978789,4,31.272242055352468,0,4,0
5850.120125662764,8,27.750858462345033,0,1,0
54997.93534414118,11,42.06955009920542,0,1,0
44208.89708720036,9,21.196470645868146,0,3,0
88781.64785755414,18,41.25110546248948,0,3,0
35156.40975395266,4,52.813997166008576,0,2,0
11794.994941117826,4,40.66607832835089,1,0,1
14384.869037078302,8,41.37898316259925,0,1,0
76174.91210857547,19,43.70060216907484,0,0,0
61859.98452529448,16,52.09708028675519,1,2,1
10202.155344666746,9,47.098939600191045,0,2,0
8502.269930888244,20,39.39669722273024,0,3,0
70126.81623276608,0,44.03891400636002,0,0,1
7369.024335782933,21,26.140650745348893,0,1,0
82203.81992310658,15,42.76293590747322,0,0,0
70653.59849293398,14,24.944440288162525,1,0,0
8226.743186125786,22,31.32977581368373,1,1,0
8575.287637110672,16,18.0,0,2,0
98665.29389226742,19,39.01429659367462,0,1,0
37489.65249603642,12,28.561279888916474,0,2,0
37127.1504919824,0,46.11145215204463,0,7,0
81298.6767690245,7,38.90192610605403,0,1,0
94730.13288064748,4,46.24095894701625,0,5,0
98601.5062759048,5,24.16403455327462,0,2,1
75362.48070736828,22,45.38386037159633,0,2,0
37688.332594538486,19,56.05856344363327,1,0,1
8441.72159819701,13,42.64158299931894,0,0,0
77736.97690115093,21,42.903490086922886,0,0,0
55884.58454860692,22,36.695976763949346,0,0,0
42479.77872377293,10,29.753312194346357,0,2,0
90644.80307096413,5,42.61192372701509,0,2,0
11208.628482384518,10,19.939170895979316,1,2,0
49313.24791865683,12,30.822448750791835,0,0,0
1234.229112265165,11,18.0,0,3,0
46919.19813521321,21,27.963436226849172,0,3,0
5724.697240615551,1,41.420450918935614,0,1,0
11969.909835180384,20,40.053933762204636,0,2,0
11840.872053032777,2,35.50913695535473,0,1,0
64956.10918139475,22,36.704009940620104,0,0,0
74629.88343861578,3,18.0,0,2,0
58378.539633206245,16,31.27437719429085,0,0,0
96221.03759260674,21,28.1864839356479,0,1,0
37549.57089441804,5,28.409403094854593,0,1,0
28642.637419557886,6,40.99578627813753,0,4,0
86873.05290612708,14,26.394926734946896,0,6,1
22437.22426809332,10,28.953191498725893,1,5,1
96325.93169011707,23,18.0,1,0,0
1314.2320215126524,2,32.058768196238304,0,4,0
96990.89478809314,5,24.121624522863804,0,0,0
4411.675203862554,1,35.79202928689644,0,2,0
89125.1970584373,13,25.488919532575352,0,1,0
52817.34079772136,8,36.045422455492165,1,0,0
99297.1831323181,17,33.55314239257657,0,0,0
7472.276817066347,18,51.72041773042321,1,5,1
55430.043011691945,11,39.97217980453193,0,2,0
96933.32330834799,12,18.0,0,3,1
52357.47463259787,11,22.351111558972917,0,2,0
62976.92394971273,11,35.55208008992333,1,2,1
69605.29402956326,17,25.701520516073494,0,1,1
45508.652370300544,8,18.0,0,4,0
62793.052200397935,16,48.495463138337435,0,1,0
58472.99976111772,20,42.20224016905408,1,1,0
90125.6852480498,15,40.209768734917716,0,3,0
4640.093396111642,16,28.92676954529085,0,1,0
28168.222640263808,20,39.27676771009929,0,1,0
95046.10725924822,23,27.956396757791182,1,0,1
89037.35201070254,7,37.04857300217691,0,1,0
45620.10960329272,10,25.794167741635228,0,0,0
62051.24652037352,23,50.16288450556014,0,0,0
27810.380179815154,1,19.297633459181554,0,0,0
18893.303856403756,7,47.32283829510831,0,1,0
46423.47065350422,11,35.389158280173305,0,2,0
35399.88757980268,20,30.105330046580093,0,2,0
58407.24557390212,0,36.67002921695738,0,3,0
7865.690232801985,22,42.33348007178181,0,0,0
97442.04128585003,12,48.66746736694397,0,2,0
98622.45337351233,21,38.13143023133532,1,1,1
69846.35523057255,20,26.093039147377226,0,0,0
53656.026997777626,16,35.556301237657884,0,2,0
31021.808867004143,13,53.16793236662373,0,2,0
81398.12246872418,13,48.476780855126236,0,3,0
68504.64413813254,15,44.08763478124359,0,0,1
16345.43224055464,16,42.956870201223865,1,2,0
91101.62573093486,5,41.99450090606542,0,1,0
82271.47056802458,6,46.587548345098696,0,0,0
94985.01133786321,0,30.433712142780948,0,1,0
72599.37888799715,14,21.44913934224994,0,2,0
61380.17807398541,19,35.69003500737061,0,2,0
41882.479325432825,20,26.82418413222309,0,2,0
93279.57548706593,17,24.449792446228155,0,0,1
86619.78256109079,12,27.79721423412068,0,1,1
4617.345143608321,23,59.85313924533686,1,2,0
2734.0607522754754,1,36.36124634075844,0,0,0
37708.690351117155,18,38.61907836360988,0,1,0
81074.27774510511,14,22.77637192995746,0,1,0
98728.88531856296,11,18.0,1,1,0
15126.647421242465,14,26.809473568811942,0,0,0
59453.6584636783,17,49.381955852087486,1,2,1
38150.99657743905,13,38.34275466076521,0,1,0
96994.44834167886,5,40.98595091444392,0,1,0
84227.6804212573,11,42.38566039202061,0,2,0
83849.03760064267,19,29.086506202017222,0,0,0
46922.446663517534,22,48.87965583973367,0,0,0
41540.468283532755,5,28.671924007778177,0,0,0
27413.366485877552,8,49.06232359262553,0,1,0
5731.912115427619,3,39.42302156135341,0,1,0
86485.76538787982,16,18.0,1,2,1
81308.81081209474,1,27.519905133994648,0,0,1
99971.79556128445,15,18.0,0,0,0
99664.02002368314,23,46.63282132794208,1,0,1
55587.62738970248,13,34.752645791975986,0,1,0
76921.842776533,7,18.0,0,2,0
94482.09641525456,13,38.75746881719658,0,4,1
84979.7743286734,1,29.6283573761168,1,0,1
24810.075364145447,15,20.161941449666767,0,0,0
45109.35911747834,3,51.77965836968697,0,0,0
13003.025573634348,0,36.072858660965785,0,2,0
95409.69762314636,22,32.065685976866874,0,1,0
60656.84598164292,19,31.00575219013983,0,0,0
22941.416269795925,13,19.867205308422278,0,1,0
67202.8983721451,7,21.954511004158906,0,3,0
61851.01122174379,2,47.84916784875083,1,2,1
35880.455531480766,4,30.26117130214281,0,3,0
11444.403460742938,5,35.220677009368636,0,2,0
67190.16223972068,21,18.0,0,3,1
52078.73932028895,7,21.819079642044944,0,0,0
77254.60733439037,5,41.098125198747525,0,0,0
52064.33376108814,5,38.777117601138336,0,1,0
85232.93188182215,3,52.53375198724316,0,2,1
55235.49319357111,6,48.42956331631226,0,0,0
56137.703356385085,23,32.69289027515177,0,2,0
87677.69490556867,18,39.72953564713271,0,6,1
40407.93833461846,6,31.833965570969262,1,0,0
13488.121322219009,2,55.54809818638648,0,1,0
2975.3893637025635,7,46.490146960524,0,1,0
75538.21184179453,0,36.69685090857751,0,1,0
62068.92418021112,0,37.00394784876352,0,2,1
70437.56883311244,13,49.44850287259808,0,1,0
21375.119734740183,5,40.79577847113847,0,0,0
13723.510411118299,9,50.58628017070086,1,2,0
1553.0121002214046,13,18.0,0,1,0
35123.697124779035,3,39.61228261498798,0,2,0
59032.776916777846,5,29.84565135318615,0,4,0
39285.18010546326,15,52.56377987627992,0,1,0
43803.74471017053,20,50.46398687189829,0,2,0
90425.45357992547,0,35.328358091013065,0,1,1
34890.7211556277,5,50.356309788110316,0,0,0
51447.5499670651,8,52.83114519992506,0,1,0
78386.93597284019,14,35.744066719261475,0,0,1
39714.62395389489,11,59.71933772431858,0,1,0
62246.46135276456,2,34.68658847330278,0,1,0
86250.13450379984,10,32.85479049664091,0,0,0
94957.11030339845,14,43.65872588584343,0,4,0
14792.64074481089,2,31.46209268857686,0,2,0
92666.10375363329,13,35.85339775794894,0,1,0
49262.41767864586,1,49.0943442405091,0,1,0
25898.614391065938,3,35.19218852217271,0,0,0
45967.662048202306,18,18.049822070246925,0,2,0
98005.25427101916,11,38.673193878491965,0,0,0
49312.547589887676,1,28.037064209476053,0,0,0
32942.28586772207,16,43.652711572945464,0,0,0
63376.7453462409,2,41.96189715826246,0,0,1
24090.547315941487,9,49.71400348166522,0,0,0
7678.746478055526,15,44.07532300792697,0,0,0
12975.084218873857,21,45.90244283658065,0,1,0
12891.779311881466,8,28.30903239862287,1,2,0
15275.079081878206,10,43.03986495890503,0,0,0
13968.834547676073,20,54.6845128936029,0,1,0
64123.38700584114,14,28.11350091363233,0,1,0
18269.820431474567,2,52.99738291727098,0,2,0
34632.16160405394,15,29.506499087986697,0,1,0
89689.16214961058,20,26.480287549500257,0,5,0
47448.767862260946,20,37.96200443354838,0,1,0
66789.01807825062,20,42.1591041612881,0,3,0
17314.75513304282,11,44.11750123972265,0,1,0
19309.67297898621,22,25.382375792267982,0,1,0
4182.774765021239,4,39.345400972542905,1,2,1
16976.61280090924,6,28.144454285164947,0,2,0
27931.174869292667,8,20.110777439294232,0,2,0
17783.347379247007,20,25.712636844672154,0,2,0
8961.383122329855,17,27.490996340441818,0,1,0
12151.523522950021,20,40.21595160352507,0,0,0
46131.7989264693,7,46.52213663068669,1,2,0
20712.738468738673,11,20.267933701247333,0,3,0
36490.55911870274,19,38.51961074208056,1,0,0
50391.3853584002,1,23.233018142290938,0,2,0
69070.44338007359,9,41.29085409014,0,1,0
4027.282770125784,18,28.77269418996252,0,1,0
79961.09885101336,8,24.486709819767214,0,3,0
62827.24891014169,23,42.99664515347575,0,2,0
8267.727291692303,7,29.130773945549052,0,2,0
87370.50454826704,23,31.840360486473017,1,0,1
92095.15281312814,23,18.0,0,1,1
6201.688189500888,23,44.46551361423474,0,2,0
27760.077049905653,0,43.209085211691075,0,0,0
80639.50785132682,5,35.05457844281314,0,2,0
74851.14306932747,11,19.72419058644241,0,1,1
18533.649833702093,23,47.09369178334763,0,1,0
21013.997401337358,18,28.337366136392088,0,1,0
37110.16306885906,16,30.46646549899412,0,1,0
48503.84622058303,1,58.12044056359531,1,2,0
61863.651675876565,10,27.963635558907704,0,2,0
36954.47259302026,17,42.422099624265,0,2,0
46307.21814170147,22,40.62092262082618,0,0,0
74772.34671956228,21,38.90172192880085,0,1,0
3764.65196877073,10,37.82000542554511,0,1,0
25318.450739967673,17,38.76388561889199,0,3,0
71363.6236298668,7,37.7194059094054,0,0,0
89531.16308495121,14,34.48081641223939,0,1,0
51216.576467355044,8,50.11283124110742,0,1,1
53258.13717800503,14,21.873394392007217,0,3,1
10806.483932843628,6,45.21458104015377,0,1,0
44796.49544566312,19,43.22342298687552,0,1,0
53308.464918856815,12,41.98399121329401,0,0,0
24322.803313109493,12,46.169794276401284,0,2,0
26997.39877184316,0,34.07400604731607,0,1,0
37790.6878941518,19,18.0,0,0,0
2105.112657994864,3,34.277073402855144,0,3,0
32275.70864175951,23,25.088057823754454,0,2,0
21223.65589895481,3,27.681407901419362,0,2,0
32816.98548257367,3,22.57580326167588,0,2,0
12064.236968743196,12,30.226551415561655,0,0,0
89063.6753459155,1,29.03376306016551,0,1,0
59399.88611004946,22,18.0,0,3,0
67942.32168253452,14,42.00221911282289,1,0,0
78938.2067368731,3,57.20321858004882,0,2,0
49894.37567301282,5,41.06237193496288,0,5,0
8783.336779933627,2,32.97076043465772,0,0,0
53756.94352767292,6,34.45253604323784,1,1,0
58725.427690285826,5,30.79014131986824,0,0,0
74569.40347101456,2,35.90041583866958,1,0,1
43222.78866834497,3,34.629919059267664,0,0,0
12845.272249276819,9,26.589515696017056,1,1,0
28449.212989292573,20,51.82888388947831,1,2,0
36371.921410223644,8,20.12845764290229,0,2,0
64627.13240902696,5,42.18331543194246,0,0,0
57120.752636424295,19,33.98802372682468,0,2,0
35674.06291719484,10,54.008318150657445,1,2,0
98652.87335441867,6,38.408645992482214,1,2,1
60616.90445375303,17,31.40094462816752,0,2,0
23798.95649442585,3,32.522928015655026,0,2,0
10268.069014778333,4,35.39906694519761,0,1,0
15370.628004514769,3,23.572093050035992,0,5,1
24671.177065612363,3,27.331304748820884,0,2,0
16152.069188629612,12,18.0,0,2,0
18738.045702725445,15,25.77023101625906,1,0,0
28581.007352515324,13,35.9390648166045,0,2,0
17420.022169946005,10,38.00175049284521,0,2,0
89686.86592017987,1,18.0,0,4,1
8115.351191598056,21,33.627882969557994,1,0,0
52498.68781806844,13,40.634099508221325,0,1,0
41098.64301626718,23,33.370878066237644,0,0,0
98239.62382916978,23,28.662113542221995,0,1,0
11292.68632658843,6,30.87838854951786,0,1,0
39845.77434466959,10,29.59236645022778,0,1,0
96950.09628420934,3,28.632694408919427,0,3,0
86564.16187680863,6,36.73823525244848,0,1,0
81725.49988783307,15,58.076882277354514,0,3,0
25864.492421789488,5,27.563000830948166,1,2,0
17171.669980267576,5,31.818573673385732,0,1,0
66897.45767045066,1,34.483020606247685,0,0,0
92944.66131384582,23,28.126455656417065,0,1,0
55720.613012091584,7,45.98235803523426,0,0,0
57204.107678042994,6,18.0,0,2,0
28069.91145666239,23,29.689408296213244,0,1,0
76972.3440258745,13,43.18313736319962,0,5,1
18785.670480896584,8,32.05905691611366,0,0,0
32435.555716783943,14,26.791610411497086,0,1,0
42601.10021778003,21,39.40756754438764,1,0,0
50810.27683057706,17,44.06343235397152,0,2,0
24316.732268266514,11,37.10635445215058,0,5,1
11572.198791446433,22,26.987796401871165,0,3,0
61100.942239919095,18,39.56203319151743,0,2,0
28934.19226870155,12,30.979506997252102,0,1,0
58165.698320118965,6,42.45186881893828,1,1,1
15520.83525589281,9,49.832588848565905,0,3,0
48165.896175296264,9,18.0,0,2,0
53305.68431190343,1,36.11067473195633,0,2,0
5277.171328560448,13,18.0,0,2,0
33726.76739157266,12,59.417885853297705,0,3,0
13528.026226203527,21,30.318754662038096,0,3,0
6431.159550229498,5,42.46373241825373,0,4,0
98997.02721575553,8,34.64683140405104,0,0,0
32303.149112974825,12,26.969154192809405,1,4,1
81006.45714087802,8,25.779469528225732,0,2,1
25538.60141090001,12,50.85679173100759,0,2,0
68182.12195017053,4,44.559380601783104,0,2,1
76046.76320297968,13,54.43584087377563,0,2,0
59604.31018672364,4,35.55453335157699,0,1,0
47210.46123616082,8,37.87919621246,0,2,0
41242.90732331212,7,32.32808434344712,0,3,0
34951.93982764523,6,32.12917796884991,0,2,0
92959.9615103578,7,24.58113067522632,0,0,0
83078.87883799414,21,35.840101909243515,0,0,0
96506.1883755846,2,27.10753405113803,0,0,0
12517.292626205919,22,39.419089221642025,0,2,0
73113.66077284406,23,36.700102189802095,1,1,1
93840.21163642168,14,37.87682043675722,0,0,0
18205.18330994945,7,51.751299396902255,0,2,0
6742.977109941072,0,34.62282050234409,0,1,0
74137.9528640769,6,42.56727002853428,0,2,0
57489.8640066732,18,55.515094640855814,0,4,1
84198.69479815138,1,48.06617069295048,0,3,0
14063.26042496632,13,46.53169698454845,1,1,0
79547.20445480302,17,31.933117844795,0,1,0
20242.569272769677,14,37.296430555677965,0,2,0
16449.22869228388,13,21.817237079700583,0,1,0
16510.153213306196,23,39.98914400964414,0,1,0
81476.01455111508,18,37.74460177613842,0,1,0
66553.2023475504,18,35.23385125156181,0,1,0
52354.23593443502,21,45.2719478824286,0,2,1
35947.1653639379,16,22.922251775756035,0,1,0
87732.33402722952,21,51.34862851160347,1,1,0
39305.26623152127,18,44.01764687940284,1,0,0
81678.28400321055,15,34.29366020348026,0,1,0
43969.57736616482,19,33.51270412182606,0,1,0
37756.74849954827,18,39.806112152485944,0,3,0
46321.71058839368,0,50.208512320637794,0,2,0
30207.649628997795,18,36.016077186900105,0,2,0
74786.17707960749,6,36.44030901979226,0,0,0
50321.76697023867,22,35.18118477625871,0,1,0
23298.04824516705,10,52.820241127014725,1,0,0
89967.4998701294,4,31.311168970629762,0,1,0
38450.73301518382,16,34.70492401380929,0,1,0
54400.93082528746,10,49.63435654260994,0,4,1
90656.56388535823,23,36.47010833612863,0,2,0
62461.37579180781,7,46.37058860045522,0,2,0
11778.114266765571,9,25.887199430970412,0,1,0
93989.22914898617,11,32.94707478371486,0,1,0
62808.03450183464,9,49.84434038440229,0,2,0
33557.0709042429,12,28.236602842364547,0,0,0
14013.280059072387,17,33.487009602302926,0,1,0
79423.11640810256,9,37.56685230891479,0,2,0
62045.2683172585,18,25.108454820070133,1,0,0
53392.76308843452,19,30.86189881378103,0,0,1
89399.86904679067,16,36.1263668182564,1,0,1
78880.86140133062,19,35.46681734161961,0,2,0
15252.320485301843,15,47.80352020837135,1,3,1
31241.03457277527,4,50.41457194832253,0,1,1
24924.065067465126,2,26.439151279990888,0,1,0
74420.23462801042,14,36.11268519167489,0,1,0
3449.8902301043604,1,41.74248308424765,0,2,0
57031.97951864452,12,50.16347465799197,0,0,0
76269.62270549498,21,42.18490297317129,0,0,0
87688.88711249876,7,37.909134015923314,0,2,0
34273.96669671916,22,41.665425319826305,0,1,0
82143.60473673408,16,41.7376883433626,0,0,1
11152.110521825201,3,25.722857077156316,0,1,0
84660.58394427836,18,36.92798792506269,0,2,1
12836.117366965043,21,49.591609941886915,0,0,0
39789.00032698069,8,32.926432313059955,1,1,0
79749.80704137741,22,36.29446642547444,0,3,1
15076.7509921425,14,32.57483550473978,1,3,0
23002.214383740884,8,18.0,0,1,1
72253.03158246732,23,35.20590177234679,1,0,0
72031.65000095282,20,38.017919306528725,0,1,0
64150.6485252412,8,29.87506609119098,0,2,0
69425.4496022633,13,23.453630511152717,0,1,0
54318.171890424856,22,26.193935402183506,0,2,0
25254.72598480458,20,42.64187616135564,0,3,0
34635.029751041555,15,54.72524773046905,0,1,0
18241.611908462422,23,48.824333409054326,0,2,0
90854.21107722947,22,21.556539951694482,0,0,0
58380.84029713544,16,43.54627310550703,0,1,0
40145.056534687625,12,28.3683762419071,0,6,0
46254.379784048855,8,29.17732937491223,0,0,0
94733.60562722036,14,30.380244020287158,0,2,0
15419.805171296412,6,42.060669498554304,0,0,0
58664.36021847805,0,44.59253376449038,0,3,0
50638.279020558155,0,34.01968928720212,0,4,0
61184.27811992132,4,34.18929258991975,1,2,1
1909.2073637019669,23,39.64263743235793,0,1,0
87225.17850352073,8,40.67994539524242,0,1,1
93218.61642011288,11,46.762257067585296,0,1,0
56556.80504056197,5,22.15628024490801,0,0,0
69695.41730530154,12,35.2002733980403,0,0,0
92257.68817961184,7,24.319756241088225,0,1,0
70753.13956790853,14,34.490577209365966,0,4,0
15338.650387134709,5,32.738247123192394,0,3,0
57671.207180664635,5,34.53250546097298,0,0,0
60710.833133647306,3,27.002571118894682,0,0,0
42470.65406310836,10,20.127102067925712,0,3,0
73670.77913890981,20,18.0,1,4,1
93443.26477542458,17,33.6881984573516,0,3,0
92564.29443938695,2,30.68998894167061,0,0,0
45138.853203272796,2,28.24062335196173,0,0,0
11412.48077949145,11,48.22548462831661,0,0,0
98485.63577633722,20,26.40561813204689,0,3,0
83905.91883594882,20,49.16834082138803,0,1,0
12553.801852206358,5,51.23843744269257,1,3,0
92092.1040734755,20,18.0,0,0,0
87002.64657000662,5,35.923814589989696,0,0,0
51931.921906894604,7,31.003035091640093,0,1,1
59168.41603091843,14,18.0,0,4,1
39960.370116626014,17,20.553587469315858,0,2,0
5570.68771832093,19,42.74936107108474,1,5,1
33586.2044404255,15,55.191992527112646,1,3,1
80305.05951494134,5,44.026781426992486,0,3,0
562.7390981598255,20,38.236324725129776,0,1,0
33416.5672519453,16,34.786676183689124,1,3,0
39877.05248973524,8,51.82662914648114,0,1,0
53785.8207334985,18,56.48239201957641,0,1,0
91993.57607963477,17,29.13157320475814,0,6,1
34699.96483715953,22,18.0,0,3,0
34760.624869433144,4,18.0,0,1,0
73776.37468616386,5,48.21880992159802,0,1,1
45276.57229489173,11,34.52941459225613,0,2,0
22538.0218117042,10,36.83241910458719,0,0,0
45298.70766165607,15,18.0,0,1,0
14171.616335942006,19,27.468110872115336,0,1,0
17721.059951971707,16,32.045191860992176,0,0,0
49886.940496674026,19,37.07838383364071,0,2,0
41950.652405504334,8,31.01407961086241,0,1,0
91493.10551670319,0,24.62673801698657,0,1,0
36303.150521751646,2,27.15433007397477,0,2,1
58100.77619277654,20,47.08323285947233,0,0,0
63263.20236316109,22,37.447846196034995,0,0,0
1408.1362131745302,8,41.121568069555515,0,1,0
66387.38346446939,21,26.011261891226702,0,2,1
17885.793090288167,18,18.0,0,2,0
96110.92471519858,12,29.768956931155035,0,0,0
14951.406502535985,22,26.334294455745034,0,1,0
41520.94996032967,13,38.49012268628079,0,1,0
8626.431841056521,19,67.85723713681841,0,2,0
99687.73775941014,18,41.95166017618256,0,0,0
50269.28153209113,22,62.35960159383488,1,0,0
59578.96323027238,6,40.687696953394486,0,2,0
6800.940091103906,3,28.70113762427285,0,3,0
75021.05099287786,11,38.47916078120883,0,3,0
21069.56875024902,22,52.80638599477708,0,0,0
89815.6235151273,13,53.29562596321239,0,2,0
20593.450084152515,1,29.24662631956921,0,2,0
19149.70329430029,0,37.53183695699299,0,0,0
3751.3118180246784,17,20.707331203288547,1,0,0
47259.48781648892,19,43.246686246914294,0,1,0
56527.62921293538,7,50.533546990558946,1,0,1
6664.293078892401,2,35.39799454116016,0,1,0
77575.20890783156,5,28.32615945639872,1,2,1
45383.55459132796,21,38.60130951277563,1,0,0
52486.58790582525,12,39.17459031363166,1,2,0
44132.19841912899,8,35.8114383184962,0,2,0
40136.229781445065,8,36.78715124335953,1,1,0
56008.06909769097,19,33.26185149530629,1,1,0
15608.500568478179,8,44.959549282264064,0,2,0
18274.620236477585,14,42.36227445165127,0,1,0
86192.38353925038,12,25.16896852855851,0,0,0
94616.93466714991,21,24.894093968414055,0,4,1
37393.60069634732,15,32.45625582973438,0,1,0
27147.39284704102,1,42.36837124105179,0,4,0
64435.55436957767,13,36.480574138908146,0,3,0
40932.54369269983,5,28.56849589877345,0,2,0
2636.096930468452,1,37.6151859672583,0,2,0
15699.644476882417,7,31.69189480477728,0,2,0
71625.62566185501,3,43.80486460224131,0,0,1
65926.50179682412,20,38.33058435067048,0,2,0
2806.8896510980007,23,31.847218125478562,0,3,0
22275.01897710165,13,37.315187720464614,0,1,0
23184.372179148333,10,48.150480595242016,0,0,0
67222.08508551297,23,29.303699234536225,0,1,0
2069.082721660979,13,39.02656981647161,0,1,0
10500.447340258926,11,34.295396595340044,0,3,0
80011.61692878162,15,39.269836838620996,0,1,0
17936.611739227927,5,28.454350584042697,0,2,0
65309.336174402284,19,36.103354331593756,1,2,0
23894.459826567978,0,46.07823282416801,0,2,1
10034.195136658582,11,25.629930187538925,0,1,0
24392.901880845464,6,21.705948966749183,1,1,0
72254.46649238035,7,22.085444355130356,1,2,1
85584.07716381794,8,23.29337469799811,1,1,1
83038.96447024246,1,40.95323287892664,0,2,1
39778.634608883636,16,20.941403141345347,0,2,0
66841.70514340755,19,32.02104655256469,1,2,1
20577.931112040515,12,41.18289303310708,1,4,1
29385.458253075223,4,39.166590605485936,0,0,0
89643.94827025986,9,31.144410200375148,0,2,0
1398.89215872253,11,36.90923731755106,0,0,0
8642.30223236136,16,36.07145329737568,0,2,0
20867.83688908813,20,32.75759044451814,0,1,0
2750.5671669945896,5,32.8916528134542,0,1,0
18225.39996547075,2,57.35427434756961,0,2,0
58345.85194087225,14,43.093109039313006,0,2,0
42200.31260419054,6,59.806509175121434,0,2,0
89277.90393658979,5,30.030368670794985,0,0,0
81762.61181767024,3,34.150334031118526,0,2,1
34247.55343461781,18,21.678742347233527,0,2,0
26016.400999786118,4,26.904331979104278,0,2,0
38031.27157590997,2,54.019131486625014,0,0,0
59070.464757229296,8,29.779657101582437,0,3,0
26879.55771820534,5,54.19281300144459,0,1,0
62452.47589412849,12,22.566377393201094,0,2,0
41000.224053904916,21,24.46530965926723,0,6,1
55249.51336711283,19,31.587687789765788,0,1,0
43669.04026061814,3,34.36250078320822,0,1,0
29517.129378237576,1,44.2308729245013,0,2,0
94850.48536551945,3,39.507704171862656,1,0,1
76384.2188365601,7,30.83684742655972,0,1,0
14097.30625906861,12,33.66684193481894,0,3,0
86859.95079220149,9,31.809370802152998,0,0,0
48794.376705126415,17,25.853462646742702,0,2,0
89465.76746671973,8,26.120370633983782,1,0,1
80005.54006913678,0,45.278838914334095,0,0,0
42578.829096476424,12,18.0,1,1,0
2344.683901179728,17,51.173586974450544,0,3,0
26940.868202556114,14,31.57005774397768,1,4,0
54209.258044620605,1,27.2749139360784,0,0,0
63384.47416063211,10,42.39759290697269,1,4,1
25862.979774776908,13,49.85216584147118,0,2,0
14021.67179987513,21,46.17632441603958,0,0,0
83509.53065624998,14,40.018520493598906,0,1,0
98441.77785228485,13,45.86863489721836,0,1,0
52616.449212038315,15,18.0,0,3,1
17250.76065624552,22,29.78169458511852,0,1,0
27303.501919284958,14,25.888299399751553,0,1,0
1937.2285870919266,18,47.246387312151754,0,1,0
91438.45077539385,8,31.165219810761133,0,1,0
11863.3331807251,4,43.45406556782056,0,1,0
57693.99590387393,4,40.35856942488638,0,2,0
27478.11654665188,10,26.37693063836319,0,2,0
55462.382451327765,19,29.130417900237155,0,0,0
65176.89679635123,23,47.938176908147256,0,3,0
82991.20619034945,3,27.245173513155866,0,3,1
20721.48504888426,19,36.24867610195479,0,1,0
1198.4832829821996,17,27.17458713673555,0,0,0
13774.874443873847,2,31.860478130841393,0,1,0
90011.8623206257,3,34.53838056030028,0,2,0
87401.61874849527,13,27.171334897025087,0,2,0
59781.5689068138,6,25.395530460161183,0,3,0
60091.63435732197,7,37.862733367774425,0,3,0
66537.16378717092,23,26.55262591208824,0,2,0
17619.590734482616,15,26.893424443013274,1,2,1
91449.75339790348,19,25.609468562980293,0,2,0
41935.175436718106,14,34.220919536686814,0,1,0
38375.5389721248,6,44.43701634399841,0,0,0
51939.87875775547,16,50.06528636312267,0,2,0
4791.900080827999,21,27.740819140062214,0,1,0
16711.70853873233,21,56.50310793331211,0,1,0
73829.5582809944,21,24.952951392932043,0,0,1
8371.586925720134,11,45.835485233278696,0,0,0
60354.89573569218,17,27.783035459845575,0,3,0
24610.376057163965,23,26.290767301299894,0,1,0
38990.63184279346,13,27.552438432156112,0,0,0
28940.504303392918,14,34.47552300350881,1,4,0
35631.70437484842,14,40.7997217103361,0,1,0
71932.68592790613,4,41.69868037904822,1,1,0
29782.459390755186,15,25.560149846521117,1,2,1
56683.82356566003,4,25.103407124887312,1,0,0
47657.43517969006,1,25.833613066364528,1,3,1
66400.74941972856,19,33.88645597614489,1,3,1
93689.29095854332,8,32.898443958091256,0,1,0
73283.952511304,21,25.49824537930205,0,1,1
21572.5438212166,8,37.69603694063244,0,1,0
3215.1951926223387,3,57.62568808335318,0,1,0
26300.178025552526,14,29.952845381648487,0,2,0
59548.28527695546,10,30.664881787964667,0,0,0
5237.43876707661,0,40.596615703243685,0,2,0
49686.98809540351,17,29.41183708263205,1,1,1
59724.600606797234,0,41.68964481718182,0,1,0
33490.96469261438,7,27.814572932209597,0,0,0
77114.1291542076,15,53.32119607577302,0,1,0
10749.165488063803,21,38.44774972592295,0,0,0
7606.2643954072955,17,28.799770509232886,1,2,0
72846.05674473998,21,29.11308300530726,0,4,1
49599.58248899923,8,29.86200247291965,0,1,0
68871.39940313082,11,48.72749666248873,0,2,0
43539.251126514246,18,22.312489923987165,0,1,0
24715.563120586772,17,28.32058329540495,0,1,0
81928.32153565255,4,29.38339443074574,0,1,0
79961.64630900102,1,34.84312033243062,0,0,0
69500.17743835723,6,32.288903073532055,0,2,1
27287.299209273275,9,20.08772168609537,1,1,1
59064.043620221804,14,31.001773164045325,0,0,0
36161.29230430868,6,34.00449316815032,0,2,0
9249.049125330752,4,28.719021649202165,0,2,0
91739.62618867806,14,41.86775489047665,0,1,1
13768.181228804244,19,44.19408428753647,1,1,1
95028.71164669817,19,34.21613300270607,0,2,1
44655.976718499776,14,37.305415868507296,1,2,0
18594.7795909781,9,18.0,0,1,0
54235.90464309798,23,30.78897227838168,0,0,0
87307.2890040532,13,45.048216917579126,0,2,0
73249.26615231516,9,30.765634168207225,0,1,0
80675.45867135882,16,27.62738323608039,0,3,0
65912.45833440067,20,57.77688926030931,0,0,0
69258.42879533346,13,53.19077190195805,0,0,0
84934.6455913754,1,39.67574912482157,0,0,1
25041.834085032675,15,46.38910611480048,0,5,0
48993.55386794973,12,18.0,0,0,0
22198.823237778262,8,27.124485593712933,0,2,0
98768.03399886504,6,30.300421268268487,0,1,0
94411.52803469266,15,32.64019901133054,0,2,0
4038.7384557137393,9,30.100559790260377,0,1,0
70586.95973431728,23,18.0,0,2,0
92532.30690982501,21,38.8602461870856,0,1,0
18139.47697822062,8,40.43654128280607,0,3,0
56837.728532207686,21,51.018987915899814,1,2,1
91557.28092904537,22,27.116907352250365,1,0,1
3491.203260721304,6,26.29836842220098,1,4,1
69772.2846979593,15,18.0,0,1,0
29805.165836517823,8,32.06433163409114,0,7,0
92447.17991811539,23,44.01111781062171,0,0,0
97108.71869202024,16,28.882321378072806,0,3,0
94432.22226243204,19,56.43444818543648,0,2,0
47474.00024408063,6,32.43405164210476,0,5,0
86218.06083383241,10,36.46992284288556,0,0,1
84470.48491365353,7,21.36896919418406,0,3,1
31978.13727700124,6,37.872203451752796,0,1,0
82908.65586765266,18,18.0,0,1,0
3797.062708077713,19,41.93697955013145,0,0,0
59667.3608603571,11,42.24428176235412,1,1,1
23077.882845041535,6,48.5929142433651,0,2,0
12144.631889150152,7,24.800312812323114,0,0,0
7787.624842757995,6,36.60562118297419,0,1,0
69659.24871022617,5,40.63816559386504,0,2,0
34053.50888042981,8,39.4228163833031,0,1,0
72504.20047572326,12,26.347007248651487,0,1,0
6629.098445814343,6,18.0,0,1,0
31597.504749277974,7,38.46960296884481,0,2,0
53995.18010829619,21,33.4750032169008,0,0,0
79093.24416741246,16,29.333294070385598,0,4,0
31943.375042913784,16,42.63945363715466,0,0,0
62626.54850605721,15,34.55080461845567,1,2,0
88609.1770487951,21,21.808049472322004,0,3,0
61624.732499412225,1,18.0,1,2,1
23372.651527888014,7,23.710367348668345,0,2,0
2537.638077498148,16,58.93012294766787,0,2,0
87022.87750270289,12,42.22776773932773,0,1,0
2224.8141439536753,17,36.88612341975012,1,1,0
87482.69710115153,23,33.18339072814195,0,2,0
52940.81968931848,21,32.52607060052564,1,0,1
93912.86308143832,9,46.67195983359095,0,1,0
79898.44525378918,1,30.094042580965684,0,2,1
99793.61764228041,1,40.76920410684293,0,0,0
35136.11036362584,13,31.51572049708406,0,0,0
76742.11006421958,15,54.401566318350625,0,0,0
40252.898269563295,6,42.422885075783036,0,2,0
48039.57446836049,20,47.45556814683626,0,0,0
62787.79577551517,20,29.155902253117613,0,1,0
87380.34370721524,23,45.58136112567422,0,1,0
98409.93857300958,11,31.874225746053092,0,0,1
76850.51404506537,22,36.10034823932849,0,2,0
41834.90153851664,13,51.350476706194584,0,1,0
42193.56452747931,3,24.57224943243581,0,2,0
73784.47192873026,3,37.032477313054,1,1,1
23953.836862253404,17,39.38005258518727,0,4,0
11136.363901826326,2,40.2000438080081,1,3,0
35526.75354831357,0,30.492155069065348,0,3,0
28795.175266242764,16,55.862641008080814,0,4,0
29701.18123355341,6,22.050681146597398,0,0,0
23437.414329886004,15,49.58885388632469,0,1,0
4305.109644672552,4,47.150656055916386,0,2,1
1885.6060798680396,18,54.008887896036846,0,4,0
98773.46673462955,6,19.1177290129218,0,1,1
42834.536060212646,13,26.311685121102897,0,0,0
38494.2320512522,1,49.919430591616404,0,0,0
67996.76354103768,2,18.0,0,1,1
21903.56339771991,16,18.935410989595862,0,1,0
95001.12227662752,15,30.116922132885083,1,2,0
78655.86694011364,7,36.91993788622268,0,2,1
9032.159130994725,17,50.92225073648775,0,2,0
41816.319500914346,14,33.147340850696416,0,0,0
87923.91892546025,6,28.91760851935461,0,1,1
94478.72902691188,8,38.11389937696427,0,1,0
46793.41097386199,5,39.69596483294401,0,3,0
61379.7977821497,17,39.41239822170271,0,3,0
16786.691214598315,17,33.22013792048655,0,3,0
99117.74575108396,23,18.0,0,2,1
23244.002968205994,13,25.82384010893668,0,2,0
94278.90423609906,13,49.20271085267462,0,1,0
64999.70023433761,13,36.870689379766,0,2,0
60812.90580839803,3,31.774778808929433,0,1,0
51317.58225054921,3,46.18168548373975,0,2,1
23143.914190604093,14,23.698833676310514,0,0,0
17735.150397350277,14,32.746518662869924,0,1,0
22126.572286110517,17,36.37758405174037,1,2,0
18725.182388211026,13,30.58622496705371,0,1,0
77980.48890931865,0,36.007628229015985,0,0,0
35077.513390756336,9,33.12306068578235,0,1,0
5878.483388683297,19,21.00656952214125,0,1,0
96913.35275106705,9,36.81477881879056,0,2,0
88390.20990784622,9,21.716482084871323,0,1,0
92782.45309120178,23,36.65615125096722,0,0,0
99491.29148237889,1,48.74135824150109,0,1,0
17472.13539702678,7,32.18976802723945,0,3,0
39684.57768837561,0,23.285168700290136,1,0,0
75848.02372283873,0,33.730121867950196,1,6,1
69632.45974357384,3,26.680288919214686,0,2,0
15474.20104335152,6,40.945090026314695,0,1,0
81601.72918656272,8,33.52011252477146,0,0,0
22521.6131264824,15,52.09763251664573,0,0,0
22459.379720780045,4,46.62989595677338,0,3,0
53743.74484705202,1,33.46919495518597,1,1,1
59334.699490686144,22,42.15609067973091,0,2,0
58050.612162997335,10,31.067635908371546,1,2,1
9239.535056035711,17,35.339568851651684,0,2,0
87758.340176775,18,31.385658036496878,0,0,0
26633.444254611735,12,42.664559598497085,0,1,0
13038.540636152136,23,49.32988276709578,0,1,0
88885.93317891083,10,42.98648207191143,0,0,0
95569.58467315236,19,44.219366012853556,0,0,0
86226.54896481852,18,44.23033437235729,0,2,0
80970.65586501532,16,40.5125592233471,1,4,1
65558.67386583827,4,23.60713840789732,1,6,1
55130.65132385302,12,52.009715194165,0,1,0
8789.977315149872,19,53.04410826698425,0,4,0
40904.4759857628,0,32.66120396686632,0,1,0
37331.58284953017,9,31.293020847838182,1,0,0
26049.402997656587,7,41.12411652915375,0,2,1
72369.66935748963,23,40.50812835183505,0,1,0
49637.9859343692,7,32.980539312469816,0,2,0
8196.516969174028,18,22.499743444123958,0,1,0
22096.301874786153,5,38.057011907497774,0,1,0
68357.55048959363,11,40.514365381755454,0,1,0
7705.472863080989,6,42.25821148038797,0,2,0
85135.570713472,15,38.492927723542074,0,0,0
49565.13804869603,8,32.28884851638091,1,2,0
48110.599074932135,20,44.94002039506278,0,2,0
59281.537687485805,21,35.658484975659185,0,0,0
82485.6284959224,9,30.350769856352795,0,2,0
34846.139869429084,9,33.19346617954279,0,1,0
67833.81364065045,9,18.0,0,1,0
56616.62320317953,19,33.177581758214615,0,3,1
26776.12418992519,15,41.884365198746686,1,2,0
87875.13563688028,0,38.397830221392304,0,1,0
79762.85955853212,16,50.206641729811864,0,1,1
65879.3382823767,20,32.370250859842955,0,2,0
85073.11473651476,13,39.87313163053316,0,0,0
86742.69067588425,18,42.927401763057716,0,3,0
70865.46137383197,20,58.42857008287408,1,1,1
83717.63150353084,20,36.44765491117641,0,2,0
69777.39902076144,16,24.558128211359765,0,1,0
68046.063098854,13,43.47928753355282,0,0,1
61899.27668369691,7,53.65727355968457,0,2,0
75296.39229180836,20,31.774512897733786,0,2,0
15944.650018778062,20,43.41081538606416,0,1,0
88098.98884397295,8,47.287280552289204,0,0,0
87197.16842174868,7,45.170655439701534,1,1,1
3021.8035751524585,12,36.25558522473578,1,0,0
82599.09338141979,16,28.015262417868538,0,2,0
12974.099760597175,18,34.187204519864146,0,3,0
33578.373540488275,6,39.58600453877631,0,0,0
74376.47480353162,16,44.08222524091729,0,1,0
16159.913615225989,0,38.33945047999039,0,0,0
81814.90570949431,4,31.20092033459423,0,1,0
83230.20437797841,5,40.553796561497684,0,4,0
50796.026602707534,1,43.600850677428205,0,2,0
737.9485845116747,15,38.79610056414481,0,5,0
28775.109504173786,21,26.638128854616753,1,0,0
61730.99914573665,4,33.1859396528281,0,0,0
98120.4991849396,4,44.47820776412467,0,0,0
63218.171348965174,11,21.169821912555264,0,2,0
26054.377748309562,2,18.0,0,1,0
63437.16973965117,15,50.08082850144021,0,3,0
54044.539433613965,5,40.1141525502188,0,2,1
78006.55497559924,14,41.067300025201064,0,1,0
10787.365818813145,14,24.23183026372944,1,1,0
76126.68745995259,15,42.37528063466538,0,2,0
54172.531209743414,19,37.752486875683644,0,1,1
96302.90118551356,12,19.15672422151603,0,2,0
34253.02938726474,11,49.24283414273857,0,1,0
63298.92712408142,9,36.58683323618729,1,2,0
93209.60774045075,13,31.039160339207314,0,1,0
10340.721826268858,1,31.220102540147824,0,3,0
93729.12587492146,2,18.0,0,2,1
68819.78365785125,8,40.93336599631363,0,2,1
6876.922204606673,10,37.618572072457255,0,4,0
30166.260337986943,10,33.05919867666905,0,1,0
70846.39165566362,21,47.78485207451672,0,4,0
6828.325086730292,9,21.16140981004154,0,0,0
58258.8289716097,13,29.032275236323848,0,3,0
34653.71738960038,8,26.49991745239614,0,0,0
62129.460224970964,19,32.21205020228447,1,3,1
4669.629177870033,20,35.67470025257223,0,4,0
87166.5269346224,9,39.30013523811355,0,0,0
97351.54802082195,21,31.530265468948826,0,3,0
96890.89774304058,8,26.226442648451062,0,2,0
74990.21799111817,4,51.860069497704444,0,0,0
13095.615389050134,7,59.11640191788569,0,3,0
75850.49327330936,10,36.43286671882025,1,2,1
2556.232954234271,0,27.432196329791328,0,0,0
2310.1427977468256,20,49.754541310422944,0,3,0
32428.66089303917,9,20.53242893671535,0,1,0
48915.45472142611,0,31.652266752951725,0,2,0
77063.70103899854,21,28.038829486536983,0,2,0
68361.20812298986,6,23.404644495495113,1,1,1
44645.68036703716,13,32.199757670782304,0,2,0
27435.303961538422,4,26.35827920826035,0,2,0
99712.73756575535,16,35.12654464148655,0,3,0
42675.5120933737,21,35.27177167672464,0,0,0
45193.56373053458,20,28.786682764780206,0,1,0
16446.01973704775,5,31.294866434061305,0,1,0
79501.47392011795,15,32.6915103209629,0,2,0
69398.85435557071,10,43.09846061119427,0,1,0
22154.884317597163,9,33.515705989358146,0,1,0
8329.866457022685,14,43.24701740786097,0,4,0
68081.88027726384,6,40.858129835546556,0,2,0
65485.67030668541,22,40.71530696900742,0,1,0
27398.62674712111,1,48.87845970345973,0,2,1
95091.269868816,11,23.8060912025409,0,4,0
15190.683388911933,18,30.268168936928863,0,2,0
43290.24662415593,11,52.63298800299569,0,0,0
94367.23042474313,15,32.426834994107324,0,0,0
42030.75896091962,5,18.0,1,1,0
63888.742171642145,2,32.97031656852115,0,1,0
39819.68035648315,1,36.3493953016325,0,1,0
27494.098714632135,19,18.0,1,4,0
98399.36703118683,4,48.33935639887948,0,2,0
40992.4672308728,10,27.86287536134398,0,0,0
89420.51044754553,2,38.28563115187516,0,1,0
23072.46512851951,2,32.74018454655938,0,3,0
21389.15993210582,21,22.116485807959585,0,1,0
3210.294880162685,4,24.2949186536458,0,1,0
65201.515855050915,21,25.649171635724528,0,1,0
36915.78173800374,22,45.85671909183638,0,1,0
86449.38915897974,10,33.52461811899848,0,2,1
47373.66967848656,2,29.781344834482532,0,1,0
96822.5234486807,12,25.653910874097686,0,2,0
18633.999018741804,20,46.96150221526126,0,0,0
86875.45447876552,7,49.64201272523587,0,0,0
77682.025593895,19,46.84743898706681,1,3,0
77115.0922799408,9,39.924373391541664,0,2,0
84493.84448887708,1,37.898300418707116,0,0,0
76126.29669520559,3,22.840621820240983,0,1,0
62659.410130978395,17,32.54180873288942,0,2,0
13211.36328047052,18,28.161397966535635,0,0,0
3349.3653311760663,3,18.0,0,2,1
92092.69999678712,19,45.57043419165366,0,2,0
61703.36642062173,8,28.041700536077247,0,2,0
79674.07536852002,15,46.95941907435307,0,3,1
48204.082916103755,5,43.81746400760012,0,1,0
11819.088077343209,3,40.56717976633419,0,2,0
12606.060641034788,8,41.12884071763184,0,0,0
68587.97219417425,12,28.846861179262923,0,1,0
43087.55890045632,8,53.57850151290665,0,3,0
20132.420197363637,5,35.431254309530495,0,2,0
49210.295219469546,20,38.01931685118704,0,1,0
6514.472813805895,18,28.50923666433361,1,0,0
58238.94305124844,13,25.6883473922304,0,1,0
26972.441103066256,20,39.77296008809423,0,0,0
79776.1541536551,14,37.175134959387854,0,0,1
31105.15969646502,2,27.106476340974226,0,0,0
45576.49289327194,4,20.61573281224596,0,0,0
1260.8919368192535,20,22.30076912672453,1,1,0
7337.444090676432,17,46.96133717091107,0,1,0
39310.10628502781,13,28.867461853499286,1,1,0
48045.889588240636,15,31.610914543241662,0,1,0
60042.05275711844,13,49.50340258759062,0,1,0
29237.091613059394,8,23.778494385135854,0,1,0
69528.6904240416,14,27.73005174282943,0,1,0
86026.22747920154,6,27.312331714393068,1,4,1
78007.11379044564,13,51.1806848116604,0,2,1
4057.920652300879,5,54.933835005824136,1,2,0
48102.64403105711,20,42.51563225402171,0,3,0
10582.52482397567,14,42.8338472415424,1,1,1
24280.297084666494,19,29.19644997147269,0,2,0
98667.59306738793,7,54.47328486904283,0,1,0
14335.304735861171,1,37.67696254358662,0,1,0
49938.92652979047,7,43.531102644497395,0,3,0
61853.7578583801,0,33.944750612290456,0,4,1
70276.25055735599,16,32.319674126723896,0,1,0
56008.90348034272,18,51.63042259596118,0,1,0
1076.1076571764474,4,40.39723679738307,0,2,0
32713.48469357479,21,49.51375461070381,0,2,0
51819.393174132674,19,37.553281717450446,0,1,0
8877.863264568852,15,26.51633463576909,0,0,0
35127.63042779716,6,29.16657067121512,0,0,0
3416.99056825752,6,36.0296524246461,0,2,0
7949.991865786572,17,28.73499783956673,0,1,0
39752.635292539446,17,23.925385913723094,1,2,0
13358.30382890173,1,47.014170317870246,0,1,0
56797.33074132966,14,29.551299291764877,0,5,1
68977.55041681285,13,36.3819274779132,0,1,0
80078.61124099737,17,37.96133589885605,0,3,0
20095.00940005653,8,29.118468746794314,0,1,0
16831.509967681068,13,49.507994663087395,0,2,0
10546.327249406586,4,23.828582387953873,0,1,0
63679.381929409305,10,37.61625263580771,0,5,1
70676.92507604143,7,37.46117706376584,0,2,0
3255.4558680816394,4,34.45745397135852,0,2,0
93627.6033997446,10,22.030873867280174,0,4,0
5291.931236782094,4,43.70817551863464,0,1,0
54175.50389657694,16,42.435106703345966,0,3,0
70935.14589314655,21,28.244314714087835,0,4,1
87109.81546223395,3,42.074872072053616,1,1,1
71437.28452002954,14,38.74907686300776,0,0,0
80192.6354986722,18,22.193878546388916,1,0,1
34011.074235026324,21,26.460710854286425,1,1,0
81501.02886327657,1,46.38281444889579,0,3,1
8103.473153829047,23,38.0941618514205,0,3,0
89492.1839404467,16,29.356970541893737,0,1,0
54804.47837775825,11,26.415241088273582,0,7,0
81748.04721925312,23,29.846062018845792,0,2,1
45286.59662337819,16,30.555204701222955,0,1,0
64393.411750132844,9,26.54036967370748,0,2,0
52687.62582751771,17,18.0,0,2,1
73185.79322335766,18,46.40013286400786,0,3,0
8254.835204855899,17,44.70633672611443,0,3,0
6129.173190657323,12,22.267445481931404,0,2,0
24785.61307761363,13,36.36311295563668,0,0,0
16038.513543307516,23,25.977617972852336,0,2,0
87191.17830256095,15,32.384327767734646,0,1,0
21999.477337068627,17,31.552334201263434,0,5,0
97588.93905633122,17,30.721657842821273,0,1,0
33755.88959793357,15,55.02947084076286,1,3,0
18293.57977730106,16,30.596743153238094,0,3,0
78990.88086353366,6,26.91736174933075,0,3,0
65904.90677253752,11,27.37418570502952,0,0,0
49869.752073668584,1,45.43776956401755,0,2,0
55580.81873866936,9,18.478976683070652,0,2,0
71948.25764939915,4,27.373770835644798,0,2,1
22922.628658996742,20,49.46822840111534,0,2,0
99633.75821406851,2,37.43986187997647,0,4,1
97481.83689846363,18,36.91922005036113,1,3,0
65067.536066058994,12,56.321464601437015,0,1,0
20034.290847821598,11,37.463479529484985,0,2,0
68054.801418886,2,27.918138386404173,0,0,0
7312.621057019666,5,32.179229431236514,1,0,0
3162.184970360026,13,23.645676909694313,0,2,0
25842.520562270245,3,47.559370400156965,0,0,0
46316.0333782577,12,40.74561717536715,0,2,0
86840.42329029721,18,46.24414149970889,0,2,0
72744.19006965417,17,47.1298392854937,0,1,0
74296.3814678781,2,30.857892190724673,0,1,1
42606.78411136273,19,25.5524714799111,0,1,0
34658.90575544159,5,34.48286888691954,1,0,0
37166.77242216181,15,26.272389292114617,0,2,0
98766.19141723217,19,36.64956875409025,0,0,0
4106.908222107,23,46.32096880834689,0,4,0
86716.44646263261,2,33.31860353950833,0,1,1
57909.673316382105,11,36.49995089907739,0,0,0
43917.68037704009,18,34.06154383776634,1,1,0
72553.24027547214,18,43.02727572437698,0,0,0
48718.227248327814,23,28.3221760571171,0,1,0
87354.9814843579,3,18.0,0,0,0
90080.11621472472,0,39.708688593753806,0,1,0
42229.92059465819,1,44.878344213079934,0,1,0
27755.096943781653,12,39.46374244758536,0,0,0
59275.79782647689,12,28.59769504531986,1,2,1
91245.09822710743,1,23.64987901813931,1,2,1
21145.15268166609,18,39.94497531780321,0,2,0
62334.36169799193,21,36.414789529346734,0,3,0
63192.8659872428,23,33.7420737234167,0,0,0
73337.99093928657,15,53.22463342993791,1,1,1
13243.611744213254,11,25.531999058186685,0,2,0
71610.91397174065,0,52.75037021127466,0,0,0
90912.34881449754,8,35.3178390487064,0,3,0
18050.342576137173,16,18.0,0,1,0
23830.578159895376,9,33.20797345680859,0,0,0
97142.3698947598,17,44.59496076599441,0,0,0
18179.597575678028,18,31.349449671950293,0,2,0
85453.07082762095,6,20.252214587616052,0,1,0
49278.557859158675,18,33.3548546820383,0,0,0
24798.384332877387,23,26.428276261082942,0,2,0
87087.91513712388,14,39.91814401087963,0,2,0
44585.99497476628,8,42.733998160676116,0,1,0
51530.25365757605,9,24.43729592251894,0,1,0
35987.41360303659,22,27.941959448843505,0,1,0
59335.79005834925,19,42.566424651069376,0,0,1
16436.034871243774,19,26.411557217010408,0,2,0
39169.04551151089,3,24.17841864172005,0,4,0
96944.29100129522,5,23.21308868203745,0,3,0
25887.529926842642,3,38.520386129581205,0,0,0
65707.99278767509,4,38.091577195174644,1,1,1
32586.487416047017,8,28.159539696209585,0,2,0
77369.96525609141,11,35.05085396128234,1,2,1
13174.278705763149,22,50.27132384155131,0,2,0
96985.12240334661,7,25.259398430817782,0,2,0
45433.57518422556,20,18.0,1,2,0
23681.441288311747,4,39.5507557572037,0,2,0
7442.325058268265,10,33.89598836098411,0,1,0
17058.81471824532,22,27.899749131848985,0,2,0
52025.41746074616,10,41.52080237354908,0,3,0
33766.6173254855,12,43.3922514466879,0,2,0
82905.44825167269,13,18.0,0,1,0
43145.66361381442,7,28.474020906685116,0,0,0
24946.55583150423,17,58.17516231196855,0,4,0
61752.7841617426,18,40.83404915798191,0,1,1
70707.04396685604,11,41.7610363829715,0,1,0
16787.48659930489,11,46.72894278631478,1,1,0
16845.159707202936,17,35.17068825199726,0,3,0
3763.475550660943,9,42.9668416009162,0,2,0
73666.56130505749,6,42.180620438372024,0,2,0
66414.07230941833,17,40.39041496752759,0,2,0
47515.62448740641,11,31.779880293825954,0,3,0
84432.6278520228,13,36.720589223662586,1,1,1
80586.44827971031,14,29.11638435693222,0,0,0
58576.901003235536,15,35.12814304566495,0,1,0
86840.30092327454,1,23.31509107900733,1,3,1
20663.53688267315,17,27.093760087270475,1,1,0
11280.769977833015,11,32.17687958075071,0,3,0
27047.986190547264,15,25.56294568569924,0,2,0
5802.976923322553,12,29.949827292548235,0,3,0
53163.8358473031,19,33.36074023244484,0,4,1
93666.90866026665,16,39.02262344664378,0,0,0
4030.419712784114,17,44.49257301852909,0,1,0
12298.780409601677,2,30.36215628621892,0,1,0
45274.68292551518,22,48.35104617268624,0,2,0
93394.1142510377,9,44.38611078625493,0,1,1
31683.994887177374,0,40.04093831943942,1,1,0
50772.75738797041,5,36.53649129296619,0,4,0
4253.128619134171,2,38.19120841868541,0,0,0
14919.485776112677,18,46.87051150666382,0,4,0
98664.3492835888,3,47.23579659759274,0,1,1
96515.35777396095,19,48.34946728383643,1,1,1
593.5040953475207,22,35.41326831877003,0,0,0
95185.99736378157,2,40.54967164998613,0,1,0
63948.08178776849,7,48.435465066220516,1,3,0
86805.03762255021,7,28.76283965083607,1,0,0
45528.51157782252,6,31.815831462816963,0,2,0
51608.043255067096,1,35.16036663013478,0,0,0
48935.77336766633,20,43.995987379794066,0,1,0
66719.73932885582,5,44.151721507186224,0,4,1
14051.160350155658,15,32.691358888020645,1,2,0
3094.3616282805274,9,19.9139054562029,0,1,0
30862.201164959974,3,37.46183944295967,0,1,0
70497.608197391,12,25.816838626715988,0,2,1
20265.15986708254,9,20.100637953597776,0,0,0
67375.90008915924,20,22.361284392662835,0,1,0
96994.21340611632,13,38.263810078455606,0,3,0
9480.681507362897,8,48.61037360932807,0,1,0
67292.95161069011,10,35.38894516236244,1,2,1
44430.64690852666,22,37.11380654645965,0,1,0
86827.41121231279,17,46.82894938877925,0,1,0
17797.263965793853,10,19.555450909164456,0,1,0
69293.33262739383,16,40.201764216002715,0,0,0
83827.7174358462,1,34.884102156811785,0,2,0
94466.96052545492,2,40.66057458832067,0,1,1
68356.47802613562,10,30.16516091596184,0,2,0
49767.758924441885,17,26.820627095735176,0,0,0
61822.93929610126,2,36.405089042856055,0,0,1
86903.60794942395,14,51.49191323334462,0,1,0
57103.91368921909,10,43.609101045414626,0,1,0
3135.6672637140023,10,29.923072298199084,0,2,0
93101.77468114709,19,21.5902796401872,0,4,1
68983.72242805296,10,18.179327163022144,0,2,0
67683.68723914692,18,48.160994518504815,0,1,0
21645.947724531947,0,25.449177118641725,0,1,0
65922.65847624246,4,31.744865870050635,0,2,0
39447.05412485043,9,48.212111260775764,0,1,0
65158.17440644506,9,18.860985445210083,0,4,0
10748.643727768273,13,49.92264509475059,0,1,0
65818.7459298433,1,32.46359546107498,0,1,1
99941.43120448959,3,23.514166847612614,0,2,0
4916.3826821695475,1,32.526490728510865,0,0,0
97719.7010037096,17,27.774032185985224,0,0,0
40750.105276214774,12,39.40819798905716,0,2,0
87088.26968869219,18,28.518675661122224,0,1,0
78260.30985742153,4,18.0,1,2,1
56744.92447256811,19,32.794374655910104,0,1,0
73871.07600420751,1,21.43454947713461,0,0,0
87863.70457400466,10,37.043198839883196,0,1,0
40473.618132938194,17,23.128696677166758,0,2,0
32770.612840167545,5,30.119871968279142,0,2,0
66792.57921780211,22,36.82587804214336,0,2,0
80803.80959993173,9,32.87541274965731,0,1,0
76252.28496418391,21,37.504302830010445,0,1,0
79801.58352097758,22,41.80287165717757,0,0,0
43614.773149812005,16,23.42066300268694,1,0,0
81801.63819588466,21,34.35602459375292,0,0,1
12108.884631523782,10,18.0,1,2,0
54494.46088628887,18,37.47333301682524,0,2,0
675.2901837623449,16,31.991858696251576,0,2,0
32526.124407037,23,25.165502365220288,1,3,0
36709.50733365265,3,38.15719422296524,0,3,0
39677.65189176461,23,46.726975771850675,0,0,0
69577.17394831723,13,30.23982252401057,0,0,1
38916.95431690754,19,25.5518550975828,0,0,0
44924.492899990815,3,36.650252624387115,1,1,0
23830.658674345315,13,21.643933333536395,0,1,0
37387.85398377107,3,28.396186294644608,0,1,1
22804.235763588833,5,47.22402161650503,0,4,0
7412.272784467519,8,35.62179229812288,0,2,0
60384.514478799654,20,18.0,0,0,0
66854.45857564612,11,18.0,0,0,1
61987.08556636049,7,36.62085692646775,0,2,0
46403.05497567718,23,43.62390575917688,0,1,0
38040.59943990506,3,18.8237854137385,0,0,0
86347.03159222534,4,39.49712607496508,0,2,0
51956.27033510819,5,48.30343507489719,0,2,0
47970.26957521012,4,53.878589879586386,0,1,0
2661.6423740629252,18,38.31222759859876,1,1,0
34190.65797985302,7,40.068025945524745,0,4,0
38081.54231670712,8,18.0,0,0,0
39942.395811600356,14,55.99752547995989,0,1,0
58059.219685810494,3,29.245097869038787,0,0,0
53406.89441801516,8,25.665288415749586,0,0,0
60829.71877006512,6,32.44793865560376,0,1,1
76511.83782805862,7,50.11673414185431,0,1,1
81317.27529773774,14,57.08046047543548,0,2,0
71840.4953150268,18,36.25408679475844,1,3,1
95556.81722589798,14,44.98084172603655,0,2,0
1921.4350093685268,4,35.43204048685504,1,1,0
19658.220769786254,18,24.62204526981816,0,2,0
855.5312103163978,6,49.76743670788291,0,0,0
64782.72394404484,5,28.77872519643611,0,4,0
89813.2518401037,18,50.355307733718824,0,0,1
24423.881427972297,16,47.98541329769084,0,1,0
92710.75102515104,9,41.14036263957208,1,1,0
6120.712289927129,18,53.28974756254353,0,1,0
93450.15907787088,10,57.32346033185738,0,0,1
35227.106455239475,14,33.247566370356886,0,4,0
10231.94076207673,9,26.912058815835685,0,2,0
48638.58874271393,10,18.0,0,1,0
25751.979115278744,22,57.44682255430256,0,0,0
28558.80290599609,2,30.603179910815506,0,5,1
30798.267496136028,2,46.3503685710174,0,1,0
80322.28719348308,17,27.58744632490517,1,4,1
53962.211539857926,10,50.38265640912035,0,0,0
31199.639145684763,19,27.998824081845868,0,1,0
61072.344952760744,21,23.08280866382657,0,2,0
71643.45235489703,17,32.9149356904625,0,0,0
27335.137673280024,14,29.682242990383628,0,3,0
41413.555242382616,6,40.96299785461213,0,1,0
12276.42072436106,9,34.486050728074765,1,3,0
18196.820018514565,20,41.27702394551922,0,0,0
68143.67361110178,22,32.08978526914706,0,2,0
18225.690934793132,19,28.34892628981195,1,1,0
52563.82202833931,9,29.164394521039263,0,1,0
70933.72154607103,12,55.44938798031026,0,1,0
10777.00461716491,14,37.251709322269356,0,3,0
56774.49074092747,22,18.0,0,4,1
25730.62209176624,17,29.79790986545919,0,2,0
96296.39483623422,22,35.96866032475876,0,2,0
48406.21010732048,3,53.45399681250379,0,0,0
80618.6557225383,19,45.286987158898995,0,3,0
55067.63156141055,16,25.78282163518085,0,0,0
4436.912032196435,2,59.18355753572451,0,3,0
63351.82242184283,20,34.688396351985226,0,2,0
95145.19388644503,20,47.46329811074945,0,1,0
60201.02083261849,1,23.449915026000973,1,2,1
81936.96705673634,3,18.0,0,3,1
88432.22568850593,0,20.91568509631639,0,0,1
22885.169217698352,14,18.0,1,4,1
21283.27950683184,0,56.12089327252909,0,0,0
61137.00078621407,5,37.14532918886416,1,1,0
41161.7441336898,6,25.753559815519687,0,2,0
84002.14415638536,18,39.52624029980121,0,4,1
90012.31002746131,11,36.893340361801656,0,0,0
35406.79579234154,0,41.209333956139915,0,1,0
23763.368841550757,6,47.09531401136269,1,1,0
78074.4989728618,18,32.100788469749844,0,1,0
27553.122951258796,12,26.201606938990132,0,3,0
82279.17041951646,11,43.27775214371918,0,3,0
42431.45153951141,11,43.02332777884466,0,0,0
66788.2349392179,21,36.00735808121345,0,3,0
9643.977852083352,12,56.77554188680773,0,1,0
62423.54653518964,13,30.62177877138348,1,1,1
45231.59110584919,21,26.001420283647317,0,0,0
58702.18547122987,11,39.180914275066016,0,2,0
16884.619353711856,19,28.250621430865017,0,2,0
73713.6871199238,11,39.95516524144896,0,4,1
86293.42804656853,5,26.669917441605598,0,1,0
21752.306029068488,9,30.997577170681144,0,1,0
9661.884096464157,19,53.90840420039166,0,1,0
2461.494746029006,23,30.944126432523213,1,0,0
64232.95289428227,8,27.01148455982704,0,2,0
60748.694205269196,1,46.706787887065005,0,0,0
54715.071530135596,6,24.489580497133062,0,3,0
23271.514901985945,8,28.07056769852932,0,3,0
39151.508990960916,11,40.76561120508995,0,2,0
59488.18588509869,4,44.38411423873292,0,1,0
49727.00920003102,0,47.20476391081075,0,1,0
98779.77346946724,21,27.527781677795154,0,0,0
13730.33128041764,14,40.9600867298612,0,2,0
69544.94094935463,7,30.338918004558202,0,0,0
40491.44493361878,0,28.943443664893678,0,2,0
42877.14153106891,17,47.03212782292285,0,4,0
71788.01678925181,12,29.50445604140414,0,1,0
69274.37151730452,0,37.7820459602098,0,1,0
99126.4737708486,4,36.555794692306385,0,4,0
12926.589516467111,17,24.292456236614974,0,3,0
10500.553973478218,15,44.66092855356321,0,2,0
72461.44783116125,9,40.602808936789536,0,0,1
57880.85300894027,3,18.0,0,3,0
27488.650589324607,0,37.77421111237343,0,0,0
8033.9949619997615,22,27.27026565833379,0,0,0
8657.25913468341,7,45.97075306412628,0,2,0
89429.66837894541,4,20.546001632192418,0,2,0
19267.545739402416,1,31.435230313704558,0,0,0
32404.819055340526,23,38.620245509884654,0,0,0
22742.974582476105,16,35.543402941418755,1,1,0
35564.13095261054,6,42.629582567139714,0,1,0
7035.441890334728,16,19.81578013990711,0,0,0
51954.07311173621,5,51.51914336867378,1,1,0
6854.495102862269,21,40.25144658788271,0,2,0
80055.61513145392,14,48.59718213000896,0,3,0
23447.83698285226,4,43.742401692332415,0,1,0
54047.190268990606,14,34.883898855449566,0,1,0
88019.90084738968,17,22.158017890888395,1,4,1
65122.6491678147,17,29.36446818751299,1,2,0
53342.482876478396,20,50.89563332862578,0,2,0
32500.941936226023,20,48.854377816563826,0,1,0
33366.89111451397,22,28.804000198963102,0,1,0
66981.74682429919,5,18.0,0,0,1
99414.52218599463,1,32.87310265694881,0,2,1
66217.73506595292,16,32.12297111870883,0,2,0
55822.56339526549,20,32.50227387959617,0,1,0
73091.98597290069,3,40.28539201831401,1,2,1
46574.04066714345,11,43.76212579321663,0,3,1
6108.220025818443,18,44.90299547099524,0,0,0
56273.45190620319,1,39.45709140135367,0,3,0
95766.76592208748,1,18.0,1,1,1
17612.763941530196,13,31.588002673067045,0,1,0
69031.4885929845,14,58.0408978354919,0,4,0
20173.275497039744,19,38.742167348024786,0,0,0
53629.18567886082,1,38.67819568443865,1,2,1
9757.97731970729,3,38.59485939773858,1,0,0
45092.0565321927,18,39.1537962250599,0,1,0
75640.71655663509,8,18.0,0,0,0
34822.395271474306,6,32.604756830889315,0,0,0
66524.68127627308,12,34.621071682053106,0,0,0
79565.45108289394,11,47.81495399253412,1,1,1
92725.06416599732,2,35.47672894622296,0,0,0
23540.74397735981,12,18.53488613398059,0,1,0
39991.659989349886,14,39.30089156171752,0,1,0
15326.359731708702,13,26.961753517572546,0,1,0
99249.10186562169,23,22.832143589185822,0,1,0
92707.3966956371,8,26.65840953283419,0,1,0
54041.717315027905,12,40.42504229664515,0,2,0
84219.12610820448,22,47.58761239760069,0,2,0
52143.701929477014,21,39.82929945177587,0,1,0
62396.21023147569,3,41.32023223617021,1,4,1
9003.53076839006,20,39.73045272838001,0,2,0
75551.51500763111,7,36.01327176860468,0,0,0
12858.577015159959,2,41.96930634962757,0,3,1
82624.15626222758,1,18.0,0,1,1
78224.60595827155,18,36.11088351304833,0,2,0
70903.59530452335,22,24.550749653777483,0,2,0
3712.422014423735,7,46.629025725441394,1,1,0
30382.52275893833,16,33.5284469478314,0,4,0
26384.945734093202,12,35.3094808826783,0,3,0
36077.627106404754,6,19.949281257461966,0,5,0
8855.51040170747,8,45.168308890128515,0,1,0
93702.08652080318,11,41.27328120273809,0,2,0
55424.84384716639,13,40.569478823405035,1,1,0
30621.878634736553,13,26.869771478311776,0,1,0
39758.45355572092,14,27.2636015506187,0,1,0
44775.53379643308,2,37.235994544459054,0,1,0
60099.37390272567,14,28.05501589751949,0,3,0
51616.37482688013,18,39.34892962677338,1,2,1
91947.25812412029,23,18.0,0,0,1
49746.65194229244,19,30.124554435934073,0,2,0
99216.58568084893,13,52.96753465426491,0,3,0
85157.35327873507,7,39.394858279957646,0,0,0
20930.20038429785,4,36.66793664530993,0,0,0
93066.46194292723,18,54.852265356713566,0,0,0
11725.003148759062,3,18.0,0,1,0
81763.22587827004,13,26.846888852118923,0,1,0
38124.26701831035,15,30.988268282526107,0,2,1
87809.63461246244,19,43.5835123300539,0,1,0
86818.8633417343,23,43.756563632282365,0,3,0
80611.94747175035,5,26.339932910173737,0,2,0
79024.04058707543,22,44.979543221425494,0,1,0
30537.445995894275,5,30.966852326782924,0,2,0
8183.8363768200925,2,47.11639625649167,0,1,0
40357.719858639626,14,24.67357301877942,0,1,0
17435.099047152216,2,33.7668840093384,0,0,0
69525.61378135592,10,30.098326846234396,0,2,0
34675.362681124774,2,45.56030371565714,0,1,0
97563.4590659055,9,29.77218783433829,0,1,0
64133.11052679867,17,34.57551470988244,0,2,0
82265.80830707266,0,40.06811397663049,0,0,0
13339.214806910657,15,40.452584830261195,1,2,0
86215.24677903499,15,43.869526074731716,0,0,0
92283.4433322881,9,37.11124776844667,0,2,0
48757.485690011694,0,30.81751084720169,0,2,0
60664.668481322646,3,31.503012546412496,0,1,0
76504.49911020925,2,35.25672315207612,0,0,0
17566.378863315214,4,37.49592476074383,0,2,0
50306.351038697896,11,33.52828352151564,0,1,0
39926.43647445408,11,35.192034209655475,0,3,0
14722.761817008686,12,19.82746139427895,0,2,1
36816.68878692399,23,41.67355284454678,0,0,0
6910.413707610807,11,36.811122888894296,0,2,0
2678.60950425375,15,45.018704135410886,0,1,0
13603.112286566793,12,35.00160507407085,0,2,0
96315.19964775846,4,18.0,0,1,1
54998.0006359122,23,31.41553810693325,0,1,0
96585.63389920667,3,33.00070076881583,0,0,0
43306.53804518018,20,42.42903305433599,0,1,0
31250.43169521743,14,18.0,0,1,0
50663.57209774038,11,35.41179516948935,0,1,0
44007.21769442772,18,40.13675215793306,0,1,0
10655.901957748218,20,28.385121147184805,1,3,1
64118.5488375516,18,35.74628009816848,0,0,1
21682.214432709,20,28.729634908501556,0,1,0
61996.836694293175,10,27.704270667796095,0,2,0
65055.08913057552,20,30.91580149868683,0,2,0
15287.282827551946,5,27.89308007532989,0,4,0
6228.8277483557495,8,41.83618311936333,0,2,0
78098.08244823714,0,27.65048123164622,0,2,0
46034.062334555085,11,25.970899929520726,1,2,0
5910.563170997031,13,52.679286668395335,0,1,0
99487.14508525973,5,44.60740011824035,1,1,1
5872.278043537027,0,18.0,0,0,0
69534.01936296947,21,27.352317101474664,1,0,1
98369.52463381502,1,37.424629717227106,1,1,1
23994.09241117097,23,38.23755067231493,0,0,0
14310.711931850898,10,20.095071342631066,0,2,0
12226.355448300646,2,46.58565492822322,0,1,0
30397.187242002794,9,43.25224419181626,0,1,0
10194.476519963604,5,39.819016320403385,1,0,0
69246.91803524378,5,48.56728490712121,0,2,0
6322.950633193263,19,39.52289992570918,0,0,0
50991.27060216399,20,39.48580879251847,0,0,0
99670.01569991239,1,50.57679271822242,0,0,0
81415.62992365129,23,46.01219580727709,0,2,0
61560.42187927799,9,26.584925410884686,0,1,0
30694.736716582505,22,41.33195178671915,0,1,0
62427.194045534685,5,28.357321350414182,0,1,0
52751.442244774,22,40.04154550950278,1,1,1
42665.73005064811,16,39.766135070198146,0,1,0
13157.966636345927,13,21.16532687544014,0,0,0
88671.76110252262,4,33.78154388688965,0,2,0
45033.48641725012,22,37.65257023580402,0,2,0
19542.78893089443,16,30.63709809005843,0,3,0
36839.15915264123,1,38.1470994239076,0,3,0
41471.56227763981,8,43.058977770010685,0,2,0
82771.03576713074,11,34.69406935769244,0,3,1
73388.07661808406,18,37.24599476708259,0,1,0
76953.55887476985,21,48.83424078555975,0,0,0
1202.0233164218566,6,39.731965832252264,1,1,0
41673.784418158175,8,37.00824289674474,0,1,0
48186.28074836883,20,25.41920620358639,0,2,0
2017.3084546233629,15,41.71026011388849,0,1,0
26055.339553628917,19,38.30149949391939,1,0,0
76052.95332990128,10,47.83739433701408,1,2,1
13797.259602327005,11,35.46878543303311,1,1,0
53577.48213211391,14,18.0,0,0,0
21598.667014522027,17,18.0,0,1,0
1310.8653869249379,18,42.356807637597335,0,0,0
24196.025614194194,15,29.29806402301847,1,3,0
97589.78811551437,14,39.36767751110497,0,0,0
80173.55747711066,4,36.14232644502356,1,0,1
95961.70676767123,10,33.33160332306079,0,2,0
48836.61898824361,14,34.03638714411777,0,0,0
11062.6462478826,17,26.34610494954773,0,0,0
54841.15294847193,12,34.84222311100329,0,5,0
45492.29572254009,3,29.15506567205601,0,1,0
84451.27256568763,16,31.277434798742952,0,4,0
9898.449820346035,3,31.76350955290839,0,1,0
48875.28958847564,15,32.73306730101281,0,0,0
15089.861602929028,22,44.22173456507086,0,3,0
32535.12509631699,14,33.702091707953066,0,1,0
73761.97203104118,13,45.23702336590098,1,1,0
47654.21112393978,11,50.378549513264815,0,3,0
37651.239686062356,2,43.549446510561495,0,1,0
39508.18022914653,9,40.34468535068511,0,1,0
45998.73216375807,7,38.268322094835206,0,0,0
78523.15272932198,5,43.6535870905007,0,0,0
89219.26042512941,21,35.8936073859624,0,3,0
95537.93518174243,13,44.845698459571985,0,1,0
78711.64828690398,16,41.141058052896845,0,2,1
31609.14888522647,20,31.40159539219612,0,0,0
68844.65713804556,18,43.95850880102806,1,1,0
43816.55209313365,15,35.914800059775686,0,0,0
25541.59514240051,14,33.93867992387684,0,1,0
84103.07078464967,14,30.23800839601013,1,2,0
3938.792261336267,0,36.660188478745724,0,2,0
90186.0230143288,23,44.96462615412983,0,2,0
46201.59871601094,22,43.88940005593037,0,1,0
63756.427533147216,22,38.53393797458957,0,2,0
65969.4568283577,11,40.99643640725035,0,0,0
89522.26229658298,9,47.71696791522558,1,0,1
63703.30124850401,13,33.50033708829139,0,0,0
61431.96511753017,9,23.84579996469794,0,0,1
6758.538852012927,9,48.011298521785726,1,1,0
51888.96139232589,19,29.702217479692816,1,0,1
15101.883181622461,10,28.096618766560955,0,3,0
73769.63349527642,21,18.0,0,5,1
51270.96988918618,15,40.712830531642965,0,0,0
68054.7551429145,8,18.785473754477785,0,1,0
4263.122770178188,14,27.49741192308263,0,4,1
8570.722402975742,13,40.88236794515059,0,0,0
71660.70646746196,18,42.21921252408372,0,1,0
7301.225166267469,8,28.482958517817664,0,2,0
7218.547103749334,3,33.65846673007594,0,0,0
1309.6366759652562,20,26.27405473593847,0,0,0
95654.48969011806,6,29.516032121888173,0,1,0
73777.08510995479,21,37.66215260152907,1,0,0
35389.81570935621,7,29.983533212035425,0,2,0
29723.904570636758,23,32.55784959824331,0,2,0
35035.352651610374,7,20.35293318382433,1,1,0
77487.88776500006,18,46.32956164806137,0,3,0
66170.9240459344,14,40.10066593171066,0,2,0
18601.037229960046,15,42.92905371837202,0,3,0
17493.522599875025,21,47.90425324616862,0,2,0
9929.725406368392,22,26.747871244542836,0,1,0
66064.24169816368,8,31.416055169719762,1,0,1
76460.82895595142,11,18.0,0,0,0
26578.1381896679,15,66.40422910102237,0,1,0
2192.40160698819,3,33.50414684682624,0,1,0
8308.949580895092,4,45.38727899914912,0,1,0
96789.21748101854,7,22.618388556645414,0,0,0
29614.933269994282,0,44.96388425643009,0,0,0
76945.39246902955,5,53.57590876649665,0,1,0
62503.89052854095,14,34.397192509720185,0,1,0
38255.7700013243,3,24.891185034103987,0,0,0
20648.157493335955,20,33.61203599054464,1,1,0
12226.503174124702,10,18.0,0,4,0
61539.795507082774,4,34.62113298978158,0,2,1
77485.91468571502,17,43.20967139312996,0,1,0
64426.034928758956,23,34.64242355626486,0,0,0
53077.183111590915,14,32.15860445311033,0,2,1
4290.927220820463,17,40.27568116112033,0,1,0
96852.02888167894,19,41.04024846949552,1,0,0
79891.547746292,12,18.400944374948175,0,1,0
29352.921466426378,4,35.88822962278788,1,1,0
97999.03590294918,0,59.359851242292436,1,3,1
60227.97080466858,21,21.64983754351976,0,0,0
58284.02355490392,17,34.145811671669335,0,3,0
74832.51062501025,13,54.417461220517026,0,1,1
81195.80183020474,4,46.041751565436755,0,2,1
65682.21287241712,5,29.866033192239385,1,2,0
12896.765061983382,23,37.06135379622604,0,0,0
33892.92384885039,15,34.97888320015176,0,1,0
92815.55566857237,21,27.519281956783324,0,2,0
22539.099623200807,20,34.25747892506918,0,1,0
37279.48568136758,11,32.20033867193471,0,0,0
43264.48060612518,19,36.1274893807675,0,1,0
43996.55847047577,17,27.516168193089666,0,2,0
61332.6642912031,1,22.233817997553388,0,1,0
94313.27619069628,22,34.58719226607629,1,1,1
24145.201912067245,20,52.1511821817878,0,0,0
12237.987492461714,22,35.822029262627964,1,1,0
19827.301937007738,12,31.684062210684548,0,2,0
88703.79753090603,16,42.54085805038498,0,0,0
64616.50018425508,16,33.41680387404622,0,0,0
28662.088244992097,15,53.6803292495911,0,0,0
81613.09920296486,20,34.96087490704922,0,2,0
86150.86263670726,17,42.004970631581635,0,1,0
84666.78243515878,7,27.453956176067273,1,1,0
91900.7607105915,2,40.030892533366625,0,3,1
25298.877915318822,16,37.75093476943754,1,3,0
75528.6886817532,17,34.43493875340792,0,2,0
46107.89577768659,22,29.982422388302798,1,1,0
84215.65543371715,5,28.619698343476255,0,2,0
72876.21864844515,7,37.823526639796526,0,0,0
77667.0999053225,22,41.289391096964735,0,1,0
65650.56758433905,12,33.72837203705868,1,0,0
17825.134070023716,7,37.87267929120792,0,2,0
54548.18919780414,18,34.6208532186723,0,1,0
98468.50697849836,5,35.98526024905388,0,2,0
93745.06784306218,22,32.99555017322775,0,1,0
4413.056206121466,14,35.17972579368308,1,3,0
16565.00009137077,9,61.980404568174265,0,1,0
13259.704468110735,16,38.11634298807425,0,1,0
72625.39300753102,0,41.45296958431043,0,4,1
81796.75445270882,6,39.38023605328097,1,0,1
21429.785494436124,12,32.371831767029406,1,2,0
50634.68402588772,2,47.93989213291668,0,0,1
84086.23249831887,18,32.08836229573659,0,0,0
73306.87432214843,14,45.55054548942552,0,2,0
54269.496828635645,4,31.657930019335513,0,1,0
59075.73427683141,10,25.40027480855959,0,0,0
50885.21863693637,21,38.65396208236193,0,2,0
29825.090286750175,17,23.953316438978934,0,1,0
56545.697086615706,2,40.35640225016609,0,4,1
68919.64167480406,5,23.058413439086834,0,2,0
87344.95929449469,2,31.809919695271468,0,1,0
63665.506262526884,4,20.682703034752585,0,5,1
76136.04155061148,8,63.24167009402729,0,2,1
16091.156331961842,18,18.460404403836858,0,3,0
46209.59169453701,12,35.098137403964046,0,2,0
1032.2288207266201,5,46.433042743300135,1,1,0
24743.21856571014,10,45.36385908587025,0,2,0
72673.52533978918,20,43.51342122173137,0,1,0
99181.81413980141,20,31.827716117785243,0,3,1
10007.892148762869,13,48.51088946337002,0,1,0
40209.2821545427,5,44.133910908021825,0,2,0
80027.08977304603,5,37.122996176604765,0,1,0
20483.159899426995,16,37.40580757726592,0,1,0
55552.98643529839,10,31.960773523846274,0,2,1
73333.82247336452,14,25.903479741669614,1,2,0
61636.946480991886,8,47.37150975478716,0,0,0
18883.67098808007,20,48.12207993601532,0,2,0
35602.91841170537,16,26.158908589700786,0,3,0
78400.79927009119,23,33.46214834853808,0,1,0
55467.22876178846,6,33.56576783541071,0,3,0
622.4383929369824,6,34.6734409625969,0,0,0
76122.97692680657,20,35.64294878587582,0,1,1
3627.604358529883,0,44.4686146164618,0,0,0
74598.8048948501,7,27.527826915132565,0,0,0
20327.807960507216,4,26.5365300848734,0,0,0
95811.54066392608,18,47.36619742142975,0,2,0
36857.28105507824,7,30.373552581187017,0,2,0
32760.468472174103,16,22.369646464229337,0,3,0
14973.916228211223,18,30.1487005790013,0,1,0
30629.861127472468,11,31.699472647559993,0,3,0
87677.41110663724,22,50.54962727725765,1,1,1
99633.80032896201,14,44.248262123767375,0,1,0
36894.12209763415,3,46.47520616632242,0,2,0
44916.2020323588,22,43.19973642346786,0,1,0
72234.88672645343,11,44.46243671615314,0,1,0
88630.95846846094,12,28.11917873419682,0,2,1
59345.12898525974,13,33.01397844646516,0,0,0
39213.41724796515,4,25.10084686976451,0,1,0
41320.92190077751,21,32.89511969462966,0,0,0
69592.252835031,15,41.84104990934741,0,1,0
421.5045340674403,6,36.34583284812247,1,3,1
61996.974812238084,14,48.114808189602954,0,1,0
35613.751743091605,12,23.585842077727808,1,1,0
79440.31339458072,15,40.0023835069824,0,0,0
9389.764918330902,11,22.516971981306817,0,3,0
58861.40646814421,6,35.941764691736424,1,0,0
48149.19169962376,15,42.40333422556479,1,0,0
64268.320037932215,22,32.85497433175781,0,4,1
6578.874088848538,22,40.51126604086956,0,2,0
58040.38036407031,12,25.40267665167066,0,1,0
56192.31033715642,22,18.36310021803617,0,1,1
56109.943432175474,2,40.57029622487803,0,2,0
60388.41789298583,14,52.44010234075733,0,2,1
67679.14692891359,2,25.03955059830108,0,4,1
80518.4010681089,6,47.221941801067956,0,2,0
27055.08994080861,17,35.43423408816411,0,0,0
82522.4360769882,13,21.64308478306924,0,1,0
49875.742658119016,17,23.684946986478373,0,1,0
7798.122085519683,18,35.1578477336065,0,4,0
5949.237831473522,13,30.955377120758964,0,3,0
33490.40803773647,19,21.87087023241761,0,1,0
78511.20801343561,5,18.05960718774595,0,3,0
70797.32538061749,7,26.53280672073494,0,0,0
78882.6349707734,6,36.93809008331118,0,1,0
51775.17873851678,19,34.93599247396862,0,2,0
44075.879895753504,17,29.987620424999218,1,3,0
14830.507417957766,17,37.01887194291483,0,5,0
32886.45608557022,14,45.40026719862688,0,2,0
43458.53468077014,19,38.941265104341475,0,1,0
8951.182924993762,21,33.786913286104195,0,1,0
22139.134075850005,18,44.28072006660689,0,2,0
59862.70687696751,21,25.40149697783705,1,2,1
73592.74511249506,20,32.750804604446486,0,0,0
99834.91638815567,20,32.989120643996316,0,1,0
93318.02180122142,1,22.630467415571545,0,4,1
64292.26343356563,7,30.801258377156422,0,1,0
42182.68052407779,20,18.0,1,3,0
63654.11873435245,10,54.12178047662954,0,2,0
78586.59664621517,17,25.62586211563687,0,1,0
11921.785473246393,22,50.861141314213114,0,2,0
41049.4984806592,12,35.380845057194925,0,1,0
83996.24833499816,8,40.64864132155959,0,0,0
38444.911898111095,8,30.112002016490685,0,2,0
57230.03989559593,16,37.079296919616745,0,2,1
58818.1591501336,6,41.50489639988436,0,3,0
18529.17768805057,8,41.64552414394182,0,0,0
36287.32062106361,21,42.74773390074357,1,2,0
33517.67774531902,0,31.316672899608236,0,1,0
2717.051182353273,1,30.19640327508645,0,0,0
2516.757212746389,3,19.058236747323964,0,0,0
83186.53466320976,13,40.23219011176937,0,2,0
27379.77391628396,3,45.82378711323443,0,1,0
51856.06874725766,1,51.159816799179296,0,1,0
29942.68480151843,7,38.05172634580508,0,3,0
94073.85658702251,17,27.33520227091431,0,2,0
26003.7462106908,18,18.029038567105445,0,2,0
43022.715592619614,13,45.416667330833505,0,2,0
87285.75202341173,19,18.0,0,0,0
84209.16332250168,9,31.593959222562333,0,1,0
18691.531642843103,16,32.75693172056354,1,3,0
80284.06664859147,7,34.30544862148981,0,2,1
45872.869985115474,13,35.3580260003584,0,2,0
48348.590321326985,20,36.38147556367575,0,0,0
13434.649244352784,22,18.0,0,3,0
8152.091224336753,7,35.14655909870127,0,2,0
72821.13676667915,4,18.0,0,3,0
49696.469120294445,15,42.32218073090995,0,0,0
43741.385191256435,7,29.44874844196388,0,4,0
72977.87204237444,9,18.0,1,0,0
76574.73860921187,7,26.857953226146243,0,1,0
15974.925950168421,8,29.29924660815346,0,0,0
61061.49243281636,17,46.90699617555005,0,4,0
13621.872819540784,2,36.96637741750245,0,1,0
75162.37109430166,16,38.4444494435058,0,0,0
65729.82011108723,19,46.812216342206014,0,1,0
95665.80064623745,14,34.03855712075511,0,1,0
6988.905834006476,20,42.54187961032403,0,5,1
5799.766643010306,16,41.83861113931992,0,2,0
28290.488761850695,7,22.135305064305875,1,2,0
26244.397805217006,1,49.729835776298295,0,3,0
24773.182027292783,16,20.796982199293055,0,1,0
90634.83259405156,17,44.17366649477848,1,3,0
25029.66536496566,4,19.829269630943674,1,1,1
27267.777640250235,8,41.01236788151673,0,1,0
75963.88641555457,8,53.61914878150173,0,1,0
45029.010260808944,1,32.870213434497884,0,1,0
77693.3846398226,1,32.43644357146854,0,2,0
6630.079140682085,18,41.10439999316849,0,3,0
48808.36224797109,22,31.70603544037457,0,1,0
3457.998658309935,2,53.18278703742821,0,3,0
6359.055025189917,16,36.92192249458696,0,1,0
90653.10158910665,13,31.79830491779274,0,2,0
14010.612574647757,13,29.59714472104317,0,0,0
53288.826159294185,13,25.670515298269795,0,0,0
41168.450699810586,5,28.722450132425102,1,1,0
34799.59829325839,2,31.493266063414037,1,2,1
89993.35123415852,0,30.1236092650142,0,2,1
2280.157337871401,15,28.41824725862896,0,2,0
66412.58964894136,3,55.9884123035244,0,0,1
96343.10397793369,0,24.6990492351051,0,0,0
56060.80152783801,16,36.466325876461745,0,0,0
93688.56395710587,17,40.92521009760872,0,1,0
5320.562140673775,7,41.301079955837324,0,4,0
41937.45257550872,1,34.41392924217528,0,2,0
26089.76331710891,17,32.59297428152691,1,1,0
73109.01440157491,15,39.515474912395064,0,1,0
98131.57934067494,9,37.665216499782005,0,2,0
25727.353238180356,7,32.41041165232487,0,1,0
65452.04268726004,11,19.381214282755693,0,0,0
19889.953512698037,21,30.320762776667525,0,1,0
56576.49243170383,15,23.534498362925422,0,1,0
46446.855420164786,11,28.328404499336735,0,0,0
97203.33243019055,10,35.3322323851696,0,2,0
60891.87454237701,19,38.58736143996616,0,2,0
35015.6865714732,18,52.80452751292406,1,0,0
11498.168910304545,0,29.62593621096186,0,1,0
15209.558190619962,2,42.74625635275151,0,0,0
22609.161302128385,11,38.059600244378366,1,3,0
25171.56946789577,8,47.959976706397896,0,2,0
85076.54417832967,20,40.76228719595626,0,3,1
56166.15654942424,21,24.915185727136837,0,0,1
52386.75204629921,4,18.0,0,3,1
11565.410299734825,0,38.11261699667505,0,1,0
86027.95536560855,9,29.715490020996093,0,1,0
72309.14889052752,16,25.196862540494028,0,1,1
6860.069353810158,3,22.324222954669224,0,1,0
70812.72621325389,14,36.60975497587155,0,0,0
54399.467912530345,18,50.077076993133645,1,0,0
8264.362040103148,7,30.913276542939585,0,1,0
45884.23408871278,22,40.90270311075322,0,2,0
48521.15908429169,14,33.977336497824076,0,1,0
16660.87656231125,6,22.10617910896607,0,0,0
94575.2448853282,14,42.348113435104175,0,1,0
85012.53961091813,7,24.053079559726285,0,1,0
66935.33149917792,22,35.21626630593565,0,1,0
46283.32654396066,9,31.58479584994695,0,0,0
41235.3776042924,17,43.930774345656914,0,1,0
65132.24936838032,3,24.418490075293136,0,2,0
54588.64375374986,14,38.908699078019595,0,2,0
6321.083277600373,10,26.60202592651299,0,1,0
51299.014612156134,21,29.888947876712148,0,3,0
80659.72136156066,2,18.0,1,1,1
45978.06377193611,14,55.92098571617909,0,1,0
5290.462097671414,2,40.50556932826232,1,0,1
78649.19211846491,14,27.326525140618354,0,3,0
20216.24183538384,5,23.753443116670063,0,4,0
25936.221405315075,0,30.043512471206597,0,2,0
16554.16470788636,13,42.168795348194514,0,0,0
33088.48498066261,15,18.0,0,0,0
75699.47541829463,0,33.58415580705662,0,1,0
51986.64736444334,20,52.70641872462673,0,0,0
20567.639287656184,16,23.660536640321958,0,1,0
87795.22480738888,7,35.80385038763655,0,0,0
87970.22730965777,17,57.03309815257758,0,0,0
87070.78466209609,15,41.32151629690773,1,1,0
23955.741517015773,5,36.259238204854555,0,3,0
45178.81048368071,9,40.066364549090025,0,2,0
98500.46664847342,9,30.991346649902976,0,1,0
77224.04638336804,4,47.9963128530344,1,1,0
2814.0253804334257,11,31.00669977099788,0,2,0
6613.938666923156,19,18.0,0,1,0
46446.74454355204,16,31.0869689605954,0,2,0
90931.09856556986,13,25.332654701232965,0,3,1
53916.30961547615,13,32.188059878025705,1,2,0
49831.4695526256,2,32.40915940919369,0,1,0
10636.822625667395,11,46.97423199804908,0,1,0
65712.33246195698,19,41.952927266643854,0,4,0
82228.10574396253,17,37.632654875753964,0,3,0
38103.95875000548,11,34.970545886674046,1,2,0
77583.62390744021,1,24.411419911420055,1,1,1
96451.21772469109,1,18.0,0,1,1
20456.26926685614,16,36.13160011392783,0,1,0
52380.63015635466,9,42.946412035736586,0,1,0
28785.082012649098,17,33.91666116755411,0,0,0
79306.15646148055,21,29.651456772132995,1,3,0
57801.57725152763,18,39.64502165214213,0,1,1
63494.783513275346,20,34.16667799375653,0,0,0
79811.62454562781,0,51.857441919739614,0,0,0
39657.45021897924,23,47.327283420682846,0,0,0
91517.49783386361,3,44.59508057023329,1,1,1
53349.58383788938,3,42.57734114209904,0,2,0
15879.686801251266,1,22.09832585548543,0,5,0
69620.32190506336,18,41.629937020526,0,1,0
79346.80890878162,20,38.76325957646575,0,1,0
31744.491539045914,11,41.064247283911634,0,2,0
85732.20777417542,9,39.92609486813053,0,0,1
90623.71115110007,12,39.527625878480656,0,1,0
27762.75828904311,21,62.00866469549595,0,0,0
98353.79512425068,22,34.23814330048081,1,2,1
14157.081652070965,19,44.363373808293304,1,2,0
20281.365273408748,22,30.290101897359968,0,1,0
18504.06143987881,14,42.90641583887672,0,2,0
89409.57202978626,2,44.393198902324556,1,2,1
65463.82597726369,22,38.64426077135348,0,0,0
15295.217893905061,19,51.692469423765004,0,1,0
44088.309494998066,12,26.157239636395825,0,3,0
61568.272704473224,7,30.12779058331778,1,1,0
8438.06209043939,6,37.123800860234894,0,1,0
88253.39520389315,23,43.80806853484222,0,2,0
80379.99319060937,7,36.79429521294933,0,2,0
50570.15668030616,17,47.85759036510566,0,0,0
96715.94886439113,8,28.383101290336807,0,1,0
41834.32182958246,5,23.594215105114458,1,3,1
98412.62087174613,3,38.081283365365046,0,2,0
66825.20788048234,14,34.22819723886304,0,0,0
63503.66019806875,4,40.4286372035822,1,3,0
16678.894040048923,4,34.72597709133496,0,1,0
88204.58305463393,6,31.59980209376543,0,1,0
42806.21982326945,8,34.250624282762764,0,2,0
16307.117237669687,6,35.288488947931846,0,1,0
1359.491245578328,8,31.950187001516696,0,2,0
56019.59279547442,19,32.96867953676572,1,0,0
52787.22225005536,9,30.964066630130898,0,1,1
71963.42687467895,3,43.56665119869407,0,4,0
89036.77949647844,5,36.940210045057995,0,1,0
8032.717805838649,23,57.56752472168766,0,0,0
73176.4993850022,13,36.607045512784616,0,2,0
18822.453215348465,8,29.49142529671338,1,1,0
85831.88761040068,0,61.706753748630646,0,1,0
81924.44503477945,16,39.136263777143355,0,2,0
54125.29612305589,12,44.901247868928166,0,0,0
71053.25558246882,23,40.921029832024914,0,0,1
31503.576307056464,6,41.230110292977486,0,4,1
47169.67310338818,8,40.35654051352474,0,0,0
82181.52608127611,10,23.979154352239348,0,2,1
45980.59319760407,2,38.67529047561412,0,4,0
35844.046706011635,11,21.75138696149761,1,0,0
49471.823480304956,20,33.25637163587466,0,0,0
82842.10031847811,2,27.74382543436713,0,0,0
33587.28393235018,14,38.57470185848724,0,0,0
17458.783154260804,20,38.34126247338234,0,1,0
71230.200631045,9,39.81145890765187,1,3,0
82615.22344953737,0,37.87296572749087,0,1,1
10153.68410450098,13,28.93174658213601,0,1,0
24063.423864318876,19,32.3899651064832,0,0,0
14283.00177712329,5,44.203961612544845,0,1,0
34859.34701705845,1,45.678566772943995,0,4,0
45090.06279265072,22,23.532169013734507,0,1,0
74907.75106263431,7,19.690723674873535,0,4,0
65149.64372967924,0,27.73110616795288,0,0,1
62130.763891095274,3,45.452075820322506,0,2,0
35302.25716630447,3,47.14884030183035,0,2,0
84160.61055316751,4,25.752881195988284,0,1,1
47181.58802307664,19,38.073093537363384,0,3,0
97912.58330771394,8,53.344313331400876,0,0,0
63450.79961574411,22,39.15311477240334,0,2,0
12713.847682293823,12,49.215032852330935,0,0,0
67650.13845133585,17,44.98726570083098,0,1,0
32577.89114162673,16,25.898012937720893,0,2,0
68664.08694894113,0,33.10018576502922,0,1,0
7057.150701424333,21,35.347544782918476,1,1,0
17570.655573878343,14,36.0413338802134,0,3,0
85588.15216468806,1,44.16328953438571,0,2,1
22795.237746649138,15,39.086847622754085,0,1,0
83720.4084117697,19,18.0,1,3,1
27999.681236595603,21,21.87159726907274,0,2,0
64323.902814864894,4,18.0,0,1,1
69445.64229363212,21,36.75365240655334,0,0,0
51314.209839190786,18,37.40487649467761,1,2,0
30600.536602003456,4,37.83224958610718,0,3,0
21343.1731994725,1,25.410717322853838,0,6,0
3415.6165207863796,6,41.74144005119989,0,3,0
30464.245483948307,2,42.16262496468529,0,2,0
65350.962774075175,16,22.448509327948422,0,2,0
93836.65136300342,23,20.33961798551128,0,1,0
87133.32777807889,23,34.99868313773062,1,0,0
76629.87117587673,2,52.91782273613359,0,3,0
78865.88959100454,12,51.99742742198642,0,2,0
66531.99185725192,6,40.634043604480524,0,2,0
26102.6570708437,23,27.700033284199236,1,1,0
90728.78356751241,2,43.86842659488585,1,1,1
67106.15795939282,14,30.475757351909586,0,2,0
56088.01903494595,17,27.324929633261895,0,1,0
11187.847974426759,9,18.0,0,1,0
44760.8488262619,22,36.02382198347653,0,2,0
46089.791293072434,6,28.70132650862625,0,0,0
86469.90459131473,8,35.96430379528505,0,2,0
54710.15719676007,4,18.0,0,2,1
38102.01484214392,19,36.69826672583687,0,1,0
97682.35281821487,7,18.0,0,0,0
11160.987273298935,13,45.87940253268552,0,2,0
42312.587988363266,3,40.218912341350844,0,1,1
4298.265049623388,19,32.21335228575412,1,1,0
74016.42166461634,13,40.62719860082079,0,1,0
91815.84756469514,11,25.219257373364478,1,1,0
28075.729222093894,1,35.723755156148925,0,2,0
85848.33351223217,12,42.94774038460336,0,1,0
29292.601223143585,0,18.0,0,1,0
91085.93914822713,19,30.527756403224764,0,0,0
75420.79416931872,6,34.77355869863626,0,1,0
80510.18700645972,8,33.037063822542336,0,1,1
1898.8549044854044,16,49.57101826227405,1,2,0
96284.75467169519,20,23.760988750771155,0,1,0
72694.4321078253,22,28.78840756554771,0,1,0
30544.63442907472,12,18.0,0,1,0
82956.52701939881,22,50.10286651273145,0,1,0
28223.9677216515,9,32.537098573912,0,0,0
87288.10857265619,15,30.61591111963293,0,4,1
11346.781002152507,5,34.47517317689286,0,1,0
70398.2291483335,15,41.36235828430324,0,4,0
54115.77781682654,10,38.47363403516125,0,1,0
9743.793572524537,19,61.47884213557087,0,2,0
24265.193443058015,2,39.539358884037746,0,3,0
1339.1632241037476,8,30.34754570830919,0,3,0
46929.91974990413,14,29.38643262476053,1,3,0
30196.399549924037,12,31.07241047583191,0,0,0
59875.912681346104,9,19.98163075370162,0,2,0
29794.056990090856,19,35.39864207491586,1,0,0
30061.91923954777,23,42.834681062089174,0,0,0
74345.00055328717,12,28.866363993767642,0,1,0
4909.46931423751,16,26.926199437158886,0,2,0
90299.21001967952,6,50.159451462942336,1,1,0
85241.16105167902,5,20.73516843378835,0,4,1
66813.687854318,12,18.0,0,1,0
59362.83485372769,16,23.470980563526176,0,2,0
89241.01956415125,14,19.595672828757035,0,0,0
18614.48493491857,3,38.86226064104582,0,0,0
7989.019302863779,14,31.392954995504265,0,1,0
24027.065973962857,13,32.8031295497616,0,2,0
79478.370042149,20,46.52934176974773,0,0,0
3563.559645975684,10,28.086651388372236,0,0,0
58322.40282484061,23,42.750894117456404,0,3,0
99544.20786751187,3,50.11322799203203,0,1,1
85584.03977437019,2,30.443375019863392,0,3,0
52192.42433545458,1,42.37022855556314,0,2,1
6457.72683773557,19,32.581820874710196,0,1,0
83154.21408713241,9,44.240981288407895,0,3,1
59937.952966903336,12,19.28510812423727,0,3,1
11581.806406250727,19,18.544877548746538,0,1,0
9476.342753853285,20,31.087322850924593,1,1,1
90971.71926171558,22,26.110751909402293,0,0,0
66953.10626751404,17,29.832908905701146,0,2,0
82945.75125174387,20,32.8047341755286,0,2,0
87909.9921381985,15,42.20013531836252,0,0,0
57220.05796962739,10,30.92339421434065,0,0,1
51792.890540328626,9,26.761386893769135,0,3,0
43099.69829106692,8,31.48486623241101,1,2,0
31762.964120332817,11,27.308547201933823,1,2,0
43516.136489785305,18,25.659944979372856,0,4,0
77410.57760744262,0,18.86983186423031,0,1,0
60232.15075841164,17,35.69478116221079,0,3,0
89263.07666648913,13,29.312942934029465,0,1,0
44393.663436480856,21,44.662787392346715,0,1,0
60748.248914003525,20,20.526039079410594,0,0,0
63167.62455388967,0,29.579164449521212,0,1,0
59210.54651440192,16,53.12907220658749,0,1,0
70293.11393124308,10,25.603904829021506,1,1,0
23819.60349064315,19,32.63466747903876,0,2,0
51285.14137682449,14,22.841560171746316,0,0,0
10512.057800553932,3,21.51572487219019,0,0,0
38512.681631716776,14,50.47310983087678,1,2,0
48817.94015526432,21,36.71039492637147,1,0,0
65257.2035285927,21,36.336788382376234,0,1,0
95058.05215336173,13,18.03683764883778,1,2,0
60105.04154818075,21,38.58741388108303,0,2,0
74385.03222603833,0,46.574219459938256,0,0,0
50675.979343570754,8,46.49477060828529,0,2,1
63446.9927344955,6,41.68333229606161,0,1,0
7186.128391763966,22,23.70514422404596,0,2,0
25513.718926100515,10,38.13123417192992,0,4,0
36249.12401119336,22,41.67584960476608,0,1,0
47302.08616515071,1,18.0,0,1,0
4660.309675688135,1,23.787204085182154,0,2,0
14088.407345576437,5,43.881573217434415,0,2,0
27753.749348351448,22,43.760457766719284,0,2,0
97156.11582101496,18,19.514169663786078,0,1,0
33201.56600959477,19,42.95021459269172,0,2,0
48255.901705397046,13,35.95303399153618,1,0,0
19690.161502565454,2,42.81008954607152,0,0,0
61116.92910046925,6,28.654786765660585,0,0,0
28140.253230045833,6,41.451834964809024,0,1,0
20778.558585998835,3,43.43828774485625,1,1,0
51705.605581753305,22,31.486650645442882,0,1,0
650.02933612604,4,35.17752546173286,1,3,0
865.6368616576102,16,28.514783704953466,0,1,0
21984.974029275592,3,51.51638948685879,1,1,0
3768.464113832032,22,33.79728060674234,0,1,0
10891.772837656068,12,25.77975674822818,1,1,0
33952.178868941286,15,27.841740861252497,0,1,0
80278.3093900233,15,36.26770601142113,1,0,0
57247.65947259315,1,42.53331171778212,0,3,0
51315.505823046,17,21.641731548494782,0,1,0
29419.53343849135,0,53.47660002942449,0,2,0
93182.19657133835,17,38.08675294055617,0,1,1
39761.802619595444,7,39.664559729694126,0,1,0
8800.567402897572,10,34.02810456176564,0,2,0
61744.944960168345,23,35.19258967351126,0,4,1
11472.455508312481,23,33.51716862072597,1,2,0
34587.79196588904,14,45.1779596903596,0,4,0
50790.45267790911,15,34.9207141254663,0,1,0
87434.83021604906,16,42.6705021849271,1,1,0
49405.303375977855,16,30.66152476647428,0,0,0
70255.65072656325,11,36.95640528312316,0,2,0
99282.40221600713,9,26.96079655760579,1,0,1
13235.763077808364,19,47.16528232549537,0,1,0
27545.6793994,5,26.662527592808843,0,1,0
39518.149952204876,7,31.75020555738674,1,1,0
42240.635036029256,12,31.850395875452552,1,3,0
41161.00541902802,1,31.460486123262317,0,1,0
90770.33915539984,18,42.22495769442937,0,1,0
71431.86118223896,21,31.833422352633562,0,4,1
60829.7308876613,9,48.93924530541073,0,1,0
31006.33451449193,3,26.81524913869832,0,4,0
82396.65938370735,11,36.69377469942707,0,1,0
95510.54509735039,17,27.242140106874,0,1,0
82137.70842676763,6,39.209727825314665,0,1,1
256.3540086281431,19,34.8405027302323,0,0,0
63676.49688132236,23,33.44937955301521,1,0,0
5208.4246060658625,23,46.88474966503524,1,1,0
25834.96131133881,22,28.456581289448966,0,1,0
6046.517564742391,3,40.86515157618,0,1,0
60419.165749643835,6,27.310400873252078,0,0,0
68690.33235791142,9,36.12685200160374,0,4,1
11537.315042783921,14,23.044246717765546,0,0,0
38445.50441619345,11,28.374828536932597,0,3,0
45678.027244658646,0,34.17856954427135,0,1,1
36968.39687391557,19,53.14649167323078,0,1,0
12190.397548470786,17,36.008038704597745,0,3,0
41952.884239728795,15,51.546683158667065,0,0,0
75142.68697606097,4,37.20323291690918,0,3,0
7193.665686872221,18,31.129157555250607,0,3,0
8109.983406782155,3,50.393565226006935,0,1,0
35541.65205441482,5,39.37017622073419,0,1,0
94178.3985907306,16,28.572784061172865,0,0,0
66890.40740761912,6,39.70571459400298,1,0,0
67899.12867158922,23,32.0740525009239,0,5,1
36255.80708470271,22,18.0,0,2,0
59406.71304173299,6,44.359731592656175,1,0,1
1112.1052843715634,8,45.94934055641929,0,0,0
63645.99503631327,12,53.37942029992276,0,1,0
91337.36606286604,19,39.22143692195263,0,1,1
61296.089487647434,13,32.51276575917468,0,0,0
87382.48948728786,15,43.34989427378586,0,7,0
72424.90824106277,22,43.498203653189066,0,0,0
12143.785798728655,8,51.38281183136422,1,1,0
90255.08539785558,14,34.553723769335576,0,2,0
6737.740051141911,4,33.344210274324055,1,1,0
53443.3505075216,17,27.844555802414725,1,2,1
14299.498666966421,20,40.37462086725202,1,3,0
1269.4904120173162,19,19.517383317691646,0,1,0
42261.22258675114,7,42.76087372862565,0,2,0
29574.56669465021,14,40.8783512186579,0,3,0
48651.44933038054,20,40.85070202458372,0,0,0
57762.26868478162,8,36.3822523650184,1,4,1
4469.533323663841,18,50.32978247531085,0,2,0
12388.029182862188,21,43.719934654268634,0,2,0
55908.37540539749,5,28.929228086243004,1,1,1
34382.41858194856,3,29.10820950302353,0,1,0
72944.43140618985,10,26.203261865853634,0,1,0
65263.935694334774,9,40.51283332775587,0,0,0
84575.8758626917,2,24.998610787600434,0,3,0
69280.03338425561,0,45.833921435833524,0,2,0
43050.1146312758,11,48.22973308345543,0,1,0
67329.36557720379,22,26.209837310495487,1,3,0
27610.57930811631,14,33.144514654071465,0,3,0
30700.718527943445,14,35.166209813624135,0,2,0
78919.61747608725,20,43.83983160469668,0,1,1
44697.30968851806,13,51.09343375609877,0,2,0
79858.19601778341,6,18.145076071314225,0,3,1
82259.99512946101,16,31.81819282473317,0,3,0
85770.47753236225,23,32.33983304439653,0,1,1
91671.86006053661,18,20.99330145113452,0,1,1
43155.4235292783,6,30.148899806959385,0,2,0
31954.79515028177,2,39.27768944350611,0,3,0
58261.654784751976,2,32.213210971604425,0,2,0
37180.12510141899,17,19.553788313925864,0,2,0
60147.309263343275,19,63.740826980099136,0,2,0
70588.02767811807,21,37.661778652041804,1,2,0
68871.66134736447,13,36.11694130106675,0,0,0
37517.83341331012,2,24.020736369329537,0,4,0
16769.334149705406,6,37.60706161971275,1,1,1
43109.88091237453,6,33.35786215958505,0,1,0
14345.154993782682,4,18.0,1,2,1
89020.69381486245,2,24.297445599855838,0,1,0
34653.15832771196,17,42.94926017673945,1,1,0
15530.528747610046,14,54.44017650000441,0,1,0
2642.2312145845126,19,38.67165405043045,0,2,0
64617.65639001978,13,46.03083278293367,1,3,1
63726.54151372885,3,33.4424469141679,1,1,0
34126.35624147104,23,34.13453839319397,0,1,0
7264.017695880336,7,45.90979027619465,1,3,0
41021.92660003368,20,51.62777289179469,0,2,0
31190.62775683302,12,48.01096693465622,0,1,0
67744.35190952744,21,24.33636924615181,0,0,0
60617.34702032377,7,34.33041109684754,0,1,0
36522.913446934246,14,37.775246844762954,0,1,0
21867.466170073512,16,32.40322036492471,0,9,0
98804.79301894363,4,38.878575434155955,0,3,0
45454.76195749187,19,43.20576811668947,0,3,0
68858.59615444568,3,45.02809751955141,0,0,0
14141.241461078242,10,51.85870152221523,0,2,0
48610.41099597384,17,31.705588952751654,0,2,0
2850.918314959602,9,21.35966835160686,0,3,0
50594.96627925395,16,38.58234594014453,0,0,1
96405.33897105846,14,53.83811031184803,0,3,0
38482.25062728144,5,30.23024140045941,0,2,0
3995.7016562336676,22,41.86846977063719,0,2,0
3192.4835128424183,20,41.95745792472643,0,1,0
38859.87731869226,15,36.91442047344609,0,3,0
16086.491152673085,14,35.06924721043714,0,1,0
2432.8744231857727,7,25.765707942786072,1,0,0
75645.74003362267,8,18.0,0,6,1
45906.44858730088,10,23.88149293335971,0,2,0
28995.552720068186,1,31.096958508883006,0,3,0
90018.30998334642,12,45.97422687422707,0,3,0
11702.282124032508,3,33.96871937648624,0,5,1
95596.29101263639,8,29.809742810818513,0,0,0
31465.275065997546,4,26.090145580465695,0,1,0
88851.52686363725,18,41.56805828509481,1,1,1
60333.993360298206,21,48.58357166430605,0,2,1
82688.0652381746,2,45.634357218674594,0,0,0
98402.91500472538,20,41.06149699758469,0,2,0
28911.703238092698,2,20.2438725361706,0,1,1
96117.43499221854,5,31.483257571562287,0,1,1
39009.2413007518,9,54.47304228889675,1,2,1
38612.63928321854,4,46.21950491915225,0,0,0
34104.67171502512,2,19.62496781765275,0,0,0
54186.619974023764,21,34.44409476800729,0,1,0
15499.089813530862,23,38.63098432661039,0,2,0
55415.77738726532,6,27.3784153697378,0,2,0
54216.3107597594,21,18.0,0,3,1
76213.99107922651,17,35.98824045016432,0,0,1
83381.6311975648,22,27.122417423795607,0,2,0
44100.090896211164,7,27.161582609153157,0,1,0
30303.091610214226,0,31.45319640069242,0,3,0
26007.556241977738,3,33.66324085345188,0,0,0
19542.921286816705,23,34.90917205904314,0,2,0
5858.993461682586,6,26.160101010779986,0,1,0
34310.55308558786,13,32.79790470365923,1,1,0
27097.744443865246,12,18.0,0,1,0
96645.09684805409,9,38.11039065368078,0,3,0
55815.11174237939,22,18.0,1,0,1
34792.976199147706,17,32.105099195663804,0,0,0
58088.71333927023,0,44.19186153676954,0,4,1
14005.750464434981,3,24.406593127251735,0,1,0
44459.97054530007,15,42.164302036574,0,1,0
62660.80870996428,15,46.55732712120892,1,2,0
48940.89339606589,17,18.0,0,0,0
40237.702185366994,7,33.486370964242575,0,0,0
99385.45405107985,9,18.0,1,5,1
88043.4447386778,15,33.81791554429054,0,1,0
62378.25522012807,22,34.92828789018673,0,1,0
56980.79838211005,23,18.0,0,0,0
62103.981934475945,10,54.248383620798656,0,1,0
20211.079571461083,5,37.86015807634625,0,0,0
39574.26055210543,0,26.509765679179647,0,1,0
4042.0073358008417,11,49.65379427498519,1,0,0
47607.04914493398,5,18.0,0,0,0
54348.15593737055,12,22.708289664816828,0,0,0
22852.198636710636,16,18.0,0,1,0
96406.48183183483,0,53.010451965393344,0,1,0
90954.51563263047,7,38.323463714720035,0,2,0
72242.109222045,21,41.59401789848495,1,0,1
53385.32421365972,7,38.010012339184755,0,2,0
87009.91904880373,23,40.73767761144585,0,2,0
13152.169147963945,10,35.78077713895989,0,3,0
79071.92844806101,13,37.70921342707442,0,0,0
12569.599315288146,23,36.07603436222951,0,1,0
79441.64518868561,9,28.914081944307213,0,0,0
27649.18006831056,14,34.53375234785331,0,1,0
87721.34904371707,6,37.73594573261678,0,3,0
94409.80517315725,6,36.10549119552131,0,1,0
14964.717343571052,9,20.222278922466828,1,1,1
46321.29294603281,3,21.550133313915907,1,1,0
98100.63907845224,17,45.82841433916391,1,0,0
48392.40285371734,9,31.93005954116598,0,2,0
86368.39749920306,18,40.847253470359405,1,2,1
58914.27906091885,13,24.078800902776038,0,2,0
37595.457801168224,12,20.268541233534698,0,1,0
28649.777197034433,14,26.56403387468287,0,3,0
20401.98679950012,15,32.77434929228587,0,3,0
76203.63931863195,1,28.348597007155877,0,1,0
38715.39663162048,3,47.93933523105714,0,2,0
51176.41867385504,20,36.79523301537461,0,3,0
49283.31545211808,17,53.489386185618585,0,5,0
57770.17502038981,16,39.044081540714174,0,4,0
86571.15684789277,9,18.0,0,1,0
98075.8604239846,20,45.560416064585546,1,0,0
40817.66243652431,8,19.904483775300452,0,1,0
82769.14031841968,14,37.30533667211339,0,1,0
76476.32668600629,11,27.253159423361552,0,3,0
57395.54225041177,20,56.42711034464186,0,1,0
95609.10964683212,8,49.395979274301354,0,2,0
20127.404101287437,13,27.581793582982417,0,2,0
11015.494609931178,12,33.72642331878888,0,0,0
85410.80049884667,5,37.44598069649217,0,1,0
43971.066681711454,18,43.634140715616105,0,1,0
84712.18853528534,3,35.291519123250126,0,1,0
89319.71149902196,19,24.751051006191332,1,0,0
6339.513602545237,16,27.82441360799947,0,0,0
88358.12982230747,18,34.95518203623209,0,1,0
44887.07363140528,2,47.34456978764691,1,2,0
51092.205651522796,13,39.27837860536044,0,0,0
62696.5918582117,16,27.26585073384984,0,1,0
92645.62241233567,12,41.4837277770979,0,2,0
2009.6978335334265,8,31.130151611218402,0,2,0
47736.66248494993,0,43.90408005186841,0,0,0
68803.43203881301,16,60.27010418328605,0,2,0
72298.42507405303,15,31.411736290564505,1,1,1
69283.98991055708,17,43.01605159726371,1,1,0
13530.069427871373,1,27.546066679622704,0,1,1
30009.619278330956,13,33.877362328087024,0,3,0
35935.68098915964,21,35.29562286872101,1,0,0
80463.27704718255,22,33.063163399556196,0,2,0
27948.111254213847,16,59.63013688775024,0,0,0
21149.425890333598,2,31.934069253216176,0,1,0
95749.05710190581,1,40.86851538784868,0,1,0
985.442182835543,7,18.0,0,1,0
99782.30348262962,1,39.3199656336961,0,4,1
67714.44775585382,1,46.42054592352247,0,2,0
82864.08301496679,8,29.72402657420949,1,2,0
29532.477694984696,19,18.0,0,2,0
1530.0962389392919,20,34.61348231172675,0,1,0
73813.16490429685,5,35.171838503855284,0,6,1
83431.04524036752,11,42.24075050744304,0,1,0
74073.56558215656,8,55.10903035413434,0,3,0
14370.743701353776,6,31.199463493996934,0,2,0
75367.4494334712,11,26.437118763397194,0,1,1
76915.38593255333,4,23.330821986285567,0,1,1
65888.19751543849,15,36.980786170315994,0,1,0
76634.98168627906,4,39.79354258818502,1,1,1
84607.55182380544,11,29.543446056374155,0,0,1
61399.051012322096,23,42.78682745725789,0,4,1
8951.610925570938,19,39.653840768191756,0,0,0
48814.018185754365,8,35.4323168964489,0,1,0
7857.168533693346,22,25.975852792558747,0,1,0
40813.54880013984,6,30.18135684515277,0,3,0
40769.9382636502,18,18.0,0,2,0
6694.383429610134,19,37.357870641980334,0,1,0
34947.17134355098,22,35.26341288747435,0,2,0
11188.710069252353,10,36.88478991089487,0,1,0
80842.69747992129,20,40.043190155645604,0,0,0
94774.03379385063,11,38.85821486432223,0,1,0
7324.415878268067,2,33.896168193539644,0,0,0
95516.00920844097,16,35.486680431627526,0,3,0
52305.402273740845,6,20.956835833038305,0,1,0
30026.611227592002,21,29.162793543105742,0,2,0
7778.521320088735,9,35.504710536834615,0,2,0
50112.36438023474,22,27.641464240876395,0,5,1
79472.10289462579,14,43.60150795872546,0,2,0
70737.93907894315,1,28.413679190449695,1,0,1
5117.578545250979,12,37.16305411248317,0,2,0
7382.893353253561,3,36.16565656815336,0,1,0
40347.04093500045,17,42.462775936104094,0,4,0
29599.520355389534,23,44.00791174028302,0,0,0
23315.19387329918,22,41.9403261096794,1,1,0
28172.349440980488,0,18.0,0,3,0
80367.92605535878,1,46.941481480131266,0,1,0
92929.8825578222,1,50.27308224194598,0,1,0
40569.75918330388,3,30.178757156785306,0,1,0
90620.48911303646,2,37.3664691267285,0,2,0
32217.420554663408,16,26.09168319869218,0,0,0
47696.05493574478,13,18.0,0,2,0
22680.296881818373,1,27.61284734457614,1,3,0
64083.55661336681,15,29.598609605363897,1,2,0
97900.21340596341,10,31.451492686481846,0,0,0
60388.96029473353,12,25.41085909994012,0,1,0
35845.62700294353,0,27.66574833182761,1,0,0
64816.962854453785,22,34.889936783715925,0,1,0
12379.775778692218,1,27.297730168898582,0,2,0
88877.04211851333,1,40.43524332550028,1,2,1
50358.086682905654,20,41.81660651397439,0,3,0
44990.039229760245,4,58.803877461644895,1,0,0
58627.89236650657,3,46.256799321234624,0,4,0
62515.90789266131,11,37.43103058328414,0,0,1
7270.403042028652,2,28.797357033323213,0,2,0
68293.4604002179,19,37.937473516739985,0,1,0
24268.974863521405,9,38.26595959916356,0,1,0
71423.86798740832,19,29.86686910994339,0,0,0
82271.22595898126,17,42.83731396752878,0,0,1
80415.45490449677,20,21.01901985318125,0,2,0
55294.84664404812,20,32.55600164462489,0,0,1
52064.97224184404,20,40.55858459317407,0,1,0
14373.30853780723,9,32.12415852407903,0,0,0
77557.08042527325,0,32.93245596570729,0,1,1
27213.797106626764,5,33.622141388077196,0,3,0
49719.87273951286,10,26.643987593122546,0,1,0
28498.98188345892,1,46.73900931574208,0,2,0
13469.453463669344,6,24.81962328077185,1,2,0
62992.813919484484,19,38.18159327409885,0,0,0
5527.770278808092,20,39.13647898282373,0,0,0
74889.65888920738,20,25.51378098791033,0,1,0
31826.920846585555,20,35.73104254380743,0,2,0
113.45583114808348,17,25.90367827255298,0,3,0
51161.80100979926,20,48.91042475055946,0,1,0
4780.505661907552,18,23.61217063023787,0,1,0
27689.338826307856,3,28.461029057680356,1,4,1
70726.95109682604,12,22.757749916444194,1,1,1
6362.6932000244,17,21.42301273132448,0,0,0
83949.91538636464,19,50.91215290882293,0,3,0
481.6102735924525,23,40.427746739125624,0,1,0
24757.704533270033,12,36.40293425700544,0,0,0
74116.31520959194,18,28.434230366530784,0,2,0
31695.387957957748,16,44.07611811046768,0,0,0
10279.049567794751,0,26.75777560632547,0,1,0
36087.36848816274,5,42.93639294330103,0,1,0
27112.2893098141,18,26.274887233943637,1,1,0
84286.91902583944,19,28.55492298124328,1,2,1
31403.4569667558,0,42.58282386117921,0,2,1
78914.35393042312,7,43.63827344155767,0,3,1
89198.0272665924,16,40.97472933896761,0,0,0
43438.3602156953,20,24.503258842432054,0,0,0
91003.32007105376,21,30.53273134277171,1,3,0
37794.07359092296,14,36.568987411985134,0,0,0
96411.43380736181,17,26.507190380899083,0,1,0
9020.023500104735,6,48.70962760129293,0,1,0
68733.22472367395,15,18.0,1,4,1
49432.02264164718,6,27.212604846308473,0,5,1
38826.11566501914,16,29.904334971301683,0,0,0
63307.916686985234,3,18.0,1,2,1
70415.32345426969,11,21.03770869763809,0,1,0
535.8906380658777,12,41.252895125420686,0,0,0
16778.613565845153,3,35.302836365529636,0,1,0
71333.30045836844,20,50.731360220429025,1,4,0
66671.90281646283,0,50.45226445884819,0,3,0
96608.14576235485,0,39.330463786039466,0,3,0
76127.67524605322,6,38.13238249000712,0,1,0
95082.19350236066,8,35.65931108578901,0,5,0
70283.79610332721,0,18.0,0,3,1
29875.41564308037,15,21.054404866739247,0,1,0
10625.955732860562,17,36.00675503098934,0,2,0
78204.20394815906,21,41.160257087476715,0,2,0
64450.507225444,14,37.896698121381405,1,1,0
4913.782638090293,5,26.075350322843423,0,0,0
36069.04154350774,1,44.37406282469496,0,0,0
95684.30156688018,8,49.824440287546366,0,0,0
50090.0744564491,3,44.3798960029134,0,2,0
43329.64068836849,12,44.89599329590471,0,0,0
45824.190555413465,22,29.40774202044789,0,0,0
20967.384128115857,21,45.759341227007994,0,2,0
36933.84636939304,10,36.45758639327657,1,0,0
37044.34427311894,12,40.11555528522005,0,0,0
5330.266516728493,10,38.654318428247095,0,0,0
76780.00608894003,18,33.785128945595886,0,0,0
41708.79274719751,7,26.399975248776983,0,2,0
82235.77069296068,6,34.178633364459536,0,2,0
85049.76531187755,15,44.86761617482823,0,0,0
21278.20606439594,2,30.585241946870905,1,2,1
65769.61286879584,16,43.93347262608146,0,1,0
47280.95223588187,17,42.37070670617672,0,2,0
88027.65811835635,14,32.0106260298017,1,2,0
21652.493849727765,16,48.88800103619577,0,1,0
67813.53871097341,10,31.44453328809294,0,0,0
60814.43701304698,4,50.09546862612632,0,3,0
29600.617609426095,15,39.341269815409724,1,3,0
13746.430274752143,14,34.84134081546487,0,0,0
65198.81207167993,9,26.12198619662346,0,1,1
73885.88606741984,13,34.11739769864959,0,0,0
31631.171641958666,1,32.962404865055795,0,1,0
64518.777141829145,15,22.417036147490947,0,2,0
39573.577670389175,18,32.823845772823326,0,3,0
71349.36763993351,7,26.961968199029144,0,0,1
20001.605961915906,14,40.85991768978782,0,1,0
89032.47876335382,9,48.06280475728203,0,0,1
28812.218686911416,4,22.730843237047594,0,2,0
36841.820176839676,19,52.123077283669225,0,2,0
5903.386012826943,15,33.7144896561487,0,1,0
11240.070010895512,20,25.24978615061486,0,3,0
51634.60408096158,21,42.57754780208183,0,0,0
26832.50840512435,11,30.53545521744952,0,2,0
83564.47455164522,22,34.18263323968506,1,2,0
1567.869526629889,12,30.95721755787921,0,0,0
37971.49546232643,8,26.832620681351,0,3,0
33800.820122232355,16,42.23997032401904,1,1,0
2030.8303286683433,19,32.13698597105813,0,0,0
12524.403060150971,11,20.633482078207543,0,0,0
41422.903224371665,4,40.510601242159325,0,2,0
49337.171986299916,23,22.944176489762448,0,2,0
40488.54575076143,11,23.46739827324741,0,4,0
53140.67407336817,0,46.926062049773165,0,1,0
59553.654323077586,19,23.03660100789788,1,0,1
1091.3897306707795,15,18.0,1,2,1
46463.10642940504,11,41.22861484961496,0,1,0
96353.57416467008,8,31.961365705188697,1,2,1
51951.32478494192,12,32.82344878861883,0,0,0
67786.47251914942,16,31.854996066498,0,1,0
31255.19940589663,16,37.31669939018727,0,0,0
77421.73867746098,3,27.47280758096932,0,4,1
77314.8560394239,13,49.76114874565764,0,3,0
52177.47516064848,18,20.237695196906017,0,3,0
97603.78094559343,6,39.44874916677123,0,1,0
12642.466454789072,2,41.421210038765835,0,0,1
1793.0717224691412,0,27.40348239166622,1,3,1
77038.80535453389,11,24.76265554722182,0,0,0
80734.83818275177,14,45.171742141701564,0,0,0
12108.702189145566,10,25.09139245983285,1,1,0
26631.725012564748,9,28.93336059249433,0,2,0
1853.481100326228,1,43.87308962459746,0,0,0
29401.53021697841,3,35.347412335390246,0,2,0
77336.87320447528,16,18.0,1,0,1
51844.256718486635,16,52.47059144553514,0,2,1
34874.74975751198,7,29.69989241220034,0,3,0
37236.755561142396,22,30.97242710093583,0,1,0
235.2272089752686,13,37.55784252326365,0,0,0
30050.072703767066,23,41.25076797004073,0,0,0
64681.22828962925,3,54.61104291291467,0,0,0
97422.02493725407,5,18.399318505943036,0,2,0
84721.37661569157,18,43.259522089259455,0,6,0
2457.1369680883595,23,42.43009694050077,0,1,0
89866.20440701646,3,33.62835089125883,0,1,0
78341.52148853273,2,42.87273694816222,0,1,0
78059.57474474094,19,44.34274017636547,0,1,1
45853.77632445679,5,21.180372150129955,0,1,0
39860.72876615483,22,52.4976650588083,0,1,0
30361.28131043594,6,19.412377468618583,0,1,0
6662.916409541141,13,23.64683718761227,0,2,0
22900.712813020542,11,32.382123263759034,0,0,0
24735.70313430466,15,54.24940513187056,1,4,1
48459.299264049136,19,31.917433702466134,0,2,0
74769.69621900973,7,34.68066109949189,0,0,0
47433.60185695487,22,49.320786039045636,0,1,0
5878.660499771345,1,31.996818574345273,1,1,0
95783.20111872157,12,23.21563287069324,1,1,1
94278.15947750182,7,30.827651647616854,0,0,0
78540.435360526,20,48.70791833805777,0,0,0
99133.65736626563,19,35.70864997055136,0,0,0
54493.78504674626,15,54.3065825905626,0,0,0
96280.55819029528,3,42.37934926262155,0,0,1
7652.943557613402,15,28.551910636065166,0,2,0
36631.506751311,19,35.51076304465079,1,2,0
22615.588673875907,5,26.467818818581204,0,2,0
19663.725105013575,3,28.315669693512298,1,1,1
14166.21459437834,15,79.79084251025756,0,0,0
62279.122792443064,22,45.18624510033811,0,2,0
78154.05338915577,22,43.61097989006673,0,1,0
57872.01010209403,20,28.76819684691936,0,1,0
14781.574687862147,12,50.69584066281079,0,3,0
81131.26461635374,4,45.99415601792937,0,2,0
63631.875245656476,14,53.81621289357771,0,1,0
38877.75404208685,7,53.331141483984496,0,2,0
67445.61652405269,6,20.20910711902478,0,1,0
26064.507426359,13,23.901605107300927,0,1,0
34584.70162857163,6,24.962121845363637,1,0,0
91756.83572888582,21,25.560593566675628,0,0,1
29121.400116574896,6,38.234523642603904,1,1,1
47051.827988977864,22,29.331965479041823,0,2,0
89025.09962586187,17,55.72598540762519,0,3,0
70801.36289172599,9,54.04679882081638,0,1,0
6314.102293853805,17,34.9353840592096,0,3,0
14815.574123469138,13,54.5532621614979,0,0,0
883.3749181144901,9,49.88134627240202,0,3,0
63129.08684389342,6,30.492934408227413,0,3,0
44822.57519850079,6,18.0,0,1,0
13514.057605137326,6,32.820316150392706,0,2,0
95797.61869357136,4,28.55377868921527,0,0,0
53013.006422167426,0,37.0650562514583,0,0,1
24265.140081877627,13,35.89228286874749,0,2,0
50110.29675835528,17,35.630176588992285,1,2,1
67994.07124023727,12,40.236847413791644,0,1,0
7716.297875559091,7,22.874780529163214,0,5,0
27542.911123284408,7,39.113602775697075,1,2,0
80715.85253931096,9,30.603838469829938,0,2,0
46020.520553225855,16,36.99982199863687,0,0,0
54703.05648902626,5,44.5740984523219,0,1,0
43338.31862072598,14,22.756002267789704,0,1,0
4485.604270036211,14,32.187063473304306,0,1,0
16658.40300403358,15,33.81465765971136,0,2,0
44609.6097103149,7,29.85731028429359,0,1,0
20997.62799425199,18,43.99829496132957,0,3,0
5092.904963101906,19,27.796116411995285,0,3,0
84380.60143877719,14,29.44599600557661,0,1,0
98121.13366349517,2,27.900808670479353,1,5,1
79334.97311227427,5,45.92055411438802,0,1,1
85393.11367829624,7,30.07555887587783,0,1,0
24273.51531867283,15,39.60045390883556,0,0,0
96066.63485376866,14,54.75705101230074,0,5,0
19772.877874897495,12,34.25181579649415,0,0,0
95147.83805514705,19,46.12060680033157,0,3,0
99482.44746719851,14,51.71354084093128,0,2,0
71201.10829403027,17,45.27191560040414,0,0,0
98116.25880600301,12,34.8319868402226,0,1,0
56997.023978753656,23,41.42107758998613,0,1,0
26028.224139291426,7,22.126214068646547,0,0,0
43755.88897799553,13,27.19956841850048,0,1,0
59396.73744434072,10,28.95324818368081,0,1,0
7400.848046498798,5,57.40612120174282,0,1,0
62272.09213526289,23,26.87415485744733,1,1,0
98119.66589255322,0,26.725232487381703,0,0,0
19091.75421339439,1,24.560790197510165,0,1,0
79280.25211720949,12,40.59811761930761,0,2,0
90799.08949858397,0,36.42621392668883,1,4,1
94375.78912274005,23,45.86758977026565,0,3,0
96017.54688010417,23,41.71259666077354,0,0,0
52193.81790827505,3,21.196101532759325,0,1,1
97733.06000835123,23,26.927222299896293,1,1,1
75755.28969273044,22,48.653287482758216,0,1,0
16250.976480072493,1,32.96701755423195,0,1,0
47742.3206361502,20,46.87591818018013,0,3,1
71861.28441966319,19,33.50319052084683,0,3,0
24809.297550326424,15,25.323435717114787,0,1,0
64097.45683653385,2,31.96739222333294,0,0,0
66693.38785675727,16,25.31950204450304,0,2,0
16353.704406475732,4,29.344472375975762,0,2,0
56552.022714030354,7,37.00925706565246,0,1,0
77185.52840676291,11,40.11605090369021,1,2,1
49939.676887140595,22,19.09808676745702,1,3,0
1309.1013659331318,11,34.826319924909015,0,1,0
1002.9430610212885,0,29.133842644402478,0,2,0
35767.23146260421,0,28.515851910411875,0,3,1
92626.78743633501,14,36.326846191330766,0,3,0
22944.810282400515,16,29.495481273107877,0,2,0
63472.932518281545,1,48.82137994846674,0,0,0
22285.379482262724,16,46.8806187625106,0,0,0
32234.83196698891,19,46.8182829394204,0,0,0
84819.40475118825,8,30.050898045096982,0,2,0
72913.25808276769,11,25.375011650806776,0,3,0
9630.387803589741,3,35.820299293881156,0,1,0
42927.33189654472,12,33.49651633713733,0,1,0
3014.05938816192,3,28.91176837576635,0,1,0
48140.9256456406,6,23.242655533330385,0,1,0
66277.1577689367,13,34.58482030731928,1,1,1
11938.41209745534,8,30.959305497475267,0,3,0
28959.60539702565,22,41.883470370380195,0,2,0
39843.87888766548,0,41.651060515214795,0,1,0
91961.14936313937,0,46.00799805422717,0,0,1
99326.1760407541,19,22.40704448119962,0,1,0
4586.638769662024,3,39.01058307693633,0,1,0
76124.69155718967,0,27.725342937663278,1,2,1
37235.23423359409,21,22.795857891889153,0,0,0
39306.57280432506,9,30.7139776305129,0,0,0
75451.07083736757,1,45.68704980134618,0,1,1
91850.80057132633,20,31.27681646429516,0,1,0
95097.76659080459,23,50.65454659959112,0,1,0
57754.54634522825,14,40.48878515520333,0,4,1
35776.40381412023,2,31.05909521019423,0,0,0
78776.15367729205,22,46.600484289064084,0,2,0
25175.038187903796,8,39.45396772114286,0,1,0
56450.995480468424,16,25.674406115532946,0,1,0
35921.98830633483,20,53.588026355805155,1,3,1
65697.44426341682,12,37.594788230864765,0,0,0
24115.85139806134,2,35.18796191985492,0,3,0
19240.135278909096,3,26.44467330094384,0,0,0
91832.08475887617,3,46.79538267607738,0,4,1
10270.187926658737,10,40.172754273613066,0,3,0
50645.19498271967,6,41.292381802952406,0,3,0
22163.193018004593,10,29.924686564742316,0,2,0
3989.103336234178,23,43.341005719100686,0,4,0
3698.2799473134965,10,44.11813593570802,0,2,0
17604.655033372153,9,28.312217612188775,0,0,0
86690.35841514943,4,20.83009860319009,0,0,0
28319.626523304963,12,40.81373059338924,0,3,0
95050.87114047204,11,19.266530503942604,1,2,1
58204.06706962043,9,36.52015777837779,0,2,0
43717.757557899735,6,30.527548952126928,0,0,0
58050.874583478515,18,47.18665210788921,0,2,0
51718.16868410415,18,31.071561092327926,0,2,0
75901.74775035678,18,46.07272972003804,0,2,0
28321.356990687942,11,29.857905556369737,0,1,0
35369.734120870206,19,44.999910050596114,0,1,0
89420.02082307175,21,55.603415438368316,1,1,1
94651.0056637255,14,24.319528616337596,0,1,0
89266.5669258988,4,37.92035721730908,0,2,0
42002.85459633563,23,62.48782415910065,0,3,0
78058.51375038749,13,35.66588826902922,0,0,0
47685.93975677977,11,35.617882702296484,0,1,0
49804.231229395606,20,42.884989473510196,1,3,0
20547.542894822665,10,35.41080864094754,1,2,0
59153.9172955258,4,18.0,0,0,1
18694.97618555946,15,46.322873748389384,1,0,0
33223.313436812656,17,18.0,0,0,0
85517.51714183151,11,30.832083488616583,0,0,1
20786.873340164435,4,47.074257491566485,0,3,0
7208.712688825938,15,31.434575713572144,0,2,0
6993.858502020349,11,28.06303507535596,0,1,0
94084.37359826048,22,43.7926390516656,0,1,0
50741.35175238728,1,26.488852131656135,0,0,0
41000.26597452013,5,22.77774280408046,0,2,0
81106.77024269105,22,37.74513987493283,1,3,1
83599.01019826056,20,33.17076701587409,0,0,0
33285.8842082489,3,22.56326885811158,0,2,0
69392.44394163214,12,41.3695253999487,0,1,0
77135.16930360347,9,39.644876055772336,0,0,0
65499.603617908855,16,31.40244983394368,0,1,0
15244.347972529928,13,32.086679938750535,0,2,0
87600.720043354,23,39.70392742009157,0,4,0
53955.54581832727,14,46.90361419752066,0,1,0
28318.99539436337,7,32.172067898906754,0,2,0
42580.295725225624,22,41.54688493008145,0,3,0
3853.3519308508476,23,40.65200217084599,0,3,0
12873.893442119514,17,43.79307292708977,1,1,0
76578.1203765345,2,35.39309198743465,0,1,0
101.1623120610775,16,25.87674485933642,0,1,0
41714.926265380986,23,30.375008468000306,0,2,0
52298.76709045029,23,38.42853465781648,0,3,1
5557.978558097132,6,53.18464378381593,0,2,0
97310.50848093606,12,30.159803768037214,0,1,0
22689.920591842227,15,43.04787443527399,0,2,0
30489.452091664458,4,31.7194354932324,0,1,0
30463.85697427723,3,36.10468755886136,0,1,0
23118.624545523257,9,50.15396749263593,0,3,0
247.23482642251045,12,42.64292581420433,1,1,1
72961.54492939083,9,22.587007272590434,0,0,0
96687.86542994861,13,29.27524976188409,0,0,0
22506.918980176,21,47.56221344441359,0,2,0
66338.4144611619,11,36.418780426284954,0,2,0
74215.44306317564,0,23.511598803841366,0,2,1
84857.69537114342,20,26.81047555026279,0,3,1
42320.65678165955,19,42.03493522711172,0,2,0
30362.79747347888,19,44.944102812176304,0,1,0
32596.98388890081,6,35.178553014821745,0,0,0
71290.87117654143,8,59.753138009361024,0,1,1
81696.26870391304,7,43.24152363455639,0,3,0
18243.235378884605,12,32.565189303671,0,1,0
37157.00671496074,13,26.842939519006556,1,0,0
90203.82565524009,11,25.251156953609588,0,4,0
80688.68261750446,7,38.35421320480369,1,2,0
98487.35443597134,20,30.112229550865933,0,2,0
75449.40114223986,21,51.73743753983425,0,1,0
39380.20058268944,17,49.66311802917859,0,0,0
59104.719616064314,15,41.33066547497227,1,1,1
66135.3239993073,10,23.210038270431042,0,3,0
7937.736050080683,15,28.27781127447595,0,0,0
54495.24621447612,13,47.556775257411005,0,0,0
70961.1507644137,2,29.36933800204898,0,1,0
16815.398269705933,20,46.22141733919524,0,1,0
78085.10857081316,1,39.74603923034761,0,0,0
58418.900773359754,2,35.51717884813187,0,0,0
95226.9563911897,3,27.97167187064559,0,1,0
4337.987590868481,21,34.05756156475248,1,1,0
26606.08114179115,4,36.89647954874898,0,3,0
60195.23254205242,9,45.325388983011216,0,0,0
29726.33522937248,19,26.142643993662453,1,2,0
71470.9739907171,1,32.37183157473885,0,3,0
75924.62772394091,11,35.44823131932285,0,4,0
10341.344810240798,4,41.62678357686165,0,2,0
51434.0609742561,4,25.91535662477223,0,1,1
50938.16650354648,22,21.83430207112785,0,0,0
36991.14894453255,0,41.7396515171005,0,4,0
93299.19377071025,3,19.820508850532967,0,2,0
82767.8813553348,20,47.849797147621686,0,1,0
69751.21725277271,23,33.44073902517092,0,3,0
71461.23090992625,11,19.52468917725554,0,1,0
46225.442766930595,11,30.195797805965057,0,2,0
92107.35265754793,15,38.79123633069237,0,1,0
69490.08318260321,23,29.672989124450222,0,0,0
72925.20805941607,16,35.20029748824348,0,0,0
86182.92128835579,20,42.40078365705286,0,0,0
27479.75177528488,9,32.9780966461238,0,4,0
80726.38329628363,16,25.629423235338663,0,3,0
19604.536235353553,16,32.01016002628159,0,1,0
34599.661029264294,17,49.1484013645926,0,1,0
33627.48438155729,1,51.85064345333184,0,2,0
97854.69429207515,3,18.0,0,2,1
85668.06865241789,18,45.910279091914774,0,1,0
70146.86917286695,10,37.50147716035356,0,1,0
72732.97048537747,16,44.2398267912015,0,1,0
56251.07216081685,11,29.495117397323703,1,1,1
94714.35764414106,1,18.0,0,2,1
49676.24941294792,5,40.844887886474616,0,0,0
38113.719216002464,8,25.59022738717283,1,5,1
16387.23015946594,4,21.117075685151477,0,2,1
78641.94466087969,19,21.815986175265337,0,2,0
73470.94881435159,20,41.00913782415334,0,1,0
38497.06834856107,8,36.39452466029197,0,0,0
2616.8220545270133,22,42.824660218746736,0,0,0
83915.83303902927,7,41.69075254496365,0,2,0
1240.656547061956,19,30.79066435416234,0,0,0
70399.6079849422,7,34.29526426122544,0,0,0
97028.6852616331,21,29.885624712174604,0,1,0
43822.36668200553,20,32.89672227134509,0,1,0
23573.843159095682,22,25.32745262018934,0,1,0
70516.61390333383,5,38.90484293874335,0,2,0
81731.10138735696,2,45.75120748981757,0,1,0
54688.38857617695,4,26.833869701790135,0,0,1
96706.823998089,8,47.81269645401343,0,0,0
5261.705293630314,6,36.135214964779415,0,3,0
50529.08027062236,3,37.41078976405813,0,0,0
71873.54933752275,6,18.005704803924818,0,4,1
86277.78306780299,4,18.0,0,2,1
18007.635629588225,10,36.44116362779682,0,1,0
80020.34782819178,14,42.897321246320075,0,0,0
55315.436864282674,1,28.286195563550475,0,1,0
39715.712830797325,12,51.70093900583089,0,2,0
13258.331355051447,21,42.34935974254316,0,0,0
86543.04631500035,15,25.91658748292015,0,0,0
15811.593497153564,6,35.308486670535075,1,0,0
31047.807134989012,7,59.76929133723412,0,5,0
29075.548643047445,5,22.574359972002945,0,2,0
87154.26201566635,23,40.282699389151055,0,1,0
67303.0291214689,6,31.772554472766576,0,2,0
79688.4715794181,17,42.06896290918512,0,3,1
25121.743089370648,21,47.67273646318382,0,4,0
62524.92255073919,21,31.137629112886327,0,0,0
57217.4237160605,19,46.18912271707174,0,1,0
83299.75464114828,6,57.21203394271961,0,0,0
90618.09734207793,2,35.66274737344235,1,1,0
1314.461470590942,4,42.848886874941854,0,1,0
67434.58991397338,0,29.09559229796725,0,2,0
5278.396332060929,14,35.19259309031212,0,1,0
54930.980641227856,2,33.23324907291757,0,2,0
28834.509631463454,7,42.96935925658596,0,2,0
30746.982292261906,8,47.04675935756926,0,2,0
35360.55449489042,14,33.903451508825405,1,3,0
62167.11566005605,9,50.336228457329234,0,2,0
33471.59157031005,1,50.30047441561629,0,0,0
73296.63515396901,19,43.46853743179901,0,0,0
40512.28581882958,4,29.83973468278272,0,0,0
6928.484710964866,18,28.88171183260097,0,0,0
78397.6082641623,12,26.876186453099614,0,2,1
28647.25662681133,10,44.49166070238161,0,2,0
43333.41127196634,0,22.882317925106356,0,1,0
68575.84393386796,21,41.76837654111007,0,2,0
33312.37009915633,14,24.18890652175887,0,0,0
5752.907049056891,17,43.235461198419735,0,4,0
37454.71259658008,15,35.17219582730561,0,1,0
94450.41341116092,8,48.33638561859827,1,2,1
64209.26629012596,0,46.41454578321271,0,1,1
67180.76695185398,10,49.35065412002112,0,2,0
63264.98714840022,8,49.60818718289113,0,2,0
19979.314682047734,22,36.436308339881975,0,1,0
41891.55302381778,10,23.412069335753955,1,3,0
75118.8858564955,12,24.474769450026216,0,1,1
10227.152465560599,1,18.0,0,1,0
27857.492331362257,13,24.163341665719066,0,2,0
27704.278935738777,5,35.68823657704649,1,0,0
43258.69086669115,7,29.403458191748378,1,1,0
98038.83722012429,17,33.19864395590149,1,0,0
6843.504413713812,15,39.92715419461401,0,2,0
51918.229338621444,20,31.95934741934242,0,2,1
18018.531733019823,11,23.781711995874158,0,4,0
97070.58688643343,10,34.46766332436568,0,4,0
11419.020122273674,5,26.01509513227155,0,1,0
40419.74013592296,2,32.292135030209366,0,3,0
73814.70998497716,13,48.42776964423003,0,1,0
70484.98735994178,1,32.294946959038256,0,1,1
42330.59082570383,10,52.70957553347745,1,2,0
34717.76437847655,21,49.316359869379696,0,2,0
39821.47661743177,2,29.206946914209567,0,4,0
26501.198689548062,17,23.888762335842245,0,1,0
20612.7605768093,0,34.47445838079807,0,2,0
48355.66578613311,23,46.53327763396889,0,0,0
26926.522231153973,0,30.098090937713117,0,1,0
28817.420323235285,11,44.08090298262139,0,2,0
65709.93074110826,14,47.08439989136088,1,0,1
96856.87943681923,4,27.259743496373943,1,3,0
60403.35633588157,5,28.23948911711413,0,2,0
7790.248759790131,15,42.12662032127007,1,0,0
7650.803024021291,11,36.518475496415704,0,1,0
95147.17976247203,11,28.13938473456321,1,3,1
29799.34995170263,2,31.478195518804128,1,2,1
9297.491909639295,22,34.29480447272581,0,2,0
59944.55425632312,1,19.351455750445396,0,2,1
62402.51295119758,6,42.656431064826954,0,2,0
64885.631529856946,1,30.213078110608087,1,2,0
26813.462582968376,20,18.0,0,1,0
1609.5573530260558,6,34.76129031690547,0,0,0
96505.03540850175,10,27.584287411064924,0,3,0
25164.215264541137,10,51.88822192302676,0,1,0
67635.0261764495,13,29.145549790800317,0,0,0
70692.32400088309,2,24.02356636421389,0,2,1
61039.74096624062,13,40.07932669962016,0,2,0
31359.448681943457,10,28.39552631992417,0,2,0
27182.51575103017,3,27.205437987477676,0,1,0
59807.06144200004,16,40.09501382824406,0,4,0
86622.95379780798,15,24.595326921104338,0,2,0
94678.69951944721,2,20.42726341800547,0,2,0
10679.989859935387,9,52.259980020943374,0,2,0
15567.378398512214,20,40.794987376006446,0,2,0
94479.15225242966,14,32.35790715005635,0,1,0
73679.86931064578,7,34.96522790298064,0,2,0
88311.08310049433,17,40.05864358116156,0,2,0
20343.00015012078,2,44.7333744961342,0,1,0
58799.828523829245,6,27.44024708684988,1,1,0
70143.84548230562,9,38.66146525965682,1,2,1
68043.17735615256,19,29.932958237897616,0,0,1
40874.35391758314,8,33.110187554873754,0,2,0
1637.9496799617168,13,36.60692867464905,0,1,0
58334.313074745885,22,34.933214269473275,0,0,0
25384.843764042915,13,42.355668983025716,0,1,0
45080.39918967475,10,39.87086559115594,0,2,0
95762.34340687335,0,19.918307906278223,0,2,0
39963.62823247923,3,21.421767929345577,0,1,0
83996.18050577622,5,31.30283315240707,1,2,0
18935.20651435019,21,53.28625262441825,0,2,0
67278.80375270038,21,26.484081674983976,0,1,1
97702.99474845045,4,32.917772903872475,1,2,1
10279.120777206386,2,29.63653973043478,0,0,0
931.162228496482,1,29.459556159119202,1,1,0
43414.92098399817,2,36.782397439050555,0,1,0
9353.285756831583,8,49.00777276195652,0,2,0
74863.59653265552,18,39.559683998805895,0,2,0
91463.41151847104,18,26.964690385729078,0,2,0
43458.69517360501,16,62.53229510803207,0,2,0
25945.29305132855,17,35.78573220961126,0,1,0
43496.891568760315,10,29.227790436178864,0,2,0
72372.4370032151,11,49.12096374677589,0,3,0
1004.5107418790608,2,30.309293820561816,0,2,0
58986.45354952125,17,51.62913654987443,0,2,0
61367.83932024917,23,26.293572090333335,0,3,0
63805.05586490396,5,49.300303889213694,1,1,1
24278.005790089635,6,37.01047664281695,0,1,0
71433.86706547486,0,47.91052232702434,1,0,1
9230.009484544464,5,54.01765708701544,0,1,0
20007.1066130334,17,23.673927094787462,0,3,0
87759.25766078275,12,47.757718207583224,0,1,0
73898.44275758398,21,20.910960955745953,0,0,0
1473.1808457333907,18,24.528156447517716,0,0,0
24912.78841094304,6,26.965905402075627,0,0,0
21519.20765101714,18,40.03636636177861,0,2,0
27153.55217089356,8,35.3301587693486,0,3,0
24831.221050960652,2,33.328639158371644,0,0,0
6346.3769447102895,22,36.46235279022361,0,0,0
45948.15760802235,11,40.91289589293473,0,1,0
73300.0741311379,19,41.68248123941353,0,1,0
60712.4992992719,23,45.94166835615131,0,1,0
67319.87969294818,17,53.200348127674395,0,1,0
8206.80293577029,7,34.78637627558523,0,4,0
95153.92194666104,8,29.789110378690836,0,1,0
83865.33420091818,12,41.13536129185188,1,4,1
80528.5228177167,7,23.557451837353796,0,1,0
82316.08212367258,21,28.212958678883886,0,1,0
93277.77976246286,9,44.9938094639279,0,2,0
54470.9712147584,16,33.75871625182296,0,2,1
20108.173584975826,6,22.91807541641961,1,3,0
61716.68242446886,16,20.10196934634826,0,1,0
74313.86121742711,22,35.48716679393807,0,1,0
73817.94759606714,17,46.418965369680095,1,2,1
52192.757514271325,23,46.28545777531187,1,2,1
6939.026061424448,1,36.10880502892837,0,5,0
37174.18254916977,2,55.089094190961276,0,2,0
92084.5841854894,18,33.95179634059537,0,0,0
58486.44608476686,0,33.61432376602589,0,2,1
53879.36113124577,20,18.0,0,3,0
26958.466086781133,20,30.526370508387842,0,0,0
36908.04709966623,9,43.52015034908494,0,0,0
89545.07430640161,20,50.63961336859704,0,3,0
66679.6584479309,13,26.697653663327152,1,1,1
78759.96397255805,12,39.62252329293048,0,0,0
45489.10776445875,8,45.46879032323288,1,1,0
63061.69722367018,5,35.11208153195899,0,1,0
24913.52251344643,5,18.0,0,0,0
70575.53694532027,18,37.47289999574252,0,1,0
42817.373236963394,20,42.61430624060893,0,0,0
44310.296929993085,9,25.52577104981541,0,1,0
64967.30022523048,22,32.45845469125613,0,3,0
93634.43408474578,2,23.44503957871236,0,2,0
6494.23402620123,17,18.0,0,2,0
82491.84941096605,20,45.270044117876566,0,1,0
29309.072730178093,18,34.96251466198149,0,1,0
44447.55350518714,4,50.97674996704983,0,1,0
2289.1415446233946,10,43.57322191906177,1,2,0
30174.50317564787,9,31.457902383345512,1,1,1
50312.861138750035,16,34.168193398955914,0,2,1
5711.990127009158,3,40.66177390770172,0,1,1
49160.4633653782,20,44.668834167557435,0,1,0
92718.35182295689,17,38.226706307420116,0,2,0
10628.782488969742,17,46.05593145289484,0,0,0
76467.62873474289,0,32.033312633255285,1,1,1
41026.13823226166,13,25.028564532143136,0,2,0
65551.85408098137,7,34.351907464388695,0,3,0
26097.636138724414,1,37.05184890736184,0,1,0
16033.277027881693,18,22.984646052607133,0,2,0
16130.215165695521,14,21.63277915853378,0,0,0
7142.14536975015,1,39.47386296473427,0,2,0
18646.105819634176,3,30.936431486295763,0,1,0
66455.51656039793,0,33.34159094337998,0,3,0
88180.89212316646,18,31.403073342991764,0,2,0
81431.15599055706,20,50.20600901763212,0,0,0
68544.91755646096,9,47.61761160395,0,2,0
11132.143154769157,0,22.62646309960832,0,1,0
28989.82588496539,19,29.67206786919553,0,5,0
31049.706844714652,21,43.50004267969593,0,0,0
25070.69894512236,14,41.01936237103242,0,1,0
51549.06540500134,3,34.585420376702146,0,3,0
53601.82610647929,6,23.623997950357648,0,3,0
35752.90891959391,6,28.17459953846454,0,2,0
35443.53695776996,21,29.832324324537105,0,1,0
82872.70423081753,17,37.76994331119101,0,0,0
78950.3555471366,12,52.03727154697238,0,0,0
30848.80358490649,9,28.131197652118722,0,0,0
91387.4655429386,23,24.739647524447598,0,1,0
95286.22019855035,7,33.914135231720564,0,1,0
32741.579948801078,9,45.31738980514059,0,4,0
35507.052384426184,13,20.531170332392968,0,2,0
50612.851926853684,13,49.53634150874947,0,1,0
94117.96917211398,19,33.27968637884331,0,3,0
87644.31137091693,21,27.656799976866264,0,2,0
10346.539462100622,10,18.998107132378404,0,1,0
39333.80125281448,5,42.065207734206275,0,0,0
55381.781856002206,20,33.28828804758465,0,0,0
50362.934007898846,0,36.707054827545065,0,2,0
19466.92048689558,18,25.991882589886362,0,0,0
85895.79543969866,6,31.809039657489762,0,1,0
67726.38422138405,23,30.13418753645262,0,3,1
83807.04664769518,17,33.99406894621792,1,2,0
85890.55150701228,2,28.304476736241895,0,1,0
74860.7497812074,19,19.658190393127786,1,1,0
43977.139064846764,10,62.28499745296607,0,5,1
61093.62082604091,4,21.36595752662486,0,1,0
16120.50407136234,18,36.81459006942539,0,2,0
67397.17720574328,20,18.0,0,2,0
18007.400248354148,23,18.0,0,2,0
69425.56409196467,23,35.978264918522676,0,3,0
23036.85625932147,1,36.74367587768303,0,0,0
11843.374885006975,21,47.61498990802384,1,2,1
16611.92056528145,3,38.99546841015706,0,4,0
299.01430838511976,9,33.50189281254209,0,1,0
71902.08782356766,1,25.50399755934996,0,3,1
73266.86480093208,7,49.99012068233549,0,1,0
51541.84165633462,0,44.28851246050224,0,0,1
16220.143825432831,5,22.536705222515753,0,0,0
8447.078317317906,10,35.37963728210635,0,2,0
2010.9837470849723,9,36.44052231526497,0,2,0
16658.24287882555,12,31.54346343394331,0,2,0
89096.46794481637,0,42.718504858067945,0,0,0
24229.53048599801,1,43.31733138348177,0,3,0
35491.705588999845,2,33.09514302194894,0,5,0
10624.013899685186,8,32.19130754202342,1,0,0
22313.89434434221,4,49.98958462667532,0,4,1
51970.53462094249,9,44.32838892362237,0,2,0
60814.49304125569,9,35.72360389908385,0,1,0
24610.696185204484,11,18.707909609199465,0,4,0
5867.442706589209,17,38.44000106305036,0,3,0
39164.18362582713,20,41.980834649176686,0,3,0
23496.91675554078,20,18.0,0,3,1
22033.436930657215,0,37.518694483180255,0,2,0
95990.29399107418,2,30.833080132042646,0,3,0
61668.41854397983,4,32.791457198704485,0,2,0
55732.15647289238,16,25.92619047236679,0,0,0
41635.93284197986,7,33.51810709596358,0,0,0
42951.53890967141,16,48.919915761813314,0,1,0
54136.409883424276,8,30.536015011844846,0,0,0
69673.33772290712,5,44.65573558793184,0,2,0
70244.39500856477,16,26.936687811203896,0,1,0
17252.22137977441,7,42.58756192656039,0,0,0
50061.26393245503,20,35.016558556219515,0,0,0
41254.61369390679,6,38.520248287892805,0,4,0
87065.64393031147,6,35.07153256097487,0,2,1
63178.7502297158,14,41.416252324412085,1,2,1
53297.15623495658,6,18.0,0,1,1
11627.924753673846,21,20.801746865424306,0,1,0
60603.2251434088,7,39.170804980086444,0,1,0
11808.670177455318,8,18.0,0,0,0
33786.936899018634,14,29.694196443527908,0,0,0
14369.912284951753,1,34.456591589633504,0,1,0
69238.15733773446,6,26.71859862387103,0,1,0
20704.586172231644,14,28.084385973062265,1,0,0
39246.751381483795,17,37.715822001535926,0,3,1
89577.91028411599,21,45.09294955779809,0,1,0
20511.206701557134,17,25.415506187451925,0,0,0
50829.72588948203,9,29.249418038126297,0,4,0
41985.2389504856,21,27.68739026672955,1,1,0
1910.5917004684004,17,18.0,1,1,0
79296.535545924,0,36.41711790317509,0,1,0
6997.686040828513,6,44.34717745828492,0,1,0
47478.07659559767,2,45.16643207315882,0,4,0
56111.7616644011,13,26.29233623559261,0,0,0
62879.803015797246,11,22.483019514798574,0,2,0
68894.29976785678,13,35.216055475916846,0,2,1
25401.911113919236,3,43.29273686566467,0,2,0
1096.8797881790924,12,36.54850448310384,0,1,0
72372.02186925571,15,37.893046358737614,0,3,0
53612.0942748231,15,46.41830927736233,0,3,0
83628.15855040416,21,27.608634407692968,0,2,0
82156.69745377936,4,32.800299133269704,0,1,0
84348.28416200953,19,51.34605511761201,0,3,0
48560.956531956064,5,33.03188876902373,0,2,0
33429.47674410288,5,22.32663034033429,0,2,0
79176.66443887787,17,28.30643903749705,1,3,0
45184.281891622566,5,25.618201487787577,0,0,0
18425.87542070311,6,38.571625857012705,0,1,0
85511.9045541913,23,26.04052996411221,0,0,0
88267.73168955749,23,37.71034252861244,0,3,0
46684.344638402996,15,27.639347814593503,0,2,0
7662.402758247768,8,18.0,1,0,0
38843.82638270143,12,38.06619786981922,1,2,0
80373.41218031407,11,36.48463681546889,0,0,0
90187.22545176824,18,40.177578157088405,1,2,0
20426.926975509825,22,28.270127808347432,0,2,0
6790.6638413246255,22,27.204555246406237,0,1,0
87747.31026797058,0,39.01466858481545,0,1,0
39001.553403989645,7,50.190195725309806,0,1,0
54221.92033032957,3,35.11168009506328,1,1,1
96809.77462387082,20,39.24585096047145,0,0,0
6749.816318630863,21,31.78412315574293,1,1,0
64866.968944464345,18,19.563694781263152,0,1,0
7503.13171522922,20,44.67429419154058,0,1,0
37609.345953803386,4,44.084142390861615,0,1,0
80401.07306482534,16,42.10774025175194,0,1,0
43403.87605228788,2,33.18054561657581,0,0,0
99718.51715490475,18,40.970560997385405,0,0,0
55950.02256616556,0,43.937617973878304,0,1,1
32184.099048331755,22,51.20158684956707,0,0,0
22089.121457884838,0,44.88526104647442,0,0,0
35117.00137518757,22,35.63821225033639,0,0,0
37316.074048579125,19,21.917467445756284,0,0,0
6964.496404623701,8,36.55658297671741,0,1,0
37020.46252273464,22,37.565773958493075,0,1,0
46477.42812194857,4,42.09029775318304,0,2,0
72301.50144865658,6,48.53891859323426,0,0,0
65707.27552368863,5,34.048494879432205,1,0,1
70905.68895739251,16,56.00987189813111,1,3,0
935.5318194980241,21,18.0,0,0,0
21844.97321809555,16,39.19341872461625,0,3,0
66202.26041114566,12,27.01479607815972,0,2,1
48450.53788115674,11,18.0,1,4,1
630.8162192677601,3,32.982256237008414,0,1,1
80469.01477893905,7,20.428273015790435,0,3,1
77303.6763717047,4,33.385721019671834,1,1,1
54887.074383056904,4,35.347692480944566,1,1,0
6739.686245049585,12,46.1854140933595,0,1,0
76674.8534483052,10,19.924148652360625,0,3,0
58412.987414363255,7,44.08445165645772,0,0,0
78217.80171808013,7,35.98080450279794,0,2,0
75199.52454034446,0,45.28849153609595,0,3,0
80319.90698858793,12,30.682488249688724,0,1,0
51849.00583382202,4,21.677554132365547,0,0,0
14118.419367532148,20,22.82500673784134,1,3,0
67148.6315906309,7,22.08192546332884,0,1,0
62085.33112669186,16,39.77814152920655,0,3,0
74251.0934011888,22,49.769220222147,0,4,0
17071.112504468456,22,29.350484733447797,0,2,0
19578.022470038894,12,41.291352982577834,1,3,0
89051.91077021092,8,19.765579418643803,0,1,0
75022.78206536187,1,36.80321249177299,0,0,0
90832.02602116225,18,41.68562616337127,0,1,0
75895.66058427568,19,20.518752247231316,0,2,1
59755.815068431155,16,32.96116531020145,0,0,0
65447.860429084576,6,42.159171404855655,0,0,0
88923.879601607,2,18.0,0,3,1
57922.794775742856,18,48.354530617017424,0,0,0
63275.8933004059,18,38.536793758910484,0,2,0
15732.023928759698,23,42.16727647717343,1,1,0
47444.72988959866,8,30.872807208052357,0,0,0
71668.07148461409,9,18.0,0,0,0
27167.175561804906,13,40.340629563169514,0,2,0
20305.19263440104,17,34.17409674583488,1,5,1
31451.298141619114,14,35.32115455432321,1,2,0
24225.91273648406,0,45.876069851989534,0,2,0
21569.772439935947,5,42.62063873862598,0,2,0
42542.59920252189,14,54.212374170896126,0,2,0
90793.06753696506,5,36.53854228873499,0,3,0
50755.25870919796,17,28.087875622088827,0,1,0
18873.24604345077,0,33.115831530912736,0,5,0
7789.46977114932,23,39.156633725386065,0,1,0
69645.99889927873,2,45.158565189929774,0,1,0
38341.59656719514,16,20.329660485612813,0,0,0
82200.9115638774,15,35.08537615179169,0,0,1
65985.12578721294,7,51.09541657038369,0,0,1
79644.52090908271,16,32.597911289974796,0,5,1
27267.40933790303,7,44.310118548691044,0,1,0
69266.65635385971,16,39.93117527216005,0,0,0
26479.792270902504,8,44.5586060652498,1,1,0
93912.94109708413,11,26.902394584000675,0,1,0
63673.7907251841,18,26.945983299344192,0,1,0
32518.728837516675,3,35.20271892122288,0,0,0
27024.235042998036,20,19.677782127596885,0,1,0
19173.565848657185,21,32.30259393388342,0,0,0
69494.63179348341,10,37.52876657515667,0,2,0
21949.689738492936,3,52.84635606949772,0,2,0
59570.796266156154,13,39.027181892698216,0,1,0
26537.0391898432,13,41.252284708731025,0,1,0
66230.69758490747,5,46.64475847050006,0,1,1
81512.47888119986,16,25.353424111049435,0,1,0
77824.72179015086,1,33.34917337629014,0,3,0
76109.0479599851,7,59.25412591803892,0,0,0
18853.46832865598,3,34.20877777615491,0,0,0
8929.656203753419,9,46.16430748782207,0,1,0
69924.98796588983,6,44.63737877173107,1,0,1
36897.88665805569,3,20.21886285612311,0,0,0
43291.38801769439,15,38.10479277005933,0,2,0
3211.7943700597675,13,36.46747472205226,0,2,0
26031.687282577415,15,38.299587878404346,0,0,0
3464.2727470589557,8,27.458875202089402,0,3,0
87930.65868286464,3,23.83080488087841,0,1,0
24415.328653531193,23,30.239899999791486,0,3,0
55777.98324034351,5,34.022050029157974,0,2,0
3994.034134046928,0,46.849844476003156,0,1,0
66718.05439143525,6,53.17310819725607,0,1,0
32370.43184083398,0,48.965978462231774,0,2,0
89802.12677707082,18,43.601852107818445,1,3,0
88823.00707451018,7,24.9565973770041,0,2,0
32596.532774338604,2,30.911038250105044,0,1,0
90105.99347947774,0,37.09926052412998,0,3,0
99616.15158252801,0,28.67560961923825,0,1,1
82559.0248459824,6,40.77205652527951,0,0,0
84502.64764074738,20,42.20486108254288,0,2,0
24975.97273729808,12,40.36290062565469,0,2,0
57712.56964588985,0,45.251346045575815,0,3,0
6818.865805340049,15,25.954087862869258,0,2,0
9582.301888484804,21,44.32828704092198,0,1,0
99889.37194212573,21,28.04354549879804,1,2,1
32731.261017648503,13,25.590640473571145,0,0,0
74843.57281367976,3,40.321161341863814,0,1,0
80685.83879737896,22,47.158735621989806,0,4,1
85816.5247736222,22,39.8801348637601,0,1,0
99763.06691047543,11,35.20804023772544,0,2,1
24225.4988771611,11,38.10153826101507,0,2,0
4131.047603284001,16,36.3642691806728,0,4,0
41178.032647659136,20,23.74049103864606,0,1,0
13095.0589159118,14,22.573798550550848,0,2,0
2340.346327289307,9,34.211741205265454,0,0,0
36106.640031434465,2,35.798568357693036,0,2,0
78395.45128241612,22,35.11332378367734,0,2,0
56661.45105338458,19,41.76101613649913,1,2,0
31346.52112211437,19,32.8452328383566,1,2,0
65468.7663487227,11,40.62979181904856,0,1,1
23278.61621285019,0,33.55413232673552,0,4,0
1536.7064626012939,0,53.23358962036466,0,5,0
76458.9033049991,9,35.807137267264466,0,3,1
62411.93417791451,17,58.407226115256776,0,0,0
76254.0321876459,14,38.52011591090864,0,2,0
3989.9078670977947,1,32.863228294117846,0,2,0
83728.25082028215,16,26.005520237403253,0,0,0
61990.6673836267,7,20.571114259423062,0,3,0
56383.19553619275,21,25.085577156038433,0,0,0
62498.9434066417,21,26.203936908360102,0,3,1
86456.88136214958,8,38.94820020412177,0,0,0
58734.95700523481,20,29.738346289398123,0,1,1
58136.942950829114,19,36.86927052554498,1,2,1
99068.84779087,10,47.81978362376686,0,0,0
75697.34369014994,5,34.12191648365146,0,2,0
44285.151164568415,23,55.79156698466804,0,1,0
70768.96030328948,13,23.241890196608022,1,2,1
38984.12412200967,0,33.49416451625072,0,6,0
22964.65870210155,6,29.606870763890214,0,3,0
59725.50250108717,23,44.36506606057008,0,0,1
92825.39160158375,8,18.0,0,3,0
92921.03804954473,10,20.568847108221888,0,0,0
34256.33728273848,23,33.926531775490375,0,0,0
52814.97887554733,22,50.51377721009493,0,5,1
21242.426267129133,15,37.25841834037307,0,1,0
99563.54783893845,18,21.484525457357663,0,1,0
98113.67899600678,1,23.028334073097696,0,2,0
64985.94207777399,14,51.72989702844953,0,0,0
80460.96456177959,2,28.78865201203759,0,2,0
71538.50611224164,3,25.57036627550236,0,2,0
59356.50608204287,19,49.7737256063086,0,0,0
5429.46489919088,21,45.110970055869906,0,1,0
45530.95782101084,6,47.74059643266796,0,2,0
67511.15158652431,11,25.499581197341833,0,3,0
67785.4082269801,3,19.748943589856395,0,1,0
37374.94958039612,9,36.33166489362706,0,0,0
94175.02946713725,5,38.35126133073664,0,1,0
16818.967520454422,21,38.64601803704832,0,2,0
50085.90867693451,13,49.78183935639002,0,3,0
69119.3092574272,2,18.0,0,1,0
69743.86700859174,16,43.596950512977656,0,3,0
64899.03178120467,10,24.03374955852682,1,3,0
27601.29252384083,9,43.55735320860841,0,3,0
15705.036211793535,20,30.250432954786227,0,1,0
63630.43864998841,9,26.860282041094884,0,2,0
59970.28140232983,9,28.900972930507976,0,3,0
18017.665427895172,2,20.543897992234374,0,2,0
70543.40064249928,23,35.40428939833467,0,1,0
45571.68197419227,14,27.273266093395428,1,1,0
66809.28310115497,16,42.86298230900278,0,1,0
83752.97126903805,17,41.400560810329175,0,0,0
17055.870014834625,18,51.88157052902791,0,1,0
2012.5723128839843,18,38.663274835410775,0,3,0
77932.3483809391,11,40.20677767080074,1,0,1
61008.772772746335,23,49.00099811827814,0,1,0
69993.99300524995,4,28.723373039733037,0,1,1
83831.68200136539,23,20.117417871769675,0,3,0
80300.8123889676,15,37.000940591283936,0,1,0
96095.92267818958,14,20.77366530785596,1,0,1
53639.91437732661,14,59.5393867292539,0,1,1
48900.71370272455,5,49.55498292078943,0,1,0
40248.531269083935,11,56.63976333301581,0,0,0
15453.735180136033,1,35.62446976663129,1,2,0
57303.46256491404,19,40.50573593701598,0,1,0
27773.55118016528,8,30.40524568047356,1,1,0
92138.62047007625,3,43.829248055867524,0,3,0
58360.761347282045,4,22.844567879489432,0,5,0
59324.73403276021,20,18.0,0,1,0
35556.9736216133,7,27.092893805114333,0,3,0
5293.736262572978,21,20.445265243826842,0,1,1
3271.202160761563,9,49.77926736159536,0,0,0
42391.18090090443,6,53.15677455080316,0,3,0
8548.081271914061,21,20.97070927586889,1,0,1
60724.0108584599,13,47.9171560752124,1,0,1
88109.20326340178,4,44.513849835007704,1,0,0
88303.19017022035,15,19.302233152811237,0,1,1
65938.63647221001,14,31.09732469068382,0,1,0
21202.059964145807,4,29.198362778754802,0,1,0
86313.38345275132,2,42.479953986272,0,3,0
88620.7341877895,22,22.71220649094986,1,1,0
19745.693136800575,9,34.01127374340518,1,0,1
73768.86596849066,4,28.14065496050382,0,1,1
28723.302937819582,22,39.733411833851434,1,1,0
80283.76720405767,14,32.83207968312071,0,1,1
99724.06620036991,17,29.64754296059605,0,3,0
3099.597932406342,7,32.86703424367922,1,1,0
89746.8499925141,20,55.36042832840112,0,1,0
62300.790306505936,1,30.83100363880611,0,1,1
97340.92365456563,21,24.58994781716213,0,2,0
46554.45080089012,7,40.83433569155965,0,1,0
84754.05426408023,22,33.56475330577043,0,1,1
6333.167452967895,7,20.847660691335275,0,1,0
33594.377102821745,3,57.31496335202466,0,1,0
6794.952121345876,18,31.47521054413352,0,3,0
97536.77903455915,22,31.22130546038649,0,1,0
81715.69333645649,17,36.59835351908097,1,1,1
85269.48738247245,20,52.30116769208839,0,1,0
93802.72662024603,22,18.202546734810042,0,3,0
8601.838263366557,0,37.759858494205396,0,3,0
38621.199492082,19,55.87272161793628,1,1,0
7196.385415495813,14,36.287286807396484,0,0,0
21158.230844847858,17,22.6466602069652,1,1,0
23013.641126063467,21,28.816031470393476,0,3,0
46963.81038365311,11,37.068825297567905,0,3,0
26929.360528618894,0,48.30803915639862,0,0,0
10187.712871094333,6,31.606641555839392,0,3,0
16832.35980050136,18,43.266517974324316,0,4,0
14812.828798853883,0,20.646311729531106,0,1,0
97310.3721114386,23,20.562816304049456,0,2,0
75953.32144115551,6,30.171993113150503,0,1,0
96779.37038042925,1,49.38028721873262,0,1,0
44030.07460214006,6,35.68874639513769,0,1,1
27909.011318099394,18,37.898111955666195,0,1,0
79849.49040119775,12,37.78079595573527,0,1,0
32692.766412310564,23,46.09207982586731,0,2,0
30008.399033164293,4,28.89779307462146,0,1,0
23327.348621562334,22,41.882851084882326,0,0,0
13054.929924601112,18,26.691173361448698,0,1,0
25720.65979557492,0,54.8327265592076,0,3,0
35596.44287254138,0,26.996088957033102,1,1,1
67432.02139375846,17,26.17610696921379,0,2,1
6350.227737723212,23,40.496698134880496,0,2,0
21129.643272567762,0,35.79788431432324,0,1,0
80921.46166513847,4,38.268524062609345,0,2,0
14777.500166018699,8,37.27313795492318,1,2,0
34330.2501375999,11,24.096078011925613,0,0,0
86479.42629362819,8,51.133589290794845,0,2,0
15577.038583229922,17,43.93542205889109,0,2,0
8365.409878257171,22,48.58949951267116,0,4,1
48505.345708493085,10,29.71669110889576,0,2,0
30311.709176725784,0,39.165235447151716,0,0,0
56384.495611937025,18,36.97368462234691,0,1,1
80400.10855929917,21,46.28002626201508,0,3,1
13801.133966459041,9,46.602481318296185,0,0,0
58111.83854697307,1,36.93050802958115,0,0,1
50600.3251629474,6,19.820488681567483,0,1,0
14493.470722718637,19,52.79661887087689,0,2,0
62437.44870434534,1,40.55987433690139,0,0,0
27436.677744291086,18,28.915629586088578,0,1,0
48834.648422546845,5,39.06542138266695,0,0,0
8319.005195278482,9,19.889064515474765,0,2,0
46012.447315640944,8,45.553530674710444,0,1,0
30715.70045747775,7,20.28788255720847,0,1,0
82255.8829974169,10,32.79165507962917,0,0,0
5792.174827037091,8,37.4445444960555,0,0,1
41918.86676434116,19,45.38839711982094,0,0,1
45897.299270730655,19,36.06544676434374,0,0,0
72528.10702228195,8,41.3496287361255,0,1,0
57471.328751512076,7,34.718330915504474,0,1,0
66754.51248569868,14,34.678140490557176,0,1,0
77727.22363661043,1,35.85477250348298,1,1,1
86234.07706845306,23,33.10942079147625,0,0,0
31456.162122574802,0,18.134297569185645,0,1,0
53848.4682658539,8,27.316765063033717,0,2,1
84026.79703607607,8,37.44774841111698,0,1,1
98946.16798340913,12,32.50878996511281,0,0,0
88962.97917327193,7,33.441909178180936,0,1,0
37209.57953617524,20,31.766463305612845,0,2,0
19597.135070143177,4,26.36401607268182,0,1,0
48990.314486918214,2,30.06900539023706,1,2,1
74189.98103842062,20,31.931682556114055,0,1,0
49307.650168254426,3,35.05143140541849,1,0,0
48369.768245035484,16,38.93378344469712,1,1,0
83839.21906607188,15,33.19449709114261,0,1,1
36204.237528811915,15,24.703447443075806,0,0,0
85993.4880136834,19,21.019179600812166,0,0,0
40739.79961507718,2,60.97437207375224,1,2,0
32890.487257266104,5,23.70184969735437,0,1,0
45453.59212884993,0,29.81374998735617,0,0,0
76268.45117161935,20,40.17000302513935,0,4,0
12687.602583613028,15,38.60860609565681,0,0,0
19722.279665614536,14,40.20865692561573,0,1,0
95149.33808374288,6,30.572829304678244,0,4,1
17631.6135753976,1,37.38558070639547,1,1,0
56815.95906131235,9,35.61343664240864,0,0,0
57973.515219527595,14,31.87868632458713,1,3,0
49013.48375881946,5,37.4540974177134,0,1,0
64510.050332824176,1,45.55365546750707,1,1,1
23059.68990718208,23,34.77799776564675,0,3,0
55310.96055089714,23,34.84452846356425,0,2,0
37280.10819916503,16,45.68161034875985,0,1,0
66200.55923695599,0,44.613603598188135,0,0,0
14208.231982977632,0,50.83936440963483,1,1,0
57130.65394226368,3,18.0,0,2,0
18608.508502794037,19,44.0511918316939,0,2,0
27936.442005192137,15,41.01580045402179,0,1,0
21949.109052325963,7,26.143476022467347,0,1,0
18365.49420889483,0,37.515879179988445,0,1,0
82588.52406091063,18,45.51121747757998,0,1,1
28642.186009322944,10,26.708410775146,0,0,0
92719.66580825849,16,39.42562429022807,0,1,1
96995.65988198457,9,43.71353675731017,1,3,0
57168.920946716025,11,24.28980437468512,0,1,0
14385.812154306068,8,33.57714307554852,0,2,0
37517.369513620164,6,38.00968376642411,0,0,0
79793.45310848657,11,27.038684944570452,0,1,0
36802.33379683734,14,26.20846800906454,0,2,0
8793.020108448596,7,33.64955398137226,0,3,0
55722.81260172598,16,43.01639716903692,1,0,0
84527.57306445387,4,41.437340011921094,0,0,1
79613.0460756359,13,26.385872708136578,0,0,0
17594.80169902229,1,41.521678851156864,0,2,0
67309.18497980542,15,26.640602238334914,0,2,1
22128.375917221147,16,18.898302020065657,1,2,0
21898.932701762005,2,31.328564289527687,1,2,0
87419.770153188,22,46.22969371585736,0,1,1
25041.92837874899,0,41.55960552141374,0,2,0
26398.409917149318,17,34.98428192626806,0,1,0
165.27373705382553,17,30.832945164089423,0,1,0
87079.83650913922,3,31.102378638835688,0,1,0
79280.22183959256,14,36.087849058607965,0,2,0
62770.16061555873,18,24.315625141541712,0,3,0
75051.54981749035,18,31.51892654798703,0,0,0
15289.651885706731,9,32.84430538640231,0,0,0
45886.527099298786,4,21.489255415485026,0,2,0
35186.81679614321,18,26.61551749102425,0,1,0
9468.274973075948,10,39.10506791486382,0,1,0
48664.435472970916,6,35.09511839940994,0,0,0
92081.89106922927,4,31.91238208806617,0,1,1
4101.905993164379,19,25.885725624620363,0,1,0
29216.94525803001,11,50.76849825589217,0,1,0
20833.339526949778,18,26.620207853206814,0,1,0
23890.85070120306,14,37.51592807261738,0,1,1
90852.61173274959,11,30.121309119262047,0,2,0
46860.09851800559,3,35.36279292638335,0,0,0
46683.311352687895,11,39.57609741940372,0,2,0
76081.5066812827,17,21.29743410792114,0,0,0
15533.771180092088,16,34.93383755846512,0,1,0
48777.80887459507,18,46.90728648979845,0,2,0
43055.522890693865,15,52.61501893492003,0,2,0
59731.37798561095,10,33.69986026744869,0,0,0
99955.81455471882,1,35.41681207216909,0,1,0
76967.9445187965,15,57.11333028601533,1,2,0
39846.78373144098,0,46.349242815991985,0,1,0
82772.54992217729,16,28.827154307447813,0,3,0
17153.76549491677,17,28.81016549113877,1,2,0
3143.3222622651165,12,44.56549461787269,0,0,0
20524.392409180877,4,24.889628699542694,0,1,0
34107.11445581454,23,45.87726751338853,0,2,0
51107.017670210036,5,38.34299963751008,0,1,0
61551.401140065864,0,40.17720764027072,0,2,0
91069.51114972073,9,32.432661965199465,1,2,1
51034.41555409072,4,28.7017519575359,0,1,0
50177.43689811036,0,49.6199283086832,0,0,0
5119.276681315915,22,32.53262719446525,1,2,0
3587.6641103567586,10,30.89064923426138,0,1,1
55160.88019544557,23,34.198629321201906,0,0,1
43874.04346350962,23,36.93022132717943,0,0,0
83934.12145853184,6,24.691748732805515,0,0,0
16151.890512713333,17,29.351285057930884,0,1,0
2594.669045493255,20,28.819679260939424,0,2,0
44958.97291621957,19,43.45280304606848,0,1,0
23824.10781955052,20,26.140374320001108,0,1,0
5056.475896549861,9,18.0,0,0,0
72487.36885607813,14,18.0,0,0,0
11248.140695729022,3,20.296198653242826,0,0,0
60871.11805077639,15,48.615382028481115,0,0,0
28176.870041672228,14,35.16206599484052,0,2,0
17432.2554304667,14,40.01249086807203,1,1,0
38037.17713963982,11,40.36487727121329,0,0,0
80164.43304467307,7,35.561839183923205,0,2,0
39270.14833276681,7,34.25218703348692,0,0,1
75101.88795618447,17,45.44526429818141,0,2,0
12636.081050235154,5,36.4599591431264,0,1,0
77299.86482454141,4,48.99097479263414,0,1,1
23769.6391581742,1,41.208299452898665,0,2,0
67771.5736758984,11,28.82203726518972,0,3,1
56621.57732861554,3,30.028659761300638,0,1,0
92921.55724944756,22,27.725351935457205,0,1,0
38793.51954573387,12,47.17548021950716,0,1,0
6709.9023645606,16,30.94949047054447,1,2,0
2013.6330065701652,15,27.015272032003676,0,4,0
82703.17024117804,8,38.1977804112682,0,1,0
52521.090202377076,0,34.02832893627497,1,1,1
77546.88077831143,14,37.94568512575164,1,0,1
23519.117441150316,11,53.89813903893843,0,1,0
34573.86617677205,4,44.130708059288594,0,1,0
3107.376833910762,22,35.27010554301906,0,0,0
96153.0832249538,23,20.915766157939913,0,0,1
66820.00387941126,17,30.000375027913645,0,1,0
93327.18826715469,19,42.110461025453034,0,1,0
26623.091102164326,1,23.289589603381838,0,3,0
61185.214761443516,3,56.40970296330354,0,0,0
67882.14683243452,14,35.14416562635549,1,5,1
31823.215055733086,5,35.48848393209485,0,3,0
84826.11257806144,21,28.33354807042022,0,3,0
94721.43014373476,11,39.96737756775718,0,2,1
88497.02625783083,17,23.41998193477768,0,0,0
73932.79089634331,19,56.64892589101457,1,2,0
27818.72150452291,3,48.173513046520114,0,1,0
28233.44260635261,0,44.84296445197046,0,3,0
96339.69601255919,14,21.095709942101905,0,0,0
1127.4211439756336,17,37.05413270457751,0,1,0
71633.39232689023,13,47.09086398014004,0,2,0
70653.9916392707,2,40.93105399357739,0,1,0
62306.685140884765,14,24.978908953662252,0,1,1
99011.87372407789,4,28.49906244691345,0,2,0
31256.75563279615,23,30.480638619940095,0,1,0
34063.189192945494,21,28.965621655113925,0,0,0
7986.046354360899,2,50.287788357103075,0,3,0
44335.53384071937,21,18.0,0,2,0
26178.747770861322,6,41.55919139658837,0,1,0
34404.33154754666,5,22.076966250715486,0,1,0
83473.7218465372,21,25.38748512548932,0,1,1
93554.90290139682,0,18.0,0,1,1
18654.733893318044,18,29.509455688411343,0,1,0
37313.64226219124,6,50.107316515392135,0,0,0
92870.19315532787,3,37.648242424647776,0,1,0
6274.665222853341,11,23.01638453000903,1,2,0
9326.816758326713,19,45.17147674379312,0,1,0
16362.819821702313,22,47.313042635686855,0,0,0
59561.762129274786,17,36.04046481039086,1,1,1
15132.179873499148,8,55.3474915815259,0,3,0
96810.83050692828,18,43.21564124624614,0,0,0
44726.78127312618,21,41.82652507292588,0,2,0
50201.64423898162,3,26.9662129283371,0,0,0
24741.19571896011,0,41.27398485621341,0,1,0
47148.929218229874,8,37.167912776044936,1,2,0
66225.17190043745,14,40.19829002671027,0,4,1
75142.59598170887,21,28.154143808586696,0,2,0
75411.4214627203,7,36.28098884358987,0,1,0
57831.322158139425,14,26.83138499785042,0,1,1
90445.54152188633,14,18.0,0,1,0
81759.04394588033,17,44.983045685783836,0,1,0
75729.10665839269,6,19.97611018310483,0,2,0
5654.991615878016,21,36.071864647824164,0,2,0
787.1084257429665,17,38.3300212944904,1,0,0
21323.48299182775,15,38.26563015863055,0,0,0
66386.00703195388,1,32.169209264017496,0,6,1
41178.62913936633,3,37.712114752799735,0,1,0
40300.38530400124,19,39.70967069785162,0,0,1
88470.23013413842,15,42.34964815751985,0,1,0
89566.72852837069,2,52.33441339384263,0,2,1
90926.60887895321,23,37.341941514982054,0,1,1
31456.41984385123,22,35.64048845017702,0,3,0
69136.47569265225,1,25.932710346499057,1,1,0
27236.154809309526,2,39.35946323899337,0,1,1
19141.922324137533,4,41.67383103140568,0,2,0
18544.782489002184,1,33.07696815718373,0,2,0
34276.551324273045,18,40.44612504184037,0,2,0
43052.76621600419,23,32.07483806450658,1,0,0
83111.82218840133,19,41.70992652088924,0,2,0
12077.120237923938,1,44.126023140297434,0,0,0
73519.09215474993,1,43.98627866730486,0,0,0
53192.345927511604,21,36.17844326141301,0,0,0
28865.739733331648,23,24.600318483829486,0,0,0
49332.676494829175,22,28.880869473581793,1,1,0
30064.212770724564,19,40.95157323884728,0,4,0
59648.58732830677,17,59.48812305740227,0,1,0
43441.00789323889,19,31.59279228467918,0,0,0
16524.112354979985,20,39.5583767838814,0,0,0
11746.649148114102,13,29.439474425205965,0,1,0
54714.898639005805,14,25.260329557508992,0,0,0
90251.06202528173,11,28.236841364226375,0,0,0
34461.37288711279,10,18.0,0,3,0
73326.71071154006,10,48.53435062907751,0,1,0
65900.26935848272,6,18.0,1,2,0
93162.33593951716,11,32.361717695993676,0,1,0
82116.00362818417,15,23.218721046499454,0,4,0
56703.86536465575,4,26.156197846377957,0,1,0
65737.34677358731,1,48.76522659738668,0,4,1
89848.80801174509,21,37.01066990031392,0,3,0
40011.92658023479,15,25.346038408182995,0,0,0
32746.791115191958,22,29.10482867503489,0,2,0
1180.0272551561143,14,27.345187795579143,0,1,0
82672.45231172728,10,34.56454327921119,0,4,1
80117.97197029616,5,36.728916847876924,0,4,1
10535.006358205123,12,53.9557477322856,0,2,0
57728.05237515675,18,18.0,0,0,1
46451.771646872054,9,34.65187685242048,0,2,0
11959.038641360235,23,31.844323074654778,1,1,0
98058.76588336629,18,44.46548527716782,0,1,1
21548.119157589208,4,38.54818118178393,0,3,0
6816.694591047059,20,40.90362208114946,0,2,0
59525.253212240765,6,38.45086186015082,0,2,0
73912.78104558996,10,25.680088747164604,0,1,0
3341.1002601139776,13,47.11265496493013,0,0,0
65905.89210882952,22,42.98504904615669,0,0,0
53275.9584075503,20,44.15529791724743,0,1,0
10416.174386617336,15,47.64050170507165,0,5,0
17335.13530694157,17,39.176751006519595,0,1,0
56840.632301876445,20,49.80992404117493,0,0,0
29706.12558997751,22,38.77639571786641,0,2,0
93837.74129226648,22,32.80941411975391,0,1,0
81892.14892545667,3,34.93396089516635,0,4,0
98358.36393071494,0,34.76156231863884,0,0,0
26041.116811146356,21,29.80608677909457,0,1,0
96975.3909165179,14,51.31888848370221,1,3,0
43180.263592176634,13,37.96295365503668,0,2,0
34817.127651844086,18,35.947384758329065,0,3,0
5129.917744238389,4,38.882742549264336,0,2,0
5371.2492601743015,3,64.79854516737147,0,0,0
69231.9244690708,12,23.682758114003406,0,1,0
45847.10654395939,17,26.549614882837243,0,2,0
22729.51044100696,11,21.194289825530035,0,2,0
61435.63360189074,22,32.67400761564514,0,1,1
25360.526013186107,20,37.4551844332736,1,2,0
57805.41225900782,14,30.346774816589225,0,1,0
35984.953823570766,22,29.6027320184823,0,0,0
82372.86743852073,8,36.42404866628132,0,2,0
82087.54646060125,3,29.978921751703027,0,3,0
47787.304772427895,4,38.10175827182838,1,3,0
35146.829022568054,8,46.142343467426045,0,0,0
36319.72367625355,12,41.77030469800806,0,1,0
80590.88111425497,9,43.81013347165202,0,4,0
32885.130331481436,15,45.859184115067194,0,1,0
20985.031433313918,12,37.82828160118703,0,1,0
8560.365353343152,3,33.41358973956899,0,0,0
46722.6427763524,20,27.277469291168046,0,0,0
48264.996682092205,12,31.08821836364279,1,1,0
84106.78016925043,20,29.763144673231054,0,4,1
22201.74577496179,7,42.31672326620912,0,2,0
38161.02823947315,12,38.46782554594196,0,3,0
80859.73331547972,14,41.96757862714301,0,0,0
82379.99871382245,19,23.396631438998483,0,2,0
38522.646490278945,19,49.31749484241079,1,2,0
45966.48992633942,12,30.730196284932376,0,3,0
30398.260495843366,22,23.999833579253373,0,1,0
93262.23235408927,4,30.607822351781873,0,5,1
11952.512197583874,21,59.83765992587508,1,1,0
93381.56735784686,21,31.122831335084324,0,1,0
68418.25853835078,5,31.749035285290745,0,1,0
53204.05805340445,4,33.07895319370324,0,0,0
3362.640172371138,12,33.51379616568545,0,1,0
47612.05956301863,4,27.185239341987458,0,0,0
40834.03568977296,12,36.432130832061304,0,4,0
16205.759316314743,23,45.7559490819833,1,2,0
65675.31938971563,19,38.142893154787075,1,1,1
97117.97564609176,22,23.888347011000143,0,1,1
56262.66222534606,7,31.556540950662914,0,1,1
71503.85231675018,8,29.484725998983702,0,1,0
6938.200211345077,20,35.52939468234801,0,2,0
41824.93288211778,18,48.304516715623166,0,5,0
11724.212667933138,19,33.51117203979117,0,0,0
61318.30397009739,14,34.11845131129609,1,1,0
93854.36760559405,21,52.776448188194294,0,2,0
66211.59547391669,9,43.7620599167166,0,3,0
7772.624526610711,10,40.74081282106535,0,1,0
35531.153878009776,4,54.58131615301775,0,1,0
55111.27160614107,8,39.89811254794013,0,2,0
40380.4548377119,10,18.0,0,3,0
83381.03664646971,18,43.326657578803605,1,1,1
81485.63337052792,1,19.0799154288135,0,1,1
61221.91890831182,5,39.52005368582448,0,2,0
37408.44871875725,22,18.0,0,0,0
25608.103738948088,20,30.331445896000805,0,1,0
10676.844389491618,0,31.36215470390129,0,0,0
35554.278580306745,2,27.298808927682465,0,0,0
41375.93446905118,2,31.511480028088,0,1,0
67614.71021789695,13,45.325617203605525,0,2,0
65850.16644732759,19,27.860470878404467,0,2,0
7103.80315016157,21,40.45140879510541,0,1,0
39586.40561157266,4,25.343503603926997,0,3,0
18259.708835014455,16,33.105004236078706,1,0,1
15765.589261148889,14,38.2383926632745,0,0,0
82747.48475875087,5,25.034715833814403,0,1,0
4287.330149954128,13,21.882795670893103,0,1,0
41976.36930262192,13,39.918781505788886,0,2,0
16903.54521107517,16,46.23080399340639,0,2,0
87945.08854627956,7,34.20934980512628,0,0,0
55748.347276176006,7,30.42687093443296,1,3,1
23214.925574047116,18,36.55675387688387,0,0,0
50292.485987921005,8,35.554799187653806,0,1,0
73175.48733434128,10,37.42902540711251,0,2,0
95815.98909105144,12,18.0,0,1,0
22122.555824117353,12,24.308957088340367,1,1,0
88629.55903572158,23,26.54769894563146,0,0,0
93436.98100533227,18,36.50867628511563,0,0,0
91650.41239875341,20,36.85877883622266,0,3,0
63577.89425050479,18,41.36180488684036,0,0,0
63019.083378027295,4,37.57581749210437,0,2,1
40380.742255063895,15,21.992649296126643,0,1,0
75264.54844214841,8,49.4700461758506,0,0,0
53176.2724332581,19,47.71918303422366,1,1,1
67776.06331570662,21,22.418027099730743,0,1,0
42902.944594494664,2,38.327052943741826,0,0,1
73176.4967579096,18,29.045756147569843,0,2,1
82464.70460869445,4,36.388639892005486,0,2,0
14728.982034621331,7,45.5331027964187,0,3,0
83309.67858586537,13,56.301042663209586,0,1,0
54075.62352585169,23,42.5127770514261,0,1,0
84482.1243181134,2,37.94934735110136,0,3,1
43187.04046346736,23,31.601788316917027,0,1,0
37966.144489765196,12,36.821348710111764,0,1,0
91514.56717847052,10,48.59771893328313,0,1,0
25191.80982808529,7,34.55291243240415,0,1,0
84436.8112960857,18,26.138873486523497,0,0,0
48453.65519368947,9,18.803101344833735,0,1,0
51458.13471087084,17,40.130478674102505,0,1,0
30915.981320799452,17,37.47288125627739,0,2,0
57346.91584183967,6,28.540918267377034,0,2,0
32588.59850799351,15,45.26014125707297,1,4,1
4023.014482741066,5,30.782231356123695,0,1,0
27272.66067390117,15,33.65355908175205,0,2,0
737.2664363184088,15,34.83335866702056,0,1,0
97837.64322697998,22,31.49047257861912,0,1,0
96578.14626099277,23,37.35865065749571,0,1,0
39576.01421748327,0,46.51515145933001,0,2,0
72864.24834853063,23,23.575181018815773,0,2,0
34646.02923120146,18,39.885201384740085,0,0,0
67142.20639288901,2,36.72158669606441,0,2,0
80562.46130029332,5,36.53763829544706,1,1,1
94680.94884475485,3,43.71844569874091,0,3,0
40081.20635738223,3,35.492974252171585,0,1,0
78351.46849730916,3,39.80229261905703,0,1,0
26666.252218148667,9,42.15864629571147,1,2,1
99034.19714898546,8,29.956347996193934,0,0,0
2674.382916558679,7,37.991834608137985,0,4,0
60392.52776946198,18,32.49212392789368,0,1,0
65984.64756696759,16,33.673182202801044,1,0,1
68835.75115170547,16,31.77938603521668,0,0,0
12126.719121029992,0,39.71080404096887,0,0,0
93859.12536896573,19,35.816447090182535,0,4,0
18200.209577103273,13,38.945440343166744,1,0,0
62313.06498366012,21,34.82482637104251,0,3,0
22345.340304396188,19,18.958789875296752,1,2,0
30790.920060424964,10,35.313684160997084,0,1,0
54691.20831863963,2,35.63537955156817,0,3,1
41777.62251460119,23,37.4259593715346,0,1,0
16106.537537552978,7,29.06270806314258,0,0,0
17176.546601842743,21,23.04530283334488,0,0,0
41872.664337463684,9,41.24606644894278,1,5,1
75752.56952972252,16,32.26393443465831,0,2,0
89806.66822009407,7,36.712440476849956,0,0,0
8504.353459712345,21,32.18539920111704,0,3,0
39371.08036518416,0,34.939381742264054,0,3,0
10114.531815915376,19,30.507146520641918,0,2,0
1757.5888151965285,20,25.31916410846172,0,0,0
66205.69639613127,6,39.73731660768657,0,1,0
60284.69925246212,23,28.968799117738797,0,2,0
16385.609470107134,8,36.63951480894811,0,2,0
23457.902025997104,11,39.10460221902078,0,2,0
2468.4045890873863,21,29.131872843969184,0,0,1
83511.22584887093,8,22.961143656270153,0,2,0
97471.59054525029,19,59.26085613853053,0,1,0
13632.407725789612,23,29.72228124054574,0,3,0
23224.37385515328,2,41.234171586011584,0,2,0
86854.11144229872,3,54.39463549570124,0,3,0
92653.73341582286,9,42.899077468538934,0,3,0
42020.775542400355,3,31.995571911724486,1,0,1
5157.184979680505,21,34.32883612464889,0,1,0
4035.244185912658,8,26.673927802611516,0,1,0
57437.591620294144,21,43.816964269577426,0,0,0
39350.221378428585,0,40.662707080586884,0,0,0
2962.3775150076863,4,29.85574181738257,0,2,0
58366.91399202442,8,24.578251929015558,0,2,0
1229.123405243345,4,21.787662623363083,0,1,0
78758.45861911237,5,44.86514003804201,0,3,0
30712.63898806682,18,36.203731289555606,0,1,0
4121.774500622287,7,37.149845363327515,0,1,0
58876.38687621702,9,26.770513741376426,0,3,0
39828.67300186216,10,20.36496896695594,0,1,0
97382.66129437924,12,44.62613574711632,1,0,1
54465.44638411985,19,35.42039036997231,0,4,0
27596.394185597128,3,44.0723466005762,0,1,0
70972.94257693407,10,31.140668734844358,0,4,0
27222.05105401686,11,32.63182156963141,0,5,0
90433.90481161575,4,42.13298176620632,0,1,0
37534.72485368691,9,42.323480796505244,0,2,0
55031.869421342904,23,42.97565622685954,0,1,0
5152.253072040463,6,32.04798746897304,0,0,0
42669.511671427856,20,41.14547237650868,1,0,0
83253.1176121334,8,46.09099465476719,1,1,1
80584.31565579787,8,33.95227988318466,0,0,0
22509.42402946727,9,29.865116362259464,0,1,0
22685.299193955212,9,48.42747603316766,0,1,0
81748.80069010235,1,28.455542664486927,0,2,0
93046.80217491562,3,41.29476497114477,1,2,0
9626.556035173055,7,34.41577689480139,0,1,0
45060.85807867991,13,18.0,0,5,0
33811.68246852647,16,46.285940674785806,0,3,0
87081.77670019818,12,18.0,0,2,1
8444.138976533875,20,18.0,0,4,1
21191.481661547936,23,40.273300794806715,1,0,0
75271.58692489078,17,40.27071198678115,0,2,0
5224.2555132234365,17,28.624201421224644,0,3,0
49304.284533357495,12,36.47822090303245,0,1,0
44266.49276450403,7,18.0,0,1,0
33506.67778097599,11,42.069754644705995,0,2,0
39517.774300360485,22,37.49725487053597,0,2,0
53041.06463433027,23,34.543571466662044,1,1,1
16220.599102999473,20,35.20841482137772,0,1,0
57242.38824053092,0,39.93254176193032,1,0,1
80562.68969706864,19,34.710984765021394,0,2,0
76040.07688603688,17,18.0,1,1,1
15474.60047890799,2,56.96332234522522,0,1,0
15010.022027173243,11,47.008008194284514,0,1,0
26890.619337716842,18,22.15055338045172,1,1,0
36171.36516146962,12,31.548627695234096,0,2,0
40904.71258270741,9,32.63965809843959,1,0,0
68001.7519616512,14,45.788495665089634,0,2,0
5762.375173366957,19,18.0,1,0,1
3563.803152184032,1,30.009917355702107,0,3,0
39251.865238096514,18,18.0,0,1,0
69746.65284458424,2,32.149044841716616,0,0,0
19424.19076135261,13,30.274991069150957,0,0,0
64186.29767749955,6,35.79694067382712,1,1,1
26056.830980235918,7,28.951256009908164,0,3,0
88620.00227047029,10,27.489766086094757,1,3,0
89579.42543223499,21,41.19656691763148,0,1,0
29798.991707704517,19,39.546727409425806,1,1,0
23076.376020927728,5,40.51398342778242,0,3,0
41189.266809416506,10,33.230999095091576,0,3,0
24129.105359496858,16,29.28261417774811,0,2,0
67271.14594484119,9,33.81147517979229,1,0,1
82623.86198637373,23,40.011620700684524,0,2,0
67341.90387803059,16,18.0,0,1,0
82452.60968021001,20,38.94111930370858,0,1,0
39759.517004526664,1,38.09138187334798,0,2,0
15716.0653738152,5,35.62150906085727,1,2,0
73821.29964501946,4,33.506865781283246,0,1,0
36111.403063641235,3,18.0,0,1,0
67159.95544039033,1,30.60146736899594,1,1,1
27137.32980397839,11,52.894387110773735,0,3,0
8214.8405171866,2,35.12901295568306,0,2,0
99258.92136922757,5,31.92710161325282,0,0,0
15704.53064226687,23,35.16906195590113,1,0,0
98843.25729695175,13,38.54772868628009,0,3,0
97730.26526338808,7,41.58820244689464,0,3,0
79402.42858041317,20,32.71119836842058,0,1,0
65976.35391199155,20,39.24919602393684,0,2,0
57822.92432008336,13,51.7665080276136,0,0,0
86623.54438324568,2,45.06250799432715,0,2,0
29015.008209786844,15,58.40300215856979,0,0,0
46821.353127239214,14,28.432296416482835,0,0,0
61977.057939713544,6,51.76189507502015,1,1,1
41177.92853936216,14,27.09326360077405,0,2,0
42805.89676361777,12,38.53566146740464,0,1,0
33095.438283458236,5,42.324765292380995,0,2,1
56466.75848678515,14,29.892228080955277,0,0,0
85072.3953487101,16,35.879642774742756,0,2,0
20232.68496283065,3,44.10461102451841,1,0,0
93449.8605714688,21,27.89729101688092,1,1,0
68939.85660944815,21,51.693834595476474,0,2,0
82344.99394673502,13,21.154033752726512,0,2,0
55663.450193738165,14,54.396914427283846,0,2,0
77973.71847226394,11,45.01326134799592,0,0,0
1718.4196942127742,18,34.102744236722216,0,2,0
81856.20443547556,21,30.973317887632685,0,0,0
4109.872022628115,9,29.929717372089762,0,4,0
89002.34629864997,5,33.642043597429854,1,1,1
99197.07844914046,8,34.51504138451174,0,3,0
29477.339471460105,1,47.552262466345816,0,3,0
21110.823772950785,3,54.68654100384584,1,0,1
76559.80004941826,8,36.993799206540075,0,3,0
25377.3314579333,14,26.543715120105958,0,1,0
86569.68207890312,12,29.54273959363806,0,1,0
10373.974956531923,19,33.169092153887156,0,3,0
12682.92411829789,7,24.698778947032245,0,1,0
97917.2403545515,18,23.21058597892621,0,4,1
67416.50593717347,18,55.97127212373027,0,1,0
84704.03372045238,15,38.02613525946254,0,1,0
32500.50479741665,10,26.668668663196534,0,0,0
67680.72657710838,9,43.16603570357712,0,1,0
59464.75854812886,7,23.216538751931544,0,0,0
60354.6970002824,0,24.039879521289464,0,1,1
68284.99270781838,9,26.96957598935755,0,0,0
57578.381395596945,17,51.54513280865034,0,2,0
42963.33069333633,2,32.47119934221626,0,0,0
27664.67716861663,10,18.0,0,2,0
76881.27495822888,17,47.100659331755935,0,1,0
22704.6157573183,2,31.936186358376425,1,1,0
69266.19518482598,7,18.0,0,1,0
23409.94898266773,13,31.8331651203659,0,5,0
62570.48397844994,5,40.210038966049034,0,2,0
74733.11888618999,14,39.0404916653297,0,1,0
21949.517501763265,13,52.98414979164819,0,3,0
6088.3357560446975,6,26.472321374300694,1,4,0
13184.27692511799,9,35.467201202649726,0,3,0
60639.097030375444,14,28.004307214215782,1,1,1
84959.69598195098,9,19.57807105812777,0,2,0
4595.182441418894,21,43.85527372305955,0,2,0
73441.71077826046,16,39.6326956914752,0,0,0
34197.73273041021,18,37.83678449698853,0,1,0
47904.9841549603,16,39.26790193258645,0,1,0
92893.06902957201,11,28.1452714731158,0,0,0
33263.95332311096,14,24.943049126818067,0,2,0
46587.15970055466,11,35.3764737216936,0,2,0
1466.8732345920423,8,46.61211402411614,0,2,0
8251.712128483352,4,51.08077135453547,0,2,0
25933.299954364924,3,42.95432706807433,0,1,0
2882.438858025333,11,35.29174426768096,1,1,0
63174.39507222027,15,37.69783929399936,1,2,1
42697.19584448209,8,35.115938593253716,0,2,0
54859.7057525294,2,24.740566603005718,0,1,1
17547.253871043322,20,35.24647378210543,0,1,0
29663.60974071795,2,21.651731824115068,0,4,0
66416.06503778724,17,33.75922773896961,0,1,0
96533.74209067694,16,51.36105110596319,0,2,1
5136.635682860699,9,43.228592227833516,1,2,0
89049.39365344108,1,25.7688081576347,0,3,0
57730.43201098972,23,34.275709303577166,0,3,0
56435.56471888681,10,26.65623688245262,0,1,0
50077.82566725526,23,34.3748623182279,0,1,0
7032.469181827921,2,45.41107816524563,0,1,1
9078.69748844245,22,41.530079383099036,0,0,0
60131.1093653427,22,59.84144080745336,0,1,0
34161.76128641227,1,46.92477402507571,0,3,0
91735.0798511103,8,37.040003810776916,0,2,0
40718.39468221128,18,41.77149974133293,0,0,0
14413.817724393844,1,32.975568258166646,0,1,0
71500.4114668534,18,23.72495752913504,0,2,0
29406.006801956883,1,48.05776578287521,1,1,0
52594.48370485373,14,45.08991476931648,0,1,0
69813.49527196649,23,32.589457854060356,0,1,0
90036.38470908684,20,37.73935736931338,1,2,0
79239.90036068745,2,47.409391873848065,0,5,1
67668.47068048513,4,43.4635142620602,0,3,0
67995.35492127485,10,20.368987487503013,0,3,0
94597.87193880545,23,37.43620021489824,0,2,0
29652.82733990395,6,33.32368474511636,0,0,0
211.09821019912204,5,46.13000699138681,0,3,0
27268.260483880047,13,45.310427387826614,0,0,0
21867.348824711724,0,48.18607828178045,1,3,0
66217.27505288842,16,23.821056612797925,1,3,0
63407.78881657635,16,27.15888465943761,1,1,1
59386.79213220191,13,46.14082436135439,1,1,1
1722.7199766244246,9,29.083541846575542,0,3,0
72904.92763961968,7,19.785670190856926,0,2,0
32420.6882073006,7,40.32596487614065,0,1,0
66539.09330176245,13,29.527815597340272,0,1,0
55702.185007365115,6,52.897907703084,0,1,0
34338.819450247924,5,37.961845539884635,0,1,0
13544.169083700364,3,36.60259286641666,1,1,1
9532.447876282047,0,31.30756108384243,0,2,0
83168.68147791113,14,50.908353339269716,0,1,0
91847.91445394764,14,38.58554459889821,0,0,0
65013.82587175353,0,30.915004818437936,0,1,0
10433.068074562289,19,27.05916293394553,1,2,0
40262.51896713525,2,34.26526945435782,0,1,0
72921.02609050521,22,25.223531628451944,0,1,0
78004.1063126058,4,45.28877441678944,1,1,1
11910.04036687975,4,18.0,0,0,0
103.06881265370335,3,33.60485971666929,0,1,0
71242.49088347243,16,41.10133545087935,0,3,0
35723.957981021944,20,38.42119420109657,0,1,0
25522.6850286642,19,27.82717026984331,0,2,0
1388.4572319735914,13,41.60258706706549,1,3,1
54075.910735473815,7,26.139606116140925,1,2,1
85129.95846905558,1,34.7761534350319,0,0,0
95767.40146263153,7,41.518415719803556,0,1,0
56617.920566267596,0,39.62912779493113,1,0,0
51494.68664121543,3,28.24960988580532,0,0,0
8597.132910375187,18,46.97494516564363,1,0,0
54932.39287410572,4,35.86694571485534,0,3,0
38059.909988642925,4,42.42995410939152,0,2,0
60752.81456026933,20,50.291010066732476,0,1,0
38933.76215286701,19,46.17520548774607,0,4,0
24105.882432691636,23,46.20129406331044,0,2,0
9587.030995314812,18,36.92679929849472,0,1,0
31560.35261443068,11,42.9393512091051,0,1,0
9754.818945346453,19,37.13596574564316,0,0,0
17772.005387315996,0,22.906755322215865,0,2,0
98734.88224209663,6,38.02743792505042,0,2,0
44465.9453349712,16,37.563609837384654,0,2,0
53233.98947385115,1,40.837293615218194,1,4,1
87374.49102084781,10,33.72003024786605,1,0,0
99557.3331590197,6,27.385444432361492,1,3,1
58313.173489533685,16,41.56506083175227,0,1,0
81266.13472231275,2,21.86727712747752,0,1,0
32761.40833123386,21,49.58819135856469,0,2,0
30643.82134898438,5,32.685819387950076,0,1,0
40330.10172735657,21,37.45528172056168,0,2,0
67283.47554109755,10,40.58558153281572,1,2,0
68250.94975658436,17,40.90688044844191,0,2,0
31592.419521480137,17,20.910157000482652,0,0,0
13407.671421249206,21,43.24086580544264,0,2,0
63276.386020904305,9,38.031538283762735,0,2,1
12919.753632657576,4,28.647386154413912,1,2,0
57891.40157211007,22,27.50333049054086,0,3,1
69372.87059282526,22,31.659469179431547,0,2,0
70091.08848980571,20,22.01258313389508,0,0,0
75371.86385489372,23,52.22267390987025,0,3,0
87298.65621440989,21,49.86151325143344,0,1,0
50045.90329728236,14,39.517002009759395,0,0,0
73051.89403400416,20,32.76601583657909,0,1,0
61955.35626304709,19,33.02892012062605,0,3,1
18745.32998578849,22,42.58065706173968,0,2,0
2666.395522453876,3,52.578268995019506,1,1,0
28525.684429125682,20,29.29603260403257,0,1,0
44359.06726312818,20,23.824139573766757,0,1,0
61748.88384842277,0,50.47640773595271,0,1,1
85010.93711727022,14,18.0,0,0,0
19704.947098945948,16,24.914691917473537,0,2,0
12642.424010857862,18,32.53142107489147,0,0,0
96351.64675268532,13,19.39566532194969,1,2,1
10893.651481703071,18,46.121490628065985,0,0,0
47901.257903708196,17,43.569052705051,0,0,0
58597.81650645086,1,29.25206772784683,0,4,1
54183.30464865308,5,47.79614119177748,0,1,1
8694.612487591026,12,49.49292428403826,0,1,0
5796.988708961575,16,33.86829351709937,0,1,0
10637.794403357464,5,30.493318224319925,0,2,0
58600.20961887399,20,57.596020277424785,0,0,0
54480.05427466868,21,42.21161822084155,0,0,0
23450.70512447075,4,37.563246529688534,0,1,0
63813.6367703746,6,48.63545946639613,0,0,0
82024.74345535938,0,38.01930635003021,1,2,1
4253.738088674717,12,29.943794140808116,0,1,0
49863.18136044944,18,35.80159760487553,0,3,0
68962.11016905875,21,45.38654287319735,0,3,0
25305.96151426174,0,18.0,0,0,0
30846.313438785593,12,32.11969260560779,1,3,0
61402.426508639444,10,48.83057398581605,0,2,0
89803.73581502931,6,29.881315989064824,0,1,0
81011.44958825964,19,50.4610856043141,0,0,0
58354.70888804839,2,49.14743819359813,0,2,0
73049.14960394919,0,34.34470884511049,0,1,0
36545.76477375909,7,29.314606951109994,0,1,0
64132.456257065896,16,32.12641125850365,0,1,0
46671.54095364294,12,61.64614492001434,1,2,0
19074.620032110335,13,53.74424446933244,0,1,0
70203.65356033799,4,36.25390971806738,0,3,0
55690.817271147316,23,28.918464483795905,0,4,0
35926.29603716378,21,36.170410355812635,0,4,0
91142.7850888552,22,37.438269266167644,0,2,0
2191.3183708906536,23,22.56641262390646,0,0,0
31645.73780982465,5,35.800412692152605,0,2,0
5782.451637986891,21,48.2240432481173,0,2,0
76676.07889054055,5,18.0,0,2,1
70240.53466596788,20,43.26583965137248,0,3,1
33202.08665175807,7,48.747979700547795,0,1,0
67598.7239304866,12,29.39442654905632,1,4,1
39654.12889697539,17,51.941757581910565,0,4,0
75649.7537631012,22,28.096629375516546,0,1,0
45472.947907396934,3,39.410826618604034,1,3,0
41286.74481038339,16,31.932273153363695,0,1,0
93479.51855728126,4,31.930036428373963,0,0,0
25162.822079080954,2,28.827009302419544,0,3,0
12132.689265656887,3,41.9857548086202,0,1,0
58495.85701461987,22,43.48805457731449,0,3,0
96935.24904718947,4,34.355778004228114,0,1,0
37846.137451345945,13,21.40031786327726,0,1,0
6297.472686515274,14,39.0317016663439,0,1,0
33996.59620422579,19,39.220143594106936,0,0,0
50642.572266523886,16,32.832849886135726,0,1,0
16276.108362558149,5,53.67231287180809,1,1,0
65844.41158384355,9,19.360707350993458,0,2,0
99775.16396211904,21,18.0,0,1,0
45228.77365054624,22,27.691651003023292,0,2,0
35537.38281734824,15,42.104245340914495,0,4,0
40130.34626676322,16,24.44155362566159,1,1,0
11603.103221680594,13,25.190290814739246,0,2,0
88339.03278247976,19,44.510213361781545,0,1,0
41541.08298658306,11,39.62547922797749,0,1,0
38788.71370134165,8,38.770609096284,0,0,0
66003.05826575439,14,42.81428919465528,0,3,0
44259.138751019236,11,30.748070467271155,0,1,0
64858.52353390382,13,31.210159259418088,0,3,0
6238.484384065672,21,43.09779272561425,0,1,0
81390.96203785052,17,21.551132192188007,0,1,0
94056.34489265231,19,18.0,0,1,0
64911.66207732265,5,30.667158263721454,0,2,0
95461.1362929952,3,44.30873289065691,0,2,0
15228.088205559334,22,37.555596989868036,0,1,0
47793.877329087336,11,43.572915041230154,0,1,0
60220.49272115018,12,18.0,0,2,0
58215.49107737655,18,38.15496808323492,0,1,0
40206.03173099542,21,41.53864504642378,0,3,0
33874.63249568951,12,21.492025773893154,0,0,0
12769.719852786839,11,43.62057590546545,0,0,0
39235.070811171594,19,33.88481103494207,0,0,0
16349.815429037964,2,65.71336701606002,0,0,0
73463.13108157262,2,18.0,0,1,1
20962.21045590954,13,48.69114367674751,1,0,0
5950.673997924932,17,31.058419034739263,0,1,0
55281.37716794171,18,18.828482855599564,0,1,1
59563.45029866822,9,29.73044856435008,1,3,0
87204.1148219225,16,37.77479241337466,0,1,0
57740.46308052642,14,45.37466669565043,0,5,1
34613.53728697223,18,52.219642881321754,0,1,0
80320.88696447942,8,49.21893088704343,0,1,0
54073.86142942336,3,25.346179792955056,0,1,1
8020.100434656055,14,46.30164692266117,0,2,0
56628.47097529334,18,38.91284957120874,1,3,1
90811.05268762408,15,28.45396979071012,0,1,1
39691.631287272234,7,32.88089406522519,0,1,0
29702.947609790026,16,27.90157340555276,0,0,0
14432.598756100204,20,35.37092341936456,1,1,0
15229.407641342195,0,27.7034211770588,0,0,0
43333.87128574771,6,24.72005926782561,0,1,0
59608.4144337368,20,39.79119127782772,0,1,1
8153.478976443215,17,41.28730548259637,0,0,0
93962.90204361406,11,33.12402999908388,0,1,0
75537.84838277508,15,48.67651303935972,0,3,0
58703.7294365379,0,32.39569413504887,0,4,1
82861.02322680518,14,31.972254548744615,0,2,0
8110.657005530118,6,41.60488982345697,0,0,0
47736.20388553913,16,33.67574415056663,0,1,0
63046.30337348017,2,35.84797729026143,0,2,0
82882.42532121709,10,18.0,0,1,0
78368.60904892185,5,35.16707384737975,0,1,0
27779.218046368624,5,18.0,0,1,0
94093.92893896451,14,22.790494290011296,1,2,1
12522.149558943947,6,21.64677461244495,0,0,0
87525.8485002531,10,24.57416846466174,0,0,0
97096.9309355014,16,29.511461403677473,0,3,0
17797.636969940293,22,30.135073844545147,0,1,0
72234.39981395815,17,41.64275204257125,0,1,0
4124.523325922046,21,37.22387814134697,0,2,0
40601.74023140158,23,18.0,0,0,0
51676.70158984763,20,35.832946375468076,0,0,0
58106.45806837244,18,38.18255246583427,0,3,0
93600.1311000311,7,31.714334837470417,0,1,0
67257.84366069005,23,34.391140230932976,0,0,0
48179.66732680178,19,36.90310125397057,1,3,0
80986.53612296234,7,42.6459959763558,1,2,0
95058.22881334546,20,19.251200125372655,1,2,1
2304.4082533608553,10,32.55682961360351,0,1,0
98253.87509837827,20,50.08336098057729,0,2,0
8704.600692461665,2,49.166613082979566,0,4,0
81457.23924894926,22,43.5093692777578,0,0,0
28105.441779886107,13,40.36824683955676,0,2,0
13304.747809611788,8,51.546347484020885,1,0,0
44041.578407412104,0,54.17848001606666,0,2,0
64431.26228681659,0,33.709200119531474,0,3,1
38157.08931784515,11,25.3056755671168,0,0,0
5551.084287441626,10,32.29707682375505,0,2,0
59986.16785190579,20,65.96695513772053,0,1,0
90250.0872834564,0,19.30643657274806,0,2,1
38383.215058130445,19,30.29460860470583,1,1,0
21711.64448531962,11,20.873088475073686,0,2,1
44313.47685868826,16,36.247638628773856,0,0,0
4931.434833773209,14,22.973089711051323,0,1,0
82066.70968957945,1,33.91248977166382,0,2,0
82651.44701392365,17,18.0,0,2,0
58841.24629661988,15,41.1762066508465,0,1,0
35374.97860494511,3,47.22345256467975,0,2,0
79998.35810813376,7,31.16056377936541,0,0,0
55513.23377635788,1,33.64869992924298,0,2,0
82610.63762414662,13,33.365927692686874,0,1,0
63182.73337904376,14,36.80910675225025,1,2,0
78462.10677395845,8,34.618304130335716,0,1,0
59896.44302245422,1,42.68116952430694,0,3,0
41472.692714745055,16,47.33039133450946,1,1,0
95798.79140662114,9,26.859287775078172,0,1,0
54157.27110539659,8,31.906715072257033,0,0,0
60548.442902199786,1,44.01619448924745,0,1,0
22126.71517753345,23,20.783309519409677,0,1,0
62602.51386378492,18,18.0,0,5,1
57203.60418334609,16,37.26315952898479,0,1,0
18565.35595490779,10,39.96346411070492,0,0,0
6052.751025579057,16,27.77699812046408,0,1,0
60475.49603950563,9,29.21348945879545,1,0,1
76392.85770809703,17,27.398076782591012,0,5,1
52387.79695510862,22,26.330747606555654,0,3,0
22754.585269432606,5,41.934958206046,0,6,0
66685.54547163419,15,23.195015130023613,0,1,0
8102.562088299264,17,32.34477138566651,0,1,0
44239.18710971527,19,25.946638324851477,0,2,0
16420.339164002176,17,20.447110240987847,0,1,0
18527.45920088235,0,43.701781747467706,0,2,0
20309.165520904546,2,29.801747778264613,0,3,0
38732.034998693394,14,36.884400804207566,0,0,0
5209.905541477723,19,19.919241201989898,0,1,0
39839.564748816905,9,27.58060546243524,0,1,0
51219.57396675862,20,42.56087880695006,0,2,0
48381.09906813589,4,60.8727145584531,0,0,0
38340.13163026375,14,18.0,0,1,0
83930.74614626817,22,32.98892204710574,0,1,0
14618.13657280836,13,39.122805981435,0,1,0
50619.10470375926,14,28.838998467607162,0,3,0
6297.937553959774,9,43.49521986994124,0,1,0
7208.452319903184,23,26.33267329339687,0,2,0
57429.198382741924,8,36.53847660216641,0,0,0
56645.240646293314,11,29.779280955016404,1,0,0
87815.54793316124,6,47.194310829547724,0,0,0
55831.58019844131,4,28.236354969643944,0,3,0
95983.12293844453,23,31.48126203713484,0,1,0
4964.615355152984,9,44.45689037497155,1,1,0
9890.967709596032,7,24.719613409071364,0,1,0
4502.179570881101,21,35.68750056763572,0,1,0
18609.15734832065,19,18.0,0,0,0
54172.884083073644,15,24.120665413709254,0,1,0
64592.66092460006,11,38.821312758908036,0,1,0
4653.957279072013,8,25.093024904637677,1,1,0
94602.49189557537,9,29.554270681762084,0,2,0
84232.32112737307,15,39.930864020479376,0,1,0
29731.586967493604,9,29.208138588530698,1,1,0
7811.03426962415,8,43.22842073216358,0,4,1
17071.71861458382,2,37.156627874860646,0,2,0
12781.74693412177,18,39.35683111924503,1,0,0
12416.04955196479,10,47.40965598738532,1,0,0
51904.31269770682,5,38.198230626140656,0,1,0
24660.15950509069,5,50.388472904693444,0,2,0
35878.15768126153,14,44.112622830378236,0,2,0
98951.58280509381,14,29.765475701655433,0,1,0
68462.99346764194,12,47.931480750212714,0,0,0
94903.16863799543,21,37.63866020902945,0,3,0
14341.399847808249,4,31.053202913394966,0,1,0
38275.73353577367,13,37.783856953208826,0,2,0
55517.70714790719,20,46.12326824390263,0,1,0
7768.130382684928,1,39.550450942422216,0,0,0
518.3256184329907,22,53.22392832551398,0,2,0
67076.38994631206,11,45.86530557898822,0,0,0
64217.76972846339,19,40.23160033402162,0,1,0
41137.80211896121,13,24.739319172588424,0,0,0
49015.44319560006,18,33.20267485989879,1,1,1
41602.75575914975,23,35.71664139750851,1,1,0
2498.103980004397,19,41.96631501217747,0,3,0
33603.623461124494,14,41.37333041272193,0,0,0
17790.517314189256,19,36.69540410218286,0,2,0
9932.576491226737,23,36.20349915377171,0,0,0
95676.37134554604,16,42.204568950760695,0,1,0
59976.03653171234,13,26.41413774370014,0,2,0
72892.7627952366,22,51.955158192498565,0,3,0
31604.837952285136,17,18.0,0,0,0
39375.39823645212,21,49.55409482172029,0,1,0
23768.706990282673,23,34.54814471574838,0,2,0
9786.870529445932,4,45.02579814271594,1,1,0
17985.260580414222,21,38.63840434292613,0,2,0
79771.65312511893,11,38.46034410910802,0,2,0
67786.8259378592,9,40.54254476026521,0,2,0
54738.194710949145,7,43.090542890877785,1,4,1
47561.47829939013,5,31.7116917341276,0,1,0
92251.18493724683,14,45.34799130526236,1,2,0
7366.221283088973,11,24.155293764212164,1,1,0
28132.021242467807,5,34.94669426673875,0,2,0
35058.79157171433,11,43.35969924272277,0,1,0
78264.33864005751,14,44.950175796158895,0,1,0
99252.21055418094,11,39.60788848261401,0,1,0
24142.984424239592,8,31.066075620442643,0,2,0
87443.30268029435,18,43.96707778368703,0,3,1
83079.21376713595,20,28.306337608812466,0,2,0
22543.274024412487,1,52.51409073748911,0,2,0
39993.32476190234,12,34.153291025003355,0,3,0
41026.31964232266,12,19.603743057940395,0,0,0
97824.24478580318,7,23.05316531983448,0,4,1
18171.100947751944,12,35.436436368795874,0,2,0
79935.88131336773,3,36.39825271326053,0,6,1
33485.85214589368,5,54.69656684951096,0,2,0
73113.94754303842,5,24.615006623857738,1,0,1
42059.09932913672,20,35.39462199303931,0,1,0
57878.14033534235,11,24.405785929179434,0,0,0
83277.9161552805,11,30.073451467865965,0,0,0
80436.13994189003,16,51.83972030069338,0,1,0
86655.67603561605,6,23.636637768440092,0,2,0
6055.770801931436,14,40.87042424067834,0,0,0
69235.85024867051,23,38.929073590143915,0,1,0
14084.73893450411,16,34.75828573641791,1,1,0
41640.27494503926,9,40.19436623191738,0,1,0
54903.982663963376,22,23.399796180567115,0,0,0
40333.67452620839,19,51.56322507803557,0,1,0
52009.20641272045,5,54.24845495123521,0,0,0
99652.97824898205,8,35.47104697759313,0,1,0
13608.209639914186,14,59.231061306135544,1,0,0
67578.05892910891,15,31.009720684500795,0,2,0
39660.49654192296,20,39.0043199385628,1,1,1
13387.678910842145,7,49.318890637745135,0,3,0
15957.802661093521,15,30.409955397770904,0,1,0
94932.38331393713,4,21.184509411205617,1,1,0
87972.18952150503,17,18.88282934381146,0,1,0
90713.49184546068,19,55.608265639026584,0,3,0
99154.12430515591,13,29.709753493612222,0,2,0
20910.707461850943,1,33.14263236581501,0,1,0
35608.38980266977,22,23.872359216789455,0,1,0
66954.98108949418,22,44.483392793291884,0,1,0
48431.87373207866,2,27.18440140775415,0,0,0
41897.114384495515,13,30.08736972338678,0,3,0
35845.343808625745,6,37.9952041941616,1,1,1
59418.68513115087,14,24.359540727544275,0,2,0
57601.78352114419,16,33.21417730485775,0,2,0
16229.637623017585,0,49.0220958950327,1,1,0
47226.80976809206,8,39.282543975168636,0,2,0
55391.830443364,21,36.30542292428358,0,3,0
57071.66517926591,13,37.14864709463865,0,1,0
21089.708571943946,15,31.10864904023436,0,0,0
74252.91208600345,20,54.961523197549255,0,1,1
2617.3895726248566,12,26.878428694659327,0,0,0
35547.70236876195,5,37.1092616196393,0,2,0
78043.2435887098,21,36.15025566342807,0,0,0
56432.902813434695,0,45.08762507133135,0,0,0
26190.127007834937,20,46.0317393879364,0,0,0
69525.81662237046,3,34.67981195512929,0,0,0
56782.35532119173,2,37.90666493113049,0,1,0
79644.73658469308,16,38.28534753913948,0,3,0
73529.01610036335,1,18.0,0,2,1
61049.78141141984,18,19.110103975222245,0,1,0
48868.94976355032,19,28.949363092780295,0,1,0
13404.894354185588,22,29.38401323623131,0,2,1
26207.168486749837,21,23.00717578035868,0,1,0
41968.03734441682,7,42.4958257137363,0,3,0
59969.998771938226,14,35.021184210174724,0,2,0
51419.41473600895,5,32.85305452613163,0,1,0
28889.634143356994,22,22.438447254926132,0,1,0
745.7893431920841,19,34.554551357552114,0,2,0
49674.29826789131,1,18.0,1,1,1
28634.036257368083,14,33.37043689194159,0,4,0
73487.36924098246,19,35.63183668807756,0,2,0
2492.2319005213008,11,37.41914984321499,0,4,1
58524.29834944851,2,19.3589823652072,0,0,0
94153.27632685594,9,37.24816736691475,0,1,0
17523.485784438803,13,24.585687301354575,1,0,0
47217.78412598448,21,26.87530167707666,0,4,0
9233.056982532104,13,42.17931385822665,0,1,0
62605.62303490913,2,55.14113723359744,0,1,1
55098.11489156294,0,35.5135875880268,0,1,0
40795.81586886195,19,26.829045413597676,0,0,0
52185.564445226744,0,36.88670447509998,0,2,1
89667.80838105411,1,44.39029157499145,0,0,0
19709.800800875597,18,41.20997565872735,0,1,0
2354.1947193641886,23,62.43112872463746,0,1,0
86180.32198144018,9,27.846624309053333,0,3,0
57753.996530551856,3,37.52231479919298,0,0,0
89076.77970063806,3,50.48917953418203,0,4,1
59734.827818975944,12,49.86159237018532,0,3,0
81035.09288697428,8,18.0,0,3,0
43024.36899917928,6,34.966423799600186,0,2,0
75011.00713569805,15,49.845207658487,0,0,0
91312.84254229661,17,63.90642990399137,0,0,0
57255.084075848405,2,42.037958837508185,0,4,1
18160.436541181716,19,31.32136706303516,0,2,0
26952.881741516798,19,24.9079684756261,0,1,0
19944.593232050836,9,57.18743357530849,0,0,0
24761.01705681372,23,42.28741586465759,0,2,0
30710.903390168532,21,26.519330731145825,0,1,0
55557.865296643526,15,32.96843633666219,0,0,0
58840.36378343689,2,38.10186516828704,0,0,1
42707.32474946193,10,40.43806653888118,0,8,0
61580.53590410146,9,26.003813424542102,1,1,0
8249.335068575456,15,28.858095818745074,0,3,0
8870.04488211018,7,18.470654376270403,0,0,1
17265.76308973008,8,45.39762289604782,0,2,0
51855.94205423044,14,31.58381533229684,0,2,0
21478.068401961526,20,39.66321649183292,0,1,0
28400.111908908475,2,49.22258508576327,0,5,1
40091.25233368211,3,37.19870142373946,0,3,0
81205.42578863695,12,33.87029524050932,0,1,0
1484.8273776947258,11,36.93921476883934,0,1,0
64972.94414163858,20,35.63193603850227,0,1,0
66920.76545096446,8,47.46164997877945,0,1,0
79885.71245762799,13,38.108383975387895,0,5,0
93282.01861212529,18,29.555989804210874,0,1,0
2111.771110034054,6,45.4784905688975,0,1,0
15462.992180770298,15,47.30484356358352,0,3,0
88628.51227619371,21,21.616693731795365,0,2,0
45906.00436248283,19,50.32783884768105,0,4,0
56502.604829453005,4,38.64711773208485,0,4,0
66336.41765194242,9,37.83269950146598,0,2,0
67938.75378911417,17,45.066246315965145,0,3,0
93180.86629131917,10,29.33023608995721,0,0,0
99695.2467994258,6,44.54164514190924,0,1,0
72043.73034700094,13,31.232245302621447,0,1,0
28793.398799594568,19,20.250493202896617,0,0,0
87987.26498920492,17,25.022437208930658,0,1,0
5017.169362622085,10,40.67021832903227,1,0,0
23184.977202162172,21,25.545316600053418,0,0,0
89748.83317462512,11,51.10076123189649,0,3,1
25693.53229249156,17,46.89283453439643,0,1,0
22143.040856212672,1,48.33439166032965,1,2,0
13898.7167847107,22,36.24778579677412,0,1,0
85925.26458892696,0,37.578616172949594,0,5,1
50055.82009318956,22,23.062881457557225,0,1,0
67521.83098511006,9,44.9578351015749,0,1,0
23982.731769095462,20,38.79833455037085,0,1,0
75828.23805902053,0,40.673056252922606,1,3,1
76024.55394171365,5,51.88311811452882,0,2,0
31328.542688339185,6,28.9403701605249,1,1,0
41127.19503772726,16,33.73858450122682,0,1,0
21048.058715277064,8,38.26670921542168,1,3,0
97658.44622995814,6,25.64564594541293,0,1,0
64595.69744813532,16,33.1240117872316,0,0,0
93460.93368348,2,39.92949810466969,0,1,0
30408.215808550405,15,31.74578728627169,0,3,0
78210.90220838928,4,48.08989409729112,0,0,0
76609.27852408573,19,19.89075438183006,0,0,1
69196.3996214675,17,46.22771240233342,0,2,0
96567.33362915336,0,41.61185474816005,0,3,1
39416.17807702092,3,29.31171412443409,0,2,0
13158.660626616755,22,25.755914317700018,0,4,0
67203.71503848166,10,18.0,0,2,0
72958.0490676729,19,27.04824987586166,0,1,0
57548.551288535586,8,45.47176655002997,0,3,0
20761.107524026287,7,34.43914273721326,0,1,0
50495.1485727686,7,46.629808803918415,0,1,0
31287.75468325603,4,28.80128929375448,0,1,0
42803.90616385224,11,42.07106160106563,0,3,0
64557.33572688192,0,27.825013979155784,0,3,0
74546.95279481437,14,25.34424993790161,0,1,0
23299.246621044178,17,33.92872782829324,0,0,0
40592.00352863064,5,28.350334886800034,0,2,0
26989.240942063756,9,19.571778509627876,0,2,0
19943.298224800725,13,33.176852992830064,1,1,0
78360.38327758426,20,36.06435416431289,0,0,0
90934.34417425554,7,47.683586114960676,0,4,1
37086.19534988921,2,44.3680567713306,0,1,0
75152.76454493932,21,47.199431992328314,0,0,0
89709.82940750467,21,42.203574983935084,0,2,0
84627.80863197014,18,38.32612758949975,0,2,0
18363.057515068667,11,22.710550935281077,0,0,0
95633.5589631848,11,36.498721979352744,0,3,1
37729.9763989033,14,40.967937773308144,0,2,0
33990.14205126625,6,49.57437949370436,0,3,0
6336.889595050256,3,41.86288541731814,0,0,0
48668.74804507781,20,47.40383434605422,0,1,0
10990.460202528779,8,24.680021086347608,0,1,0
24929.128110649857,21,31.73582373851905,0,2,0
31762.56791455141,15,39.29350713661271,0,1,0
80901.74971681923,12,46.60952690742562,0,5,0
87561.31617455007,3,33.547713541610804,0,1,0
30316.385114400822,23,34.17554040850847,0,0,0
85883.94231233293,8,41.871403060029785,0,1,0
85737.37064324213,20,23.741291728548756,0,6,1
76488.62994344886,17,51.07404549823429,0,2,1
14754.841890116635,14,26.20863906892315,0,6,0
69063.25240538282,14,18.0,0,3,1
94507.90405159882,5,35.10067008522581,0,0,1
68285.79382883899,10,51.98458702375565,0,2,0
33228.52322587261,7,40.8645313033361,1,0,0
50107.87381134005,20,42.51090543003633,0,0,0
64607.931830770256,16,35.413857623071145,0,2,1
51105.98383197751,23,33.47622502728823,0,3,0
12083.298878923884,16,19.550906304068846,0,3,0
31275.198060736864,23,18.0,0,3,0
80259.3634523079,17,36.96272338440863,0,1,0
86155.66280494219,3,48.12549194340226,0,1,1
13816.273268285466,14,38.44133704828065,1,2,1
95243.43656463259,1,41.235995270520135,0,1,0
32949.37952307607,1,50.8371754563954,0,2,0
66265.14249919892,9,38.28766851441058,1,2,1
75207.33208107244,2,33.773448996923804,0,0,1
81213.42884032454,7,26.81475194349935,0,0,0
94580.39525237042,19,55.222125629720864,1,0,0
31360.662848079377,6,40.2654777915368,0,1,0
85864.7948097003,11,25.56398284080669,0,0,0
13255.521653277083,18,23.288323321987633,0,0,0
70533.58654472392,14,47.53063726928913,0,0,1
74223.5751784472,13,24.625583035916744,0,1,1
67804.55179601192,15,53.53834157502221,0,0,0
25306.242139901784,13,18.0,0,5,0
87317.01038681882,2,49.22595197789977,0,3,0
16968.960490702462,17,39.868948111619645,0,1,0
5458.1156729310005,21,36.185944230568744,1,3,0
71774.75256213003,5,33.24541564958237,0,1,0
47600.023951750096,16,53.907298485940295,1,2,0
84924.89219387174,22,42.070588584012036,0,1,0
38401.37439172007,13,25.967963911045487,0,4,0
16911.03099192051,13,18.0,0,0,0
83660.57502774,19,36.77297213147308,1,1,0
54936.07220084316,12,34.98928866462586,0,1,0
19000.659659796453,2,19.801319626244908,0,2,0
72066.36145878593,12,34.44606474517664,0,3,0
51160.252485101104,23,29.260653669257998,0,0,1
60470.866925807946,1,35.092900683066944,1,3,1
46143.74398683753,8,42.25923611648402,0,3,0
82888.02748341885,12,49.92609947464035,1,2,1
82973.31529673668,7,44.08889036369287,0,2,1
70967.94330025619,15,27.785592501697945,1,2,1
10629.59760190658,23,38.689151288291946,0,2,0
83901.50080421648,2,35.63107121492024,0,2,0
67134.19675523769,12,21.67871045369099,0,0,0
69732.71418382952,3,38.98232784692272,0,0,1
36361.985756346774,17,53.56672337917714,0,0,0
87940.02766008498,1,35.32426604187004,0,1,1
72564.62286346227,19,19.058173202745994,0,1,1
11347.787606266527,21,35.30268671108619,0,1,0
40837.02563717565,20,22.862878010267497,0,0,0
88649.39815981816,14,43.63605506886287,0,1,1
4814.950499568162,16,40.248649917251285,0,2,0
96145.52030224075,9,33.290899465252565,1,0,1
67948.34057512433,0,31.688357341441787,0,2,0
63174.46016657332,5,32.87765698384453,0,4,0
27128.86972315034,2,35.0827449434232,0,2,0
24954.29969504379,18,27.27764978658458,0,0,0
94211.61612691068,6,21.12246918998563,0,2,0
29897.41817798886,12,46.38698946694648,0,1,0
77572.97914222804,12,31.145990235030418,0,5,0
39372.867640887205,16,36.670431041691444,0,1,0
14011.481671391928,0,37.852819511674944,0,2,0
1170.4582397663592,13,38.22020479655214,0,0,0
54471.30796782356,2,23.26182002901576,1,1,1
97580.30397303838,13,18.241598354481525,1,1,1
36976.705761539524,23,29.113074753080078,0,2,0
35783.51416590518,0,38.957115324169536,0,3,0
34474.752623159264,15,27.72050132525687,0,2,0
52102.32934675536,9,31.450786463007663,0,3,0
44122.421854086926,12,56.27297413749568,0,3,0
88003.47121002874,3,18.0,0,0,1
50601.52709317668,8,27.449660040895015,0,2,0
50825.00803503802,13,53.96604068573929,0,2,1
13923.322312583605,3,34.55401328004777,1,2,1
98275.68013694756,9,27.940148345010893,1,0,0
25072.291797796086,7,46.6876891701112,0,1,0
7429.070339214306,22,35.552304364811114,0,1,0
66348.31027262336,2,31.51691604955994,0,0,0
59577.10037867158,22,36.923689270375114,1,0,1
41573.0508338753,6,28.41891190617234,1,1,0
42277.00416467974,9,24.825089371119216,0,0,0
78527.88571253848,2,33.86403072365252,0,2,0
19651.69274595494,1,24.89003039923993,0,1,0
82043.30656259449,14,35.1069331179648,0,2,0
64909.83667811231,8,38.544065674743386,0,3,0
41955.08040057449,14,43.53060456051611,0,1,0
45857.058796728474,16,46.279249855168274,1,2,0
25739.05599789097,6,30.942634983677483,0,3,0
75236.22183642778,19,39.994146079390696,0,2,0
51336.18675629625,17,39.925234462063564,0,2,0
32153.368820709376,14,38.27818715815984,0,4,0
59645.406564518926,17,30.205405890495413,0,1,0
99573.87175992718,23,24.719321875358894,1,0,0
43582.70173768973,22,40.0200188906656,0,4,0
92077.0709377841,11,18.0,0,2,1
34567.18230846415,22,32.321605674316885,0,2,0
5567.79742180609,20,18.0,0,3,0
20503.786426206047,7,21.635975766417367,0,0,0
41927.64481843565,1,26.228660615525754,0,2,0
22041.529366597446,1,45.96724207629284,0,2,0
122.68111800372819,4,41.88108024404269,0,2,0
91508.65362097797,0,29.460653161577575,0,2,0
84403.55318196981,21,42.29369795129751,0,5,1
74254.99392554602,3,43.876229633803966,0,1,0
16864.67810503826,5,33.393351516252785,0,4,0
12124.321263377607,22,21.1562185578631,0,2,0
6853.714472291077,12,32.92087689933886,0,2,0
72430.51595841484,18,34.021075948278636,0,4,1
92887.91527271974,10,22.67545609169774,0,0,0
43110.528509212396,12,38.670467929299676,0,1,0
12002.153132405212,7,37.798118543023556,0,1,0
51288.04279113744,6,39.450426998941865,1,1,0
34948.30755511715,12,37.789230971674435,0,0,0
37545.00994256477,0,42.29843035114983,0,2,0
62170.92935315516,5,33.206719721269685,0,2,0
71899.93951489401,6,37.01785107370954,1,5,1
11149.299527428768,15,31.02259715754468,0,2,0
3655.464057566991,14,29.155007843780496,1,2,0
99433.59723830291,19,48.382496307620755,0,1,0
23349.562056663628,1,18.0,0,1,0
5477.669438355062,22,43.767599891542645,0,1,0
19068.545376682407,15,28.794591245543394,0,1,0
3991.8888502115756,16,27.49961822356879,0,1,0
39241.90837225545,23,37.61577484065407,0,0,0
80259.9382666873,14,20.103903876489973,0,2,0
34190.32053079629,2,26.839769280537972,0,1,0
44473.922347148815,3,26.50860353487008,1,3,1
67591.11867938713,11,32.78601741814905,0,4,0
50938.51759998103,4,26.958623118393113,1,1,0
86158.42403353029,16,51.01118685639269,0,1,0
86616.96393707108,5,52.97016516497954,0,0,0
1090.078479566249,9,18.0,0,4,0
77826.8260176716,21,40.44322704765736,0,1,0
46127.28666414322,17,43.58663439077574,0,2,0
98885.17007623594,9,40.42985202391105,0,1,0
48374.88437995597,5,28.418865069083054,0,1,0
98690.90494429092,23,32.55904437841458,0,1,0
75481.47918445308,5,27.517253452223045,0,1,1
24935.6279728693,19,30.797359688411714,0,1,0
53885.65843076707,14,22.90034971332824,0,0,0
99214.35038391042,3,33.8521117836545,0,0,0
85767.30771441718,15,19.971982886949302,0,2,0
9826.952689742988,21,32.99865445771862,0,2,0
70666.5624813186,23,22.514183109002353,1,4,1
34623.40062849422,7,37.06816361791404,1,1,0
797.527961846777,6,28.205804390571092,0,0,0
40407.74880579726,18,37.905803478745376,0,2,0
23551.96673032463,16,45.81580728364782,0,1,0
81905.04012499511,20,50.89446936104708,0,1,0
33799.32782369197,12,18.0,0,3,0
82769.61702598633,14,26.658059061262172,1,4,1
159.73408959605132,1,31.96913922887986,0,1,0
30851.1330876093,9,39.60327818381483,1,3,0
24192.40490934542,12,18.496454958454706,1,2,0
23433.379370754235,17,25.179075931997843,1,3,0
6911.843314569724,22,36.303572026571096,0,5,0
18793.71461400912,10,35.84888241526667,0,0,0
55599.40203157342,12,38.77618406420093,0,2,1
29206.971176490675,18,39.43675726888116,0,2,0
41797.73875468188,23,38.385944331158626,0,0,1
37749.001346684134,23,36.93655316631493,0,2,0
87602.90200748947,21,35.55739773326368,0,4,0
90539.3700011505,4,41.64763089724363,0,2,0
49346.40146842042,2,18.0,0,0,1
33082.57943652888,18,50.443334869712345,1,1,0
10769.390329836127,22,18.0,0,3,0
95344.9476502713,12,24.20838183095508,0,3,0
6116.671795539715,4,32.732392033498556,0,2,0
29835.262729071215,11,41.726128910898424,0,1,0
29876.813496883417,13,18.0,1,2,1
32108.08848540747,5,34.718756760581655,0,2,0
16512.255642913686,21,42.923950394157345,0,0,0
78337.82694927734,8,44.94518116028477,0,1,0
12337.536410402323,16,28.026703415025413,1,1,0
63527.17524940096,7,31.991647130449678,0,0,0
12472.218067911164,12,28.83851871107372,0,3,0
7146.51019553636,4,31.073253464739157,0,2,0
90952.00741821906,21,24.68173449271565,0,1,0
19093.863755238697,21,26.10747837529082,0,0,0
82142.89044051446,16,39.343769220283676,1,2,1
54508.62402360287,2,36.316153732727415,0,0,0
7877.866308916084,5,39.91586507590473,0,0,0
95549.27432466294,13,37.14014389700837,1,1,0
24771.420582490064,14,42.04338601147596,0,1,0
85978.57000072539,13,43.782139981549946,0,4,0
16964.119577877962,10,18.0,0,1,0
85408.8939259711,10,26.456903495856373,0,1,0
1421.5584092388692,8,32.68624042509961,0,0,0
51226.86761129112,5,34.77322474512659,0,1,0
76967.31368421353,14,28.299094261819665,0,1,0
93486.07219752905,11,44.12023670988306,0,2,0
90929.29340702806,5,54.799483682905986,1,1,1
81980.52446780972,0,36.86161955581734,0,4,1
88830.31583116428,15,35.84341032198211,1,1,0
20002.04661512394,19,43.49456255104331,0,0,0
28490.011141601703,14,18.0,1,2,1
28967.955639613745,1,35.2846894043841,0,1,0
37767.68770706971,16,44.79035825467517,0,2,0
39392.73497148035,2,28.568460027988884,0,1,1
54501.076933002085,2,22.734394200980347,0,0,0
16071.988360307494,4,33.141943899002214,0,5,1
69155.54171222034,16,34.3931456679808,0,1,0
16839.897276520198,22,25.913477180845415,0,6,0
31099.8173622443,16,55.96161276050951,0,3,0
50384.17854755479,19,30.213036189920544,1,2,1
79664.41209619539,5,23.46340648573431,1,1,0
73972.97640054885,0,34.06378680929389,0,2,1
64588.88220541117,6,44.07860637704491,0,1,0
15661.748731958998,14,35.17414248998231,0,0,0
54749.83002699621,6,39.85593920044002,0,2,0
8835.905529808557,18,26.284894056668428,0,3,0
37798.58136198541,19,49.876884464035136,0,2,0
41410.30137596692,21,40.61711027918443,0,0,0
4077.1628006308074,10,45.4770156887761,0,0,0
27471.411137050185,22,38.6516063247517,0,2,0
95569.38177992229,13,43.24884037728784,1,2,1
95367.89752218599,12,26.269474403227726,0,3,0
35297.47271982868,19,30.085895833104374,0,0,0
4405.700883937573,8,48.4648059555603,1,2,0
17991.584438885337,8,50.59741947283964,0,1,0
39282.55756401066,15,23.529344002809232,0,1,0
94783.19182712605,11,37.497360678638124,0,2,0
14205.786447364773,9,30.690561995147725,0,1,0
76375.2327824544,5,28.029685306351382,0,1,0
10957.385683531738,17,37.8483969535545,0,3,0
98127.63198138855,1,46.40962932365408,1,0,1
38223.48826100258,19,39.51662473284194,0,2,0
77545.9304360157,8,31.80487550080965,0,1,0
34324.849172832066,18,40.1486117993516,0,2,0
62804.12082816499,5,31.40023826419099,0,2,0
19282.40686552967,1,39.12114300730602,0,2,0
14687.499827766558,14,48.96465700455733,0,4,0
93812.60754285632,16,18.0,1,3,1
91772.9630626529,15,42.97252298540033,0,1,0
88758.14712726694,20,19.609450784295316,0,1,0
62580.80167164269,7,47.28327710544461,0,3,1
80845.9943005062,9,28.629743901271393,0,2,0
6996.7899974463535,9,22.82328622393516,0,1,0
33545.425284878846,17,41.952692270887475,0,2,0
31438.942163239906,9,38.64170063142411,0,2,0
63600.96766306606,8,25.00813097038342,0,0,0
35660.18156971699,23,22.470002428316064,0,1,0
14935.827486203712,18,33.12518512508718,0,5,1
59687.06083381302,0,22.959130498288033,0,0,0
81456.95367484124,3,24.385270270763723,0,1,0
38274.13709655132,23,36.156207904214334,1,1,0
13313.644638338323,2,25.341283657449033,0,1,0
19749.150911551023,9,39.265392900265425,1,4,1
23824.58218642146,11,49.90143595883477,0,3,0
30059.769540154168,17,33.51444585099418,0,4,0
64315.22754358028,22,36.30151061985585,0,1,0
60134.45390531813,19,55.18096732835487,0,4,0
69638.3781705472,5,23.12398882622653,0,2,0
36313.94825469817,20,46.912351951807416,0,2,0
82417.36542280983,1,45.708575979124824,0,3,0
20488.35734946045,9,43.54317339173783,0,1,0
46957.17067706358,1,47.91747850732631,0,1,0
80113.77828198888,8,37.80574965958619,0,2,0
18097.848908488664,9,29.170705044007327,0,1,0
11075.325062704216,1,45.94573291220567,1,0,0
88380.02837203018,7,46.32842211712895,1,2,0
34358.67330964367,23,46.05313901493288,0,2,0
68418.6254784123,16,35.445020823192365,0,2,0
2632.325565967454,16,27.838054863866734,0,5,0
69035.68415210402,3,36.91362254111611,0,2,0
31678.521023542355,17,44.42230017567836,0,3,0
5668.51127338543,11,45.243517898599656,0,1,0
61020.29487865689,16,30.70323872925405,0,4,1
24156.30122571001,8,38.1537289612739,0,2,0
38742.043480982815,18,21.91221695514044,0,3,0
8150.023147422708,13,44.84950103005851,0,1,0
14801.608784385038,13,27.166912432749363,0,3,0
29867.925826034792,16,42.85255359571548,0,5,0
9066.974105959698,1,23.506954226098383,0,1,0
91091.5438421629,7,45.314159064340075,0,3,1
704.0996140794439,4,38.2183519002277,0,0,0
48437.63586454471,6,27.186423043830537,0,0,0
12412.42106744189,21,41.91356381080525,0,2,0
30837.141038847058,15,29.09638308194669,0,2,0
92613.35002584472,15,42.495550374451284,0,1,0
16253.285872071287,16,32.25888524619278,0,2,0
96586.64873986143,21,18.0,0,2,1
20658.85826124323,6,25.17583759519063,0,3,0
74182.45423583628,19,30.695852913127155,0,1,0
54713.05876324144,7,48.681890237485774,1,1,1
88459.42488691624,7,44.01143630529225,0,3,0
55443.926224762785,22,51.238614123221424,1,1,1
53502.46599371523,10,51.53635216029858,0,2,0
19626.25423680315,14,29.65249195409085,0,0,1
16706.31326896071,17,33.115131402411706,0,5,0
91657.26619643987,5,30.887200756694618,1,1,1
32851.0360651184,21,28.284893946989236,0,2,0
37271.0172707933,11,18.0,0,0,1
76006.383476996,14,34.85252281983158,0,1,0
33948.465894038454,22,22.144344062888894,1,2,0
95211.03841923637,5,34.65828118465673,0,1,0
73818.98412298015,17,56.15770809562984,1,2,0
59783.181333084656,23,29.906549036692915,0,3,0
88101.42653842077,19,36.94774005628067,0,4,0
5055.630244113327,8,44.06648385809283,0,2,0
25780.562949701954,7,37.80291291965907,0,2,0
46557.129788668906,13,37.92484187942296,0,1,0
22775.15609320495,18,31.3759756631192,0,4,0
74416.12821148497,18,32.68122024938767,1,1,1
91928.88230226714,7,25.39989477812172,0,1,0
42434.63498109925,1,43.46045008889408,0,0,1
34279.046751178306,3,18.0,0,1,0
96158.91814054287,5,44.71088338382202,0,2,0
44540.75803947133,2,20.963016152547574,0,4,0
48955.93520488339,2,44.626072740766524,0,0,0
35229.82224695635,18,31.46182473787819,0,3,0
90963.89245391262,10,22.6813131186692,1,2,1
56938.65277985689,9,40.79298645079636,1,3,0
76241.2412594463,11,44.28767535075775,0,1,1
81199.49116325355,13,30.61921351896463,0,0,0
34250.71928753409,17,42.20610548678933,0,4,0
43426.063698905964,23,18.0,0,1,0
84862.33026318584,8,21.794037102534,0,0,0
36389.20963241344,14,47.924089304687286,0,2,0
79414.11983183994,23,32.76330725802084,0,1,0
94105.13302518627,2,18.0,0,2,0
62358.716269493896,22,28.011338195580063,0,0,0
74188.5660164437,10,25.765995274749194,0,0,0
80529.22147290937,9,33.340382685270754,0,1,1
84519.46092477458,17,31.292490161923524,0,2,0
39565.82845189392,3,36.78931728938161,0,3,0
5221.219571682217,12,34.305339483874256,0,2,0
40247.43949655028,5,48.59739255037019,0,0,0
67408.24735543056,20,39.24548599719669,0,0,0
45090.0035395012,12,39.57671611193586,0,1,0
74921.41877095381,19,46.651571238945216,0,1,0
35762.54470391952,4,31.11231249570418,0,2,0
63510.93969629255,19,22.381225566415146,0,0,0
18723.33850491206,13,47.06970324632249,0,2,0
74962.0067208312,12,36.358417481081126,0,1,0
54615.02728442128,13,36.39351207898928,0,4,0
20486.0324158054,7,28.666700784697635,0,4,0
29261.926232430946,15,28.831446668964226,0,2,0
74886.00998732506,12,43.46722338770844,0,1,0
48311.86344258592,23,44.8465579813761,0,0,0
21681.540895267914,14,42.838234057466586,0,0,0
96730.39191799273,18,42.92961605445475,0,1,1
71540.9894797071,0,40.69029537259759,0,3,1
95717.76977072563,21,36.315227300781565,1,2,0
42767.794031498284,1,33.246203156790195,0,4,0
47562.52403510288,17,47.10323849941553,0,2,0
89805.72609688342,18,31.262791295095663,0,1,0
52552.42909051393,7,38.69979213880747,0,4,0
70757.16329937615,2,26.959870020457537,1,4,1
25292.070461803443,22,28.407009631495495,0,0,0
44727.97422339379,13,32.63845432142774,0,3,0
12432.641594454475,8,26.960616232728363,0,0,0
20677.40558410847,7,42.978518254783005,0,0,0
194.2471852363456,16,21.519657484549704,0,4,0
4022.578659701157,22,35.99229623381073,0,2,0
97730.65393537523,22,36.325080968421815,0,1,0
24311.134144162555,23,18.0,0,0,0
66364.7398794498,15,30.589761794763913,0,4,1
83926.0599100812,9,37.556995380481425,0,1,0
55110.97987773277,20,39.28727993294068,0,2,0
15399.135558387223,9,32.95692791399834,0,1,0
72838.83208988303,23,41.76888204480716,0,0,0
60065.11586894835,5,33.906837427639594,0,0,0
73151.93387580277,21,35.136529120750566,0,2,1
76997.68762342301,16,37.516538689865534,0,1,0
97543.49573170603,15,44.269996287341684,0,0,0
57398.971674668326,14,28.242819975844682,0,0,0
34229.947157791124,21,30.131781274817026,1,0,0
64881.609234333686,13,28.311035082707853,0,1,0
6937.22685333835,3,31.678022838580667,0,0,1
89749.99210032648,3,49.26234258079765,0,0,0
12026.16303268586,1,40.727253193298225,1,1,1
32851.499504793246,10,23.68910254831158,0,0,0
81592.96352454947,3,28.995530344113256,0,0,0
59771.50659523811,20,38.72767224276402,0,3,0
39424.188475716466,20,25.934922190672296,0,1,0
47396.22237156464,15,27.74659959185243,0,1,0
85469.28458089782,20,48.44959666174149,0,2,0
34066.438167383225,3,28.866243715268133,0,2,0
86978.00351273592,0,44.54666816029387,0,2,0
8904.62965457148,23,47.55323189530938,0,3,0
77702.16387714221,18,27.665379088310356,0,4,0
84770.00854216816,1,26.100374434428588,0,0,1
18263.58351845014,8,32.23867913518835,0,1,0
43091.618583982825,22,24.11372279326375,0,2,0
16633.427488899197,12,36.210338785027425,0,0,0
70689.75248652235,17,32.94348088146614,0,1,0
53581.242029359506,15,38.60580015886302,0,3,0
63568.80233616127,15,48.96943456232821,0,0,1
19729.047998925493,9,43.17484980770319,0,1,0
21253.41161903671,8,39.892397754123564,0,3,0
4245.582818439646,10,18.0,0,1,0
32274.5467660534,3,39.43375982102375,0,1,0
56018.49166723413,9,52.22627660704549,0,1,0
85807.69790833315,2,18.0,1,2,1
66726.0520011222,5,41.893825429756255,0,0,0
43596.092707635165,2,33.406414252435354,0,0,0
95316.69942797437,8,26.502049969770553,0,0,0
71952.5955375256,2,43.01128583911954,0,2,1
93023.50376596875,17,52.09705900607331,0,0,0
52806.03852988935,7,42.75230728837754,0,1,1
25964.537051834646,21,31.288080487384736,0,3,0
5377.385967835727,7,25.565301755918437,1,0,0
72635.87666323666,14,36.44627633789544,0,2,0
12218.16950075286,12,43.731692923815885,0,0,0
30347.23531436952,6,31.129469737662724,0,3,0
53293.84369760135,18,32.096170083492034,0,0,0
56485.217119196794,7,63.220002498383984,0,0,0
60098.26137901489,9,45.78651945959726,0,1,1
16708.907501935093,16,46.50128678393632,0,2,0
38035.76674168271,0,20.39714093941188,0,1,0
61757.70328898497,12,27.928113207065394,0,1,0
96984.9045769151,12,35.74681639454239,0,5,1
72790.3506561989,23,24.988624421148504,0,3,0
92268.11533368638,15,51.00397298889294,0,2,0
76244.98462558628,8,49.10312306590645,0,5,1
59212.525192350804,9,29.664546626159463,0,1,0
19283.13457672082,5,52.839186066074845,0,0,0
66701.89662406205,4,34.95747903280058,0,1,0
62375.618639394714,1,60.89389717389049,0,2,0
60286.67012868092,10,36.446861305250366,0,1,0
49029.608212025254,8,40.76192750328422,0,0,0
52912.79473852863,5,48.99903441169558,0,0,1
33510.808459098596,7,47.77633349807809,0,0,0
51979.33799496609,8,40.10732066135893,0,0,0
19835.834977279977,8,33.58859680556164,0,1,1
80536.92229630164,7,40.141326999931195,0,1,0
18659.11777440091,11,26.838158281238847,1,1,0
8588.132359957695,7,36.521337188641155,0,1,0
43680.97803308002,2,23.90692467502005,1,2,0
65864.91320665558,12,18.0,0,2,0
43827.91081086078,18,35.50426764139443,0,2,0
27747.737781935728,1,47.622778906716725,0,1,0
55861.30127065503,16,44.25804641596059,0,1,0
34765.53330767877,15,34.180877042743916,0,0,0
93293.48224365064,3,52.469896981754964,0,1,1
92272.24944639685,17,29.309386091534265,1,1,0
50286.94481521234,13,18.0,0,1,0
32855.611002424026,1,18.0,1,2,0
73739.52815426825,12,23.18809059404283,0,1,0
3767.6230539583576,20,43.166247432622285,0,1,0
47529.42370376076,19,28.651973165326137,0,1,0
33698.70708760632,16,39.60958641857302,0,3,0
92061.53492174522,14,51.462833835839774,0,0,0
1299.102424540986,19,23.999030374221938,0,1,0
55326.206084263074,4,39.7849973179589,0,1,0
74092.29174855593,6,40.38963072655722,0,3,0
48553.29695365172,17,26.39262011526897,0,0,0
8631.762713255894,23,48.54210925245083,0,2,0
97248.89286378743,10,32.12292944450523,0,3,0
51849.24209447218,17,31.162470190869907,0,4,1
61457.20580746923,4,56.116132184179726,0,2,0
23737.31729247998,12,40.227667423667185,0,4,0
48401.4587021697,17,44.25290549685498,0,5,0
42972.03424663635,1,48.54892931521839,0,1,0
7582.094615998175,19,28.49526000540783,0,1,0
10705.419319391976,3,47.49821097053679,1,0,0
83763.50470991558,12,29.9810588500233,0,3,0
24058.013225438364,23,29.553766106617026,0,3,0
19576.33132271319,15,32.28000027691864,0,3,0
50540.65397988891,5,28.779351650550453,0,0,0
76897.83842311504,7,43.22156432657163,0,0,1
6288.457206040893,15,37.672106551450554,0,1,1
57723.11117186176,12,30.08775585382887,0,2,0
12009.123239773278,22,41.74505033154822,0,0,0
3742.458977479284,3,32.24817562613654,0,1,0
5369.120821005517,1,31.719296296353235,0,2,0
83432.99441002328,8,35.486838849015435,1,1,0
11885.45111444335,17,39.63460355666217,1,1,0
4610.6213047879655,16,38.8984764937742,0,1,0
43846.198725576935,7,31.367508177471695,0,2,0
84414.94784700828,14,43.47111207439402,0,1,0
26314.596811281262,8,32.776058489203436,0,0,0
42229.090490839044,16,28.45015511391281,0,0,0
4088.2610031187473,22,20.319783512326488,0,1,0
44962.9435620741,1,44.83178480999021,0,4,0
57803.54675564965,5,35.12390076194008,0,1,1
57133.61466983926,4,37.108723585105146,0,1,0
33309.42654821908,16,45.45802915699515,0,2,0
31621.76474824724,1,30.22593768402184,0,3,0
10751.69953176613,17,21.256007515258716,0,1,0
36743.15223256221,9,35.69780702215218,1,2,0
10039.517420409169,9,38.07961552080295,0,2,0
76682.93487673395,5,32.37150933839627,0,0,0
96630.80234504376,11,49.73737578076169,0,1,0
97010.43822100402,16,18.0,0,0,0
86520.60282760185,12,46.20056637899783,0,0,0
60119.13571902795,19,42.91153650364226,0,0,0
70116.4831546636,15,39.56770777700459,1,2,0
28592.059687773366,9,18.0,0,2,0
63113.9649752448,20,47.83888783270268,1,2,0
45619.38998904376,1,24.735658893641148,0,3,0
48253.532243715556,1,29.923080216166134,0,2,0
75801.87838147828,22,33.29407335209931,0,3,0
28263.64372416544,6,39.07418034651975,0,0,0
31872.157208282537,5,41.3942804219255,1,0,0
92471.7149337508,0,43.928405543192966,0,1,0
5716.807055612127,11,43.15853510078516,0,0,0
48614.8664114927,12,37.52927204213126,0,4,0
91288.79996074538,11,39.159226590575905,0,0,0
61075.26448103388,18,24.092462841777536,0,2,0
54686.066713791995,8,27.48973193180978,0,1,0
25049.443505012587,9,43.95460223674832,0,1,0
34393.22135753838,16,43.37209486728681,0,2,0
85219.63673888882,17,42.23799416444421,0,3,0
55965.89136366897,7,29.855832383434723,0,4,1
51522.745156302306,6,44.104921319436954,0,1,0
10048.01338264889,8,23.38755547519642,0,1,0
1701.2128298668,9,45.77359809862273,0,2,0
96372.1503498362,11,32.391291987541095,0,5,0
37760.91811195548,14,51.841704063406326,0,2,1
60360.98490374048,14,19.78557907934515,0,3,0
8063.535811409771,3,52.634040459185215,1,2,0
68343.11714373235,3,31.385356708365382,0,3,0
93263.41419972549,22,31.205207439882557,0,1,0
57608.958774442224,0,36.94838818985597,0,1,1
12698.920705303515,11,28.029210871993033,0,3,0
58213.980594600325,1,34.27670998697693,0,2,1
76658.08658915477,14,27.623737347291453,0,2,0
40701.012003744465,16,27.989364690208127,0,0,0
87995.79101935263,6,39.868859503005716,1,1,1
64903.42704040071,5,25.98434504696484,0,1,0
89934.96693709133,11,27.318057649945178,0,2,0
62388.18059360899,18,21.27208750253591,0,1,0
13215.66840328194,0,29.960693200386608,0,2,0
31038.20193940839,20,48.11602029723922,0,1,0
20259.315330420446,13,26.540663598970315,0,0,0
90891.76712191454,3,27.683667348127585,0,6,1
76063.96672201951,4,36.93921946481535,0,1,1
67672.19705410961,0,31.292035662004736,0,2,1
30166.535331199007,0,57.2815443334965,1,0,0
18486.072727816332,20,33.374720353237436,1,5,1
75669.46369009229,5,38.35218346217372,0,1,0
47468.37879332006,4,44.43768784799322,0,0,0
22656.37625984785,1,44.24577865862851,0,1,0
61700.53561871098,20,37.33287581557379,0,1,0
4129.351828631352,4,33.388725133139985,0,2,0
32684.408387412524,8,55.240285363792566,0,0,0
46908.84375965435,18,34.002397246857335,0,1,0
14881.037577529643,20,30.583098955715194,0,2,0
98466.98231132487,14,28.541510117059815,0,1,0
20988.826722502465,12,18.0,0,1,0
13122.277691322228,11,43.21615752237163,0,1,0
20433.13390130095,4,18.0,0,1,0
76929.20720265646,1,34.94277159095079,1,1,1
42608.015361257094,3,32.95139365728615,1,1,0
56585.05238127855,17,57.399651922314476,0,1,0
2198.8147829374384,20,18.0,0,1,0
3539.6877264741242,9,25.988967130156432,0,0,0
44637.972427718916,12,33.63903541318351,1,2,0
81683.85879584218,11,33.02470662530832,0,1,0
88535.36398288577,1,29.50455409189955,0,2,0
8761.986102804458,14,34.190120905978326,0,1,0
53882.473899892175,13,22.404372711302585,0,0,0
91331.64565929912,9,38.57192878994939,0,1,0
38858.478164348846,21,18.0,0,0,0
82973.62655969402,7,34.74230644122743,0,2,0
13456.195874503677,14,28.996433057364268,1,1,0
93545.9095178131,12,45.16287942756635,0,2,0
75167.18942137713,7,52.553110706333044,0,2,0
94139.30583941148,20,31.689478312496423,1,2,1
67694.0616318954,20,48.907259291414306,0,5,0
36404.05280674276,21,31.83883719369589,0,1,0
93824.29913521977,13,25.3387347687091,0,1,0
27629.12095328693,0,52.459036321856196,1,1,0
33284.03495396708,12,40.20776444734007,0,1,0
70110.76095837385,7,35.04438522609814,0,0,0
76555.09832258608,17,41.87177475098648,0,3,0
92947.40803653047,21,37.742150351301675,0,2,0
20559.76066471533,8,34.30780592058482,1,0,0
79820.00371840048,12,21.735651726920036,0,2,0
73880.75073435665,2,32.29463262838733,0,3,0
6473.076169734427,17,41.232554234584725,0,2,0
38783.591806899676,9,33.772285743131896,0,1,0
28348.269160303847,4,44.02325761130386,0,1,0
30518.593392967636,5,38.83655023866789,0,1,0
98296.39326751462,7,26.21863681914593,0,0,0
64313.4636066448,23,21.808280421678763,0,2,0
71795.84816357061,6,33.428215000698316,0,2,0
97664.10196776941,20,29.757715518954125,0,2,1
37782.458067518106,17,38.36321809621686,0,2,0
80203.8328284353,13,27.818623412372702,1,0,1
43509.64323411909,14,28.846076742451228,0,2,0
86966.41381431647,9,45.53069717594912,0,2,0
18147.688376999187,20,36.48202968627898,0,1,0
94773.84908872153,11,27.97272934572707,0,2,0
21955.29367024688,6,35.1764180873502,0,2,0
32689.42864739506,6,48.78911243001683,0,4,0
75643.60418726737,10,37.93786688274723,0,1,0
39436.13864238413,12,40.9295080942513,0,4,0
60860.31653896802,14,27.477654634725575,0,2,0
44512.89275683591,17,45.264193771346,0,3,0
74262.7567152692,6,58.18102260463802,0,1,0
22910.292111624225,5,27.085323574871463,1,0,0
5939.952924964013,22,23.181060256280105,1,1,0
30062.946807559318,10,36.75542243835148,0,3,0
47483.435620356184,7,43.755050498444106,0,1,0
16885.20321404859,19,34.08610327949739,0,2,0
35544.249236673226,0,24.467936039573374,0,0,0
40058.303527527496,7,33.9141583821961,0,1,0
5833.445184458527,7,40.98092272777455,0,3,0
58372.39409360204,18,30.929681730539407,0,1,0
88445.90845433163,2,41.07255017754922,0,1,1
15259.117004009937,4,46.6471078523991,1,1,0
59821.02053881125,2,37.402306257704474,0,1,0
66507.44657059354,14,34.72052228721707,1,3,1
41991.53457388691,13,43.293439252262814,1,2,0
70139.64897769057,20,26.438991725627695,0,4,0
41132.0811947521,14,25.452901663070776,0,1,0
50513.265068945744,23,32.33427715071015,0,0,0
834.5691509872553,16,30.08120545185533,0,3,0
69202.83940205541,17,26.966580247095244,0,0,0
66168.13362657797,1,53.30468474998774,0,1,1
3936.247644901822,11,56.71993209494291,0,2,0
36888.185728773795,15,31.462949577444178,1,3,0
97905.28089508758,3,35.917189497483655,0,1,0
42131.582600604816,1,33.12157179936209,0,0,0
50244.345972670984,13,46.07499240118156,0,2,0
91002.02280015589,10,48.05645561840047,0,1,0
71754.46139898906,12,18.0,0,4,0
58248.806099309935,6,39.76010800065626,0,3,0
79800.68766597315,9,21.931786588388515,0,4,0
86450.19001895173,23,52.58272157875278,0,0,0
45743.11836655296,0,39.40248030210398,1,1,0
47563.32565669036,20,26.766504616373638,0,0,0
38666.488471618395,3,32.58678612062147,0,4,0
96673.9433878442,17,32.110227417338415,0,0,1
69746.908803606,5,40.25112942885816,0,0,0
8413.984314186422,1,45.41912604177478,0,1,0
86309.66636897055,2,23.517927080282902,1,0,1
48107.93808954318,13,53.38754500912114,0,1,0
6968.515251606498,7,51.05690107820843,0,0,0
55016.75379081477,15,26.246764324089547,0,1,0
41774.711469672635,18,35.728017943623094,0,3,0
87787.16554577622,17,52.10808544114316,1,2,0
20479.0609005778,5,47.32918586677483,0,1,0
82663.81448826907,13,31.632569699521042,0,1,0
55813.10024942673,2,43.14339814567873,0,2,0
5555.5692910255575,15,64.97198291719138,0,4,1
97187.34560241591,0,36.05159981851212,0,1,0
51310.26288590967,11,28.67351748559981,0,2,0
29158.59773773509,13,36.724198520913994,1,3,0
46993.743514726884,18,37.46552095497318,0,2,0
85799.99257339715,21,29.75463260999902,0,2,0
30559.822126067844,18,39.41625067814217,1,0,0
19348.37200902136,8,22.45598940272499,0,3,1
12994.217568395057,6,28.344661329913208,0,0,0
29856.153899182103,13,42.582447761547975,0,1,0
78026.80389530034,4,18.0,0,2,0
47215.47388300664,17,44.031675919947766,0,1,0
22825.412208984642,8,18.0,1,1,0
16701.881461013945,20,18.0,1,1,0
33339.674703386874,6,30.010212569441144,0,0,0
93998.44485128231,8,37.868638428193506,0,3,0
34368.36858774343,3,48.25263603127389,0,1,0
98813.59518786808,16,35.576227631595955,0,2,0
48574.52253095908,11,32.5344639242401,0,1,0
17998.475437186073,5,40.79581247984804,0,3,0
89124.89517017159,17,26.291011795320657,1,2,1
46089.50177616921,7,36.394151593464066,0,2,0
70996.167216102,20,23.0055374204464,0,1,1
98372.78716259426,14,35.82590516875413,0,3,0
5112.517496965403,2,33.701636741505965,0,1,0
9759.786522777957,1,26.95732078550583,0,3,0
72073.62847212935,23,36.65040636537739,0,0,0
28254.317829217653,22,36.58549653159643,0,3,0
18511.709555314897,8,46.75454012339135,0,2,0
4032.2517939909767,7,18.943665969372123,1,1,0
2282.4865274215604,3,34.23951092302958,0,1,0
77471.11175166711,1,27.397376002965206,1,0,1
13529.899394218044,13,43.69762058176292,0,1,0
46825.28953551797,1,42.53912065192133,0,3,0
60629.09183643035,1,40.07879845068621,1,4,1
42892.34487682774,21,27.96166741930537,0,2,0
2807.954568389687,6,43.854705829400956,1,0,0
78371.8001085321,11,19.69869071256668,0,2,0
1150.2711317111834,5,18.0,0,2,0
76212.80044831065,17,22.24129000098076,0,2,0
89341.11892943346,3,34.66525189673094,0,1,0
43340.70811361151,18,41.75164400988294,1,0,0
53600.69306247004,12,18.0,0,2,1
47750.64092250361,19,48.22742831879786,0,0,0
38981.941000481536,20,36.311121961784345,0,1,0
88753.71108349899,22,19.32227652410225,0,1,0
89403.95771593205,1,36.009469702895814,0,1,0
33648.0548276893,7,45.9252541467842,0,1,0
61545.46842606833,18,40.99441015306259,0,4,1
92698.06545837183,8,45.99073062553966,0,2,0
96209.64404424102,3,21.337533706028893,0,2,0
50945.00813816255,15,30.859947648615954,0,3,0
45337.19804790425,18,25.753077694764677,0,0,0
27941.562161259724,9,52.17580205044318,0,4,0
95891.30013172196,5,41.3936284348663,0,1,0
14367.149016839448,15,63.470095889576406,0,4,0
58024.97464716773,9,30.323904665827726,1,0,0
28326.771725112023,12,27.753257883176953,1,2,1
27972.928205744884,8,33.5717336140485,1,2,0
40556.361878881224,6,48.78357221422549,0,1,0
99879.41428798389,3,31.338803106246527,1,0,1
5591.134053298224,18,36.244375979069446,0,0,0
57896.32763853279,3,35.96690702886819,0,3,0
8348.95858772419,18,35.394967612021894,0,0,0
15536.630916052845,18,28.47601539537522,0,1,0
44012.33788311258,11,33.62708932089633,0,1,0
51094.967121509486,12,33.19897398648642,0,1,0
25953.36159561595,3,34.924353403253505,0,1,0
31714.067374354177,9,44.43516818152708,0,1,0
8788.005323567713,20,52.60628034624493,1,2,0
30391.656406040627,6,26.595652373302933,0,0,0
96659.18809411635,4,31.08006375212285,0,1,0
94476.26742908092,16,26.749881015938136,0,1,0
33554.3411846848,17,36.87101537222273,0,3,0
57128.30823424828,10,29.61650542489023,0,4,0
90968.57957198334,14,37.39796833741989,1,2,0
717.7638818255778,20,46.03626910444787,0,4,0
81087.28867672542,21,18.0,0,1,0
94842.118323613,6,39.91779889600691,0,1,0
9223.44085992235,17,30.39812951102121,0,0,0
16228.623834688811,5,39.604222679843886,1,0,0
96078.55564685841,17,26.035305622497994,0,1,0
53800.26034967059,15,46.96260988306875,0,0,0
1518.2437837251978,1,44.13280618040284,0,1,0
25837.436676476562,18,40.68352148542643,1,2,0
45049.373059459074,0,42.93225717810098,0,2,0
69321.60021137429,10,27.543795328278264,0,1,0
73342.72177586627,19,28.8037624531071,0,2,0
99542.60914125307,4,42.52436200817479,0,3,0
28822.368818437528,15,27.32270857231388,0,2,0
53868.188176660675,22,49.45635046658087,0,0,0
53379.02243117454,0,31.764089287189684,0,6,1
40623.96141877903,18,40.01894389860622,0,2,0
16999.27319485778,13,55.9924951925509,1,1,0
97747.91066206587,2,27.937766459319235,1,0,0
85346.38694799195,1,35.68761750844783,0,0,0
49883.469526594294,23,45.541831646373076,0,3,0
60364.21772613458,4,44.51277388876531,0,1,1
22803.379250610265,16,31.72184689760642,0,1,0
54424.32833213551,17,29.832695624781458,0,1,0
69527.51629883543,0,32.66864067454948,0,1,1
51565.18613582022,14,49.47857766151364,1,1,1
99029.48854143562,21,32.208941436400536,1,0,0
61173.031459147845,8,35.78115692483465,0,1,0
37160.27388795769,22,30.732135290765747,0,4,0
77237.98755882223,4,42.05548564795987,1,3,1
17129.204907006042,12,36.555250375836565,0,5,0
38513.129789256025,18,24.96566189241771,0,5,0
34761.19914272083,23,25.311758859650055,0,0,0
43237.52880126695,9,18.0,1,2,1
78199.80461027975,19,26.686785908743836,0,1,0
48468.8859131244,20,42.939458036321724,0,2,0
79422.04358156968,13,48.23760538012268,0,3,0
57691.2414236726,21,41.85558363217184,0,2,0
34272.73652228978,20,40.54632200640681,0,3,0
81016.8764939789,11,33.7347395047135,0,1,0
23905.13808825385,10,42.74914554913987,0,0,0
22515.85968199957,22,37.862782230818844,0,0,0
50499.84211307809,6,53.04448971987125,0,0,0
26158.839671612684,16,34.01554685823252,0,1,0
1007.7947916265106,17,48.43008083736131,0,3,0
64864.92297715027,6,43.7411408181786,0,1,0
51158.27276509256,23,42.35443286204159,0,1,0
44607.229667866806,19,18.0,0,1,0
96700.1546103697,5,44.29189561547711,0,4,1
57162.79847789508,10,33.724920210908465,0,4,0
86356.81462115952,11,30.560735055651083,0,1,0
14031.0785968955,15,20.170869588220867,0,0,0
56963.72566662983,18,34.94412866031817,0,2,0
86811.1647104172,22,35.33551596818243,0,2,0
58352.26515226181,18,21.969980781851955,1,3,0
71829.61639488745,10,20.26719827106308,0,1,1
37267.15242443952,15,39.86619480128111,0,3,0
9335.706752002954,22,43.71705131061377,0,0,0
45844.23948319443,11,36.90282909922422,0,2,0
39508.49114480187,7,46.50834649684363,0,2,0
86719.31221965684,2,34.136150156485016,0,1,0
24475.130705011976,1,34.45648725599798,0,2,0
96676.7493307573,5,25.829719712592095,0,2,1
95817.99816846916,15,19.39758022446283,0,1,0
24838.401142836727,19,53.54662133859585,0,2,0
34870.39035218432,23,46.31299050249746,0,0,0
89566.01851330111,14,21.074874328615216,0,0,0
96665.55986752114,13,36.55751907831281,0,2,0
44399.5663733208,1,33.999536888963334,0,1,0
32167.60485952569,19,32.26007526836957,0,1,0
52656.79192382905,17,30.909821521850606,0,1,0
68808.14371593691,13,38.81269146967979,0,1,0
27420.104085960484,17,43.181755254714744,0,2,0
73673.67014444538,1,39.023911690282056,0,1,1
5260.569975752639,0,33.794816256208065,0,0,0
5024.5198271652025,19,33.4277328310888,0,0,0
38690.14174403997,1,44.36814316922667,0,1,0
35411.971886865984,8,39.63444938116062,0,1,0
31631.758215178514,8,35.72689463035433,0,0,0
49152.87429062411,15,34.640987023998925,0,2,0
32141.284872925968,10,38.45270509612289,0,2,0
19306.566054962383,22,30.316513114405506,0,3,0
31016.00795395123,5,43.215388173082104,0,2,0
97492.93685374247,11,24.241414381621333,0,2,0
41170.230357785375,2,30.88543490233518,1,2,0
44526.80640814774,11,41.11106095446024,0,4,0
57696.84449611889,22,23.671171866457268,0,1,0
98335.74276458123,0,19.269914573504998,0,4,1
24235.967515932723,8,35.6307767542924,0,0,0
68160.08284219014,19,18.035418455535293,0,3,0
71626.87088481824,21,22.011964459481383,0,2,0
60771.709237627285,5,42.56594118506432,0,2,0
8948.976129700743,10,32.95214742394264,0,2,0
67719.54035517489,2,47.85486949708985,0,2,0
6503.06163251393,3,22.95185659062545,0,1,0
59654.6506900347,9,34.06047634367716,0,1,0
73984.15960445208,18,38.995845532077595,0,0,0
21175.892072933046,5,23.29485069871091,0,2,0
84178.03855352313,0,45.31761904499625,0,1,0
3132.345172747126,7,40.10678883166039,0,1,0
84396.90507946478,7,18.90712913312566,0,2,0
46086.87215921223,5,34.62258203791399,0,0,0
21837.035199171285,16,38.859567362586326,0,3,0
13464.436684897404,18,29.099433264719426,0,3,0
95335.38604147901,0,20.201350944911862,0,0,0
7359.292199357556,14,37.7845878944741,0,2,0
19989.432651598974,12,57.11242950282561,0,1,0
34847.45250856129,20,31.130159008423096,0,0,0
62061.46141121593,2,50.692411812847084,0,1,0
54525.628419082226,1,27.477111782385318,0,1,1
12651.784891990166,2,37.15545635009952,0,1,0
29043.82557544764,8,42.71522530876119,0,1,0
23951.301931493806,15,34.91586334028635,0,1,0
21432.931163585105,23,32.02264351118769,0,2,0
41173.319214350704,12,42.26127521350374,0,1,0
70432.74211390653,18,53.91455115269221,0,1,1
21823.54792850187,17,38.00586924639131,0,5,0
36731.22008232784,20,29.839398234696525,0,1,0
39152.65094143211,11,33.10248442740317,1,0,0
97648.00729059748,11,60.19707645645374,0,3,1
95471.16905221897,0,36.349071163381275,0,1,1
80033.74451693239,19,29.05586301422027,0,1,0
24241.726189836598,7,23.5493208351746,0,0,0
6896.927677757802,16,18.0,0,1,0
31758.723358290412,20,38.6358427384619,0,1,0
26752.775488439704,19,41.54641992824504,0,4,0
50641.987434624745,21,31.03303820034793,1,0,0
77795.01821577252,6,34.85029581969046,0,0,0
85846.46159399791,8,23.295382907113762,0,2,0
84501.9221325098,16,36.329284648275014,0,3,0
36031.58856618447,9,39.814953205671245,0,3,0
68754.71091172223,3,29.648357328323623,0,1,0
31352.136332669583,21,51.904526695858394,0,2,0
6184.463769194753,6,26.62893673253088,1,0,0
70186.37003373394,6,37.83476604018982,0,0,0
1081.7725017218058,7,43.48317219704606,0,3,0
40977.34048710301,23,34.22710499850618,0,0,0
33004.98900327736,23,33.11523181105508,0,1,0
69368.41609803335,7,20.711338495503377,0,0,0
76647.92272876186,15,48.57341495716284,0,3,0
30479.054133531256,11,33.30106798332404,0,0,0
81181.53874304087,14,40.37365424934825,0,1,0
29462.284374442883,7,41.727204878601405,1,2,0
44688.003362657466,21,28.717015079822467,0,2,0
72729.15084871199,8,33.024713957087855,0,2,0
69322.73089955638,2,48.34482350743504,0,0,0
98738.11038398878,21,23.82802334259555,0,2,0
22593.586319171594,20,56.27918074757257,0,0,0
66265.55956260428,15,27.55127214723726,0,2,0
61007.222636750164,14,23.204825433594884,0,3,0
91518.33560355399,23,36.32309020688535,0,0,0
15720.577950323017,3,57.08348264339871,0,0,0
75204.6365423346,19,18.0,0,3,0
56870.034765249955,15,33.589842815103076,0,1,0
27539.12039181175,9,39.76265017256556,0,1,0
47496.04792330269,10,35.33649958535531,0,1,0
33444.2820472728,4,38.8192167000301,0,0,0
57973.40893856724,10,27.81966917827726,0,1,0
88911.16102038512,12,29.00278154068619,0,3,0
56973.56794277898,14,33.515773528408005,0,0,0
63209.06959082575,5,23.70111912097249,1,1,1
51922.90992675947,15,34.553135985598104,0,1,0
5211.434093903043,14,31.112547063284985,0,1,0
23362.569831921814,10,30.299548148451315,0,2,0
49250.97277026507,19,38.205064125986375,1,1,0
31092.504846096006,1,18.0,0,2,0
18258.1834163433,1,32.70909896616846,1,0,0
50462.87090765199,11,58.17353765614861,0,0,0
32348.698365440247,15,24.13890313674375,0,0,0
25884.95355302413,18,47.855004964844134,0,2,0
46452.14320229404,1,35.546561209126985,0,1,0
13415.097382409098,16,28.970421911185817,0,1,0
92781.79873423319,13,21.793583404701934,0,0,0
86783.43958213198,23,36.39681965285232,0,2,0
70791.29651547948,15,49.53397105814676,0,2,0
10710.761376086775,4,31.107888548032363,0,2,0
77610.13772152233,9,34.19038575263227,0,2,0
80814.937078091,16,45.10370850190332,0,2,0
76799.68530966234,12,38.408707913462806,0,1,0
11485.192123212191,15,19.277242202754216,0,3,0
64426.404911069694,8,35.988872158551835,0,3,0
83449.04709536492,23,50.12234910665598,0,1,1
57777.604781844806,3,34.63058813532502,0,4,0
64676.09678528609,23,18.0,1,0,1
45890.51159468799,15,38.88214991591073,0,2,0
52917.86125641686,22,33.01543560455964,0,0,1
3534.248149337349,10,18.0,0,1,0
63932.40589513113,6,18.207919099462156,0,2,0
8236.576567826804,16,44.75107143288809,0,2,0
43557.95797458832,21,27.6761725440492,1,2,0
29336.24425697404,12,25.92503619264008,1,2,0
54588.252226150136,3,34.64361439068331,0,0,0
13428.291918768387,13,28.557970016800613,0,0,0
69195.17585713448,9,36.000486277777455,1,1,1
79521.6525391542,9,32.9727997056333,0,2,0
16419.109529341335,9,23.00004419906357,0,1,0
10520.877426453028,11,29.888022014386152,0,0,0
14636.99673045718,1,39.427533213091046,0,2,1
87725.04343366032,22,35.41918040238625,1,0,1
52866.10724945998,8,34.18057517608169,0,2,0
46779.37350114951,4,54.373842411793845,0,3,0
10760.510728325193,7,42.310375253855355,0,1,0
64990.64507502048,20,43.52441264821343,0,1,0
86813.15923031948,13,33.34031592205075,1,1,1
82835.76834541294,6,37.20145190351275,0,2,0
62642.86542718205,6,30.689000104743073,0,2,0
7620.343793502196,8,42.77549765524128,0,5,0
11328.463014883695,2,33.89600095900956,0,2,0
5025.967812271485,13,37.22377748930556,0,1,0
25822.17372759768,16,36.60611302155168,0,1,0
13652.580569321737,17,34.81833118594545,1,1,0
26078.799221218145,11,64.3818806715577,1,2,0
38567.29976632427,21,28.333807225052773,0,4,0
94303.98012870645,13,28.24288469841308,1,2,1
61076.56837219104,12,41.94096746811757,1,0,0
83513.88118972794,13,29.04831000924821,0,2,0
71064.11492116199,8,32.085936386511065,0,1,0
11339.062739610512,18,24.13589046644382,1,1,0
73618.44859675749,1,39.91557919402587,0,0,0
27582.378267756532,10,40.04257244484152,0,2,0
63946.87391477117,16,31.848079400765556,0,1,0
34162.10116693455,1,42.14816688480072,0,0,0
99767.45910013946,18,18.0,1,3,1
26428.792801728105,6,27.931465984856565,0,1,0
27985.134030349538,17,33.30020813789069,1,0,0
93074.1583306836,12,23.277175030970472,0,2,0
2561.9760231686346,4,18.0,0,2,0
69699.22988853237,17,31.92104034961553,0,2,0
72560.10643451422,22,41.94020087060742,0,4,1
83654.2198832989,23,47.82108391426512,0,2,1
97446.48713278369,23,29.52712116794627,0,4,0
97562.63172374957,15,42.332158376215936,0,4,0
6621.148080889743,14,41.365420380756674,0,0,0
82201.74834301496,7,47.186081743344964,0,3,0
64666.362372372394,14,31.498089696459985,0,1,1
64769.47922387181,0,18.0,0,2,1
12922.15766880801,16,35.70185852422745,0,3,0
65053.697927920766,14,24.86206259030277,0,2,0
98250.00980206465,13,27.764948909379925,0,2,0
91190.67509699074,13,31.987808559468178,0,1,0
43969.15301440457,9,31.61072368650857,0,1,0
4090.8025312808245,1,36.41559266895794,0,1,0
36293.11965102046,5,42.03156316419617,0,0,0
82656.39212889546,16,31.322644167240338,0,2,1
70179.76023637009,4,38.95697506608005,0,1,0
45988.431193836244,4,35.14816009930505,1,4,1
5604.6433623672265,14,44.35494395878445,1,1,0
42746.78330954793,14,33.11408148893683,0,1,0
46955.59147781656,19,34.21073324225444,0,1,0
92862.69773612419,10,31.255995520010934,0,0,0
64144.50174785773,4,33.37751460041505,0,1,0
31234.126373799423,0,27.165118716541258,0,1,0
52579.294618627064,10,26.174027138564867,0,3,0
6698.925251433791,10,42.75765385282725,0,1,0
97259.56674140871,5,24.167983168153988,0,1,0
36069.98420287953,22,31.808819103020966,0,2,0
47838.94875582227,7,45.15342786270996,0,1,0
35592.86902626857,1,31.472992049963928,1,1,0
68282.9218386084,14,43.287404536855746,1,0,0
66256.99261712635,22,29.089542792731585,1,0,1
71560.69882186066,21,24.48836393649806,0,1,0
26887.50863823089,8,19.05174145099179,0,1,0
31635.281268290193,14,48.127240692726616,0,1,0
12612.597986511175,7,23.631288183655847,0,3,0
65585.44618742666,15,42.471865901250936,0,0,1
4075.73302083169,13,25.000529732066177,1,3,0
59808.46531879356,14,48.173839179398215,1,0,1
86982.61889667822,19,57.067827246151005,0,1,0
89094.13161413439,12,18.134699403096633,0,1,0
44958.87226095917,8,24.15243565841186,0,2,0
45984.43845248607,0,42.73131863803225,0,3,0
7789.221382500934,5,40.13042923365815,1,0,0
67109.42604175927,7,42.769218547601916,0,0,0
82143.81609524727,19,29.262444495956238,0,1,0
24541.039955010834,17,54.875341610233676,0,2,0
42187.95807517313,17,36.180494666897744,0,3,0
83900.0497428505,16,22.830374231564804,0,2,0
87724.33471946257,20,32.46851499957055,1,0,0
24393.68002839617,15,22.964331037711673,0,1,0
55102.00639068228,12,50.90941358554105,0,2,0
19330.065748519122,21,28.396687371998837,0,2,0
10277.688537541699,3,39.92483484744622,0,3,0
91120.93808905657,3,30.293268550178198,0,0,1
82068.69967278771,20,28.84612690237487,0,0,0
76027.48669013707,13,18.0,0,2,1
4971.755249432728,4,40.98174602990567,1,2,0
84388.50639175472,15,47.99181252629184,0,1,0
43860.60318294784,13,25.840324186348482,0,2,0
34305.27281725638,13,19.547708850013287,1,2,0
54692.988466435105,13,43.03316042737829,1,3,0
9226.188948083227,23,18.53758650893749,0,0,0
75688.99028030464,13,47.195329359482585,0,0,0
58285.26418114076,18,25.956048770453798,0,2,0
18740.350677629434,2,23.967072571753736,0,2,0
18904.396756927654,16,37.48462421131291,0,2,0
18506.440292110154,13,24.618607149885626,0,0,0
5794.538516438205,9,27.928889187067906,0,0,0
58821.065092231314,12,38.53981932671007,0,3,0
84050.78294109197,21,18.0,0,1,0
1848.0715773401212,3,51.42419245928322,0,0,0
4995.564032630227,10,35.43640132465738,0,2,0
57319.75064102589,14,22.07033987596472,0,1,1
81967.61897006663,14,24.827546307131584,0,1,0
32741.215167806495,23,44.91646378260802,0,1,0
35026.47844089144,1,41.01052935074104,1,3,0
59675.015099927914,10,48.86780657285211,0,2,0
27493.867623502283,1,28.172571551957653,0,2,0
2758.1757711606447,22,37.96583837150803,0,0,0
73549.32895834945,4,39.265679117836775,0,1,0
62602.42630285116,12,41.95267500252237,0,0,1
58117.52430566034,0,46.2728112343207,0,1,0
74194.24448628313,6,27.827360941556528,0,1,0
67555.56067244755,6,33.858297322395195,0,2,0
20667.610619014282,9,28.89850254419855,0,1,0
35312.85658964078,5,34.473881266436244,0,1,0
12698.403153694637,19,41.98432782062975,0,3,0
13072.715640446315,11,18.459644997392978,1,0,0
67651.95506101826,12,46.09371569459285,0,0,0
85874.15068755158,23,23.608178757362502,0,2,0
96276.98512772779,10,31.926296803027686,0,1,0
62871.877043189495,17,47.43941924966124,0,3,1
18491.7222037596,1,38.28009717983405,1,0,1
10654.469510348177,15,38.395299482636595,1,1,0
81303.8120565221,1,23.193739547048892,0,1,1
57917.77198836393,18,24.559140641761594,0,0,0
61866.673599270616,5,44.41256396668919,0,2,0
78168.06266659545,0,29.108564545156103,0,1,0
70357.39505047191,10,30.050881267001508,1,2,0
83462.37946032405,17,44.63951251054712,0,3,0
5715.76915544186,9,24.500864546304726,0,1,0
74777.31161097583,17,37.69235132886258,0,2,0
85100.19045647733,0,35.42907326167691,0,2,0
28684.8907415856,18,34.973142741367575,0,0,0
64080.68267192596,15,29.815643681224962,0,2,1
31484.790177313513,6,29.201448185366715,0,3,0
95801.30954159716,14,24.216358362051345,0,2,0
3439.0148863068252,0,39.82665026041307,0,5,0
58021.305098912206,22,28.318508084832636,0,1,0
16733.704350246557,20,44.687446211672516,0,0,0
71250.79849719815,8,32.75444958409347,0,0,0
17671.43931352434,1,24.415495105789624,0,2,0
23614.78786364592,16,32.62186117851579,0,2,0
49487.644023471235,23,30.891428008635256,0,3,0
91492.01150468813,9,45.09103411728053,0,1,0
21250.265777582288,5,31.309998107484677,0,0,0
14509.578109698541,4,32.23789618799674,0,2,1
75921.78550221767,7,49.11546705492435,0,1,1
50111.8912801597,7,40.08267321463349,0,4,1
91187.33272693897,4,51.627060160034965,1,1,1
14746.794260268245,11,47.59045004063905,1,1,0
64628.196513001625,6,26.128374116371454,1,2,0
23364.62670056632,12,44.89950854400108,0,1,0
15760.366822298767,12,50.253032920745916,0,4,0
68374.59857421133,16,50.328131323234196,0,0,0
59409.09352888245,3,44.88095983576687,1,1,1
75507.2630903969,17,44.67522994909176,1,2,0
31015.31138697362,9,31.973389563244503,0,4,0
44852.368472580776,2,26.626179156504254,0,2,0
40606.62046540881,11,31.47782681102543,0,1,0
98410.53745025476,0,18.35210998567237,0,1,0
29295.670778264852,10,48.42795315421705,0,5,0
29552.24211084201,17,32.16707040582288,1,0,0
35519.366061977875,12,47.9133072906496,0,2,0
56502.94872090312,16,22.685004227784006,0,1,1
25307.04215194815,7,45.826249210022105,1,1,0
91537.46504388946,19,30.051193418206804,0,2,0
26641.987930139723,18,22.15630591690826,0,5,0
89591.99158286345,16,51.27118052159758,0,0,0
10437.158858293807,1,46.07311669340774,0,3,0
65690.61396972527,2,37.117924201857846,0,1,0
90707.85329198054,2,35.33937885134963,0,0,0
16958.06889598313,5,39.39510018819118,0,1,0
96835.86331391557,9,36.94628577917411,0,2,0
45343.04770550962,23,27.07724045828529,0,2,0
94576.93933325834,21,30.879477302150782,0,2,0
67714.3223586417,17,54.60717832038703,0,2,0
30228.528300367798,17,61.72156742628014,0,0,0
18911.42223921893,13,50.626685052306826,0,2,0
30443.131117887428,15,39.782239401626235,0,0,0
9392.43918534123,6,31.622509672980648,0,0,0
14472.409837698644,0,27.01814106103034,0,1,0
10555.577990613467,16,27.677175895697975,0,0,0
42352.06001978162,22,29.467323413132394,0,4,0
79578.27978813289,4,56.5116404142577,1,2,1
14224.217066212384,0,53.06282296382599,1,1,0
13119.011273916354,20,42.46278389935394,0,0,0
64378.552056781344,16,25.39386823587174,0,0,0
19798.57989860982,9,43.93055926711037,0,3,0
9851.242807088262,11,32.613829714893946,0,0,0
16768.172962737204,19,18.0,0,2,0
92380.76644808994,1,37.871006374012595,0,0,0
82164.97815234146,22,26.580869591659447,0,2,0
35471.0497792739,15,26.919465709099626,1,1,0
65616.49465600654,14,32.495920064319925,0,0,0
53773.839799437,12,30.016770270575872,0,3,0
67744.71392190814,17,34.65743180895992,0,1,0
68298.84813102966,19,34.176694499827946,0,0,1
62910.52810449329,21,18.0,1,4,1
26683.526716877128,13,50.20277988882833,0,2,0
3996.741434205531,17,25.1662327705132,0,1,0
45611.12152081187,1,25.47601614869527,0,1,0
89108.29108060131,1,31.714467482097024,0,0,0
56992.77612600573,2,33.91665152630706,0,0,0
83255.8650660206,4,49.58979816831839,0,1,0
99163.2718618267,15,37.69423452054901,0,0,0
16445.2587934138,21,40.66465484109534,0,0,0
69208.58615028403,14,37.74536187583281,0,0,0
67461.92801263246,11,37.314615824987726,0,2,1
97997.54919109201,8,38.097295030870086,0,0,0
98561.51332188475,13,18.0,0,4,0
68699.19331124054,20,32.50081515160471,1,2,1
24437.117719021207,15,46.62261110571157,0,2,0
79875.72822924684,10,74.42331010806686,0,0,0
10792.210507682707,5,22.9569106746049,1,1,0
78091.8604867457,9,39.230799603243526,1,0,0
91028.59280205517,7,29.289534221256584,0,1,0
38345.05613736668,15,55.47651903896849,0,3,0
63100.46596880974,2,21.462172392085186,0,0,0
43071.25893647295,1,41.249394903158795,0,2,0
43832.728993314035,15,20.9278890049581,0,2,0
31106.051821901194,18,31.814333319391675,0,1,0
76236.74908298743,8,34.65686669250191,0,2,0
93624.03876023387,15,45.69691681739608,0,3,0
94081.01083752267,21,24.22833173841472,0,4,0
17560.65035900589,3,41.633830488473855,0,1,0
87486.89060069095,9,35.18777723387947,0,1,1
73769.4009985695,18,37.7279338628598,0,2,0
25358.456328959895,12,44.58332714685141,0,2,0
6821.732830859304,17,22.174433069947124,1,0,1
26872.92696174936,14,43.10594973148592,0,0,0
91229.6028544744,3,29.310951469105753,0,1,1
63354.54962208765,8,45.95873454976826,0,0,1
72133.3606236974,3,38.3455763453788,0,2,1
25789.519875798676,15,32.90471618482945,0,3,0
71966.87674192454,20,29.099740309091786,0,1,0
2909.3384771645833,14,43.23294994355331,1,1,0
37594.60244272408,23,47.60951685480927,1,0,0
62712.65951937889,1,29.671484591398155,0,2,1
14695.04689757789,13,23.669934342186032,0,1,0
82318.05708724877,2,41.942110429452256,0,1,0
23579.626751310672,21,20.514690579662997,0,1,0
65262.88317056278,22,21.944875624170283,0,1,1
40579.19454327544,3,24.37299724472101,0,0,0
59644.75518821695,0,30.845495169612505,0,4,1
10834.310207627921,22,21.63668110784555,0,1,0
1789.5887121685716,8,18.0,0,3,0
90965.4862952921,16,23.64555805662877,0,0,0
27036.03787584156,13,41.424744465726185,0,1,0
81985.73257776786,16,22.284559278732328,0,0,0
99935.0950171728,0,31.5973032204583,0,1,1
21221.982674091225,9,54.46698462365562,1,2,1
26590.557044217225,22,34.5082586997291,0,0,0
66319.6927847031,15,38.42530989729593,0,1,0
96548.31859660207,18,25.53959981748447,0,0,0
91589.85338425532,23,56.63474853700142,0,1,0
50337.26445455193,2,29.587055108615715,0,2,0
79531.51722441979,11,32.71895315548483,0,1,1
13661.010724680116,2,48.17058677967364,0,2,0
97746.07460198083,14,33.18265755146381,0,3,0
96438.88808019506,16,35.47888782675215,0,0,0
16456.52289212918,17,32.183116792108706,0,0,0
30012.37016783035,6,32.25167621942773,0,1,0
10105.484250926016,18,38.70502010828092,0,3,0
27244.588129928154,6,40.529431891981055,0,1,0
81613.98336257914,4,28.567515687874327,0,1,0
37893.72915580942,7,27.3391954385307,0,1,0
8930.857017961162,20,28.908639111424367,0,2,0
34288.32992541257,15,20.987459858002318,0,1,0
98140.19509070388,15,19.095697414807027,0,0,0
63005.39116639437,18,37.97167147224908,0,5,1
41674.47854597516,14,44.385958031751116,0,1,0
16737.197498377274,6,43.710452931452174,1,0,0
98619.0620486411,4,18.0,0,2,1
82102.81602538656,22,32.54934912956739,1,1,0
28219.582514846847,10,23.97908044407441,0,1,0
7099.862702546827,9,36.43737437820857,0,0,0
5756.893182018048,20,30.82176481190619,0,2,0
12125.77713560283,22,40.91911906244589,0,2,0
58118.78150308072,8,34.80846909598659,0,4,0
92883.46577842868,0,18.0,0,0,1
49724.66845779785,19,25.329141272004595,0,3,0
84310.2536973741,0,35.057851148266536,0,3,0
44644.0733239948,7,35.90110429231086,0,0,0
70887.49622220574,2,20.94323192295998,0,3,1
73214.08645492143,1,19.635402964538784,0,1,0
17478.97421974353,3,35.56245337573179,1,4,0
36185.4842916836,18,20.963326939494728,0,3,0
63766.485438148586,10,18.313705734992144,0,2,1
7162.591157618182,4,30.548594873686582,0,1,1
36217.86475751936,23,30.11553908661349,1,1,0
53526.466681491125,9,26.21599522660699,0,3,0
99622.82685515941,23,27.962630432750373,1,0,0
47505.90290598183,22,35.138357232223946,0,1,0
81624.07003572093,7,27.79837096320181,1,3,0
43263.52177815511,12,35.70697021664839,0,4,0
79659.43318970891,4,31.195314638826655,0,0,1
59581.93868184883,11,36.67650155386656,0,2,0
88670.88460608959,12,43.78205565436645,0,1,0
41153.16097977598,21,43.39247845390595,0,2,0
60470.01154016574,7,47.88210471066083,0,2,0
63038.86619382085,14,43.3814689689716,0,2,0
41796.55588586728,12,37.385575315418045,0,1,0
14516.773164379403,0,30.665683623598554,0,0,0
9446.58475054232,21,31.122390771837757,0,1,0
1765.4879049033468,5,26.2222269356419,0,1,0
87366.07299809695,10,35.04529291051558,0,2,0
23723.843732645586,12,41.97387478711935,0,2,0
21229.524253248626,20,27.743323971169794,0,1,0
73629.93650256394,19,34.62782141336226,0,0,0
32069.609697430435,0,28.22637771278231,0,1,0
50653.86477194248,10,37.093543301876146,0,1,0
16334.855423215884,10,29.5061661605005,0,1,0
95978.59757405073,7,27.604894287059473,0,1,0
85172.98186172202,21,28.200333050679745,0,3,0
86392.58333420382,2,40.03328773845567,0,3,0
40736.69748234332,18,34.03250594669645,1,3,0
76259.88524934657,11,30.715782699999643,0,4,1
14473.227923439037,5,37.61404502547211,0,1,0
961.0383589188498,22,30.854837825323497,1,0,1
2095.2959645450096,7,46.26517893685703,0,2,0
58701.51356671559,4,25.261338463067432,0,2,0
45593.95103426929,9,33.130284871827186,1,1,1
51849.73335596112,21,20.95234778332999,0,0,0
845.5677276802186,15,31.531256081099063,0,0,0
42326.39330377683,11,18.2036450229337,0,2,0
71835.009303966,16,42.46316522559126,0,2,0
44325.10082654684,5,42.66503767005579,1,2,0
73248.69871059101,8,42.84170173724476,0,2,0
23378.594543243795,9,35.28872480174468,0,1,0
81332.88624772437,19,26.20129595289908,0,0,0
58884.28092129988,13,26.996593679640505,0,1,0
21155.233633047632,13,50.30172055220521,1,4,1
23748.37553779791,16,49.356771037997966,0,2,0
62840.24341049675,15,36.225551569507715,0,1,0
83010.9653619231,3,29.843659659196728,0,4,1
41621.2154247126,1,48.68623422698511,0,0,0
25904.212869846462,15,28.0549683861519,0,1,0
86714.45953036899,0,37.288492080959074,0,3,1
66959.90234590841,2,48.51957305398459,0,2,0
44863.74017957934,22,26.636615003353725,0,1,0
48841.229508402255,10,43.29223585637112,1,1,0
20505.221146846,15,40.2056079584387,0,0,0
62717.582743477906,17,34.60483457768439,0,3,0
35938.376803234576,14,25.065664008668843,0,1,0
99564.95314976749,8,27.75560239896724,0,0,0
48070.3331746626,11,37.89451072850659,0,3,0
48639.972058342355,17,20.766632051186136,0,0,0
56628.59356232612,4,36.3074385901825,1,1,1
91683.9247115628,23,40.41050984061663,0,2,0
80101.72817598905,7,44.852201728091,0,1,0
45167.893972804355,2,21.016429255397775,1,2,0
71898.05667068232,1,48.162472971612736,0,3,1
58664.92632819809,18,51.95363494179935,0,1,0
49287.468165254766,7,39.101515677135936,0,0,0
19312.345701156617,1,24.619514185753395,1,0,0
46447.232719143605,18,31.718907116397588,0,1,0
24657.276843555206,0,34.52402754881493,0,0,0
91492.73077018031,21,37.70463508730557,0,2,0
33607.14066828506,12,35.21981552643602,0,2,0
95231.1750518839,22,37.81165142894617,0,1,0
53352.223480461646,19,34.09253242660877,0,5,1
63191.283429748415,16,37.651070945122434,1,1,0
54339.75040448384,2,30.394765788386863,0,3,0
13025.123634973419,8,31.618132830175316,0,4,0
37644.539778893304,4,29.239748295233323,1,2,1
10004.696616534631,5,54.17259534504072,0,2,0
62333.109013919835,3,49.639007861743224,0,0,0
44742.73210052385,16,40.55294190013616,0,0,0
77820.69865993659,20,48.25308997267739,0,3,0
22125.001051837047,20,42.98461338977883,0,1,0
16540.149237090558,20,36.812711595140556,0,2,0
40692.589873280405,15,19.944286589803163,0,1,0
92665.87978351627,15,32.3783607987486,0,1,0
71071.13931973993,21,31.64962107981648,0,1,0
41950.470116812576,10,23.66924826907843,0,3,0
51775.489758455624,1,20.13837725393384,0,3,1
8512.879816592123,16,39.92719346567025,0,3,0
98459.1320479737,14,38.24504322370813,0,1,0
66674.0897390224,17,23.32603019932388,0,0,1
28611.866439495905,9,27.541214935638106,0,3,0
58622.258582102906,5,46.612222731541635,0,1,0
11037.288370292497,20,26.223034864834396,0,2,0
96587.0832138776,15,36.707989039338024,0,0,0
17561.020289548258,4,33.10221700432019,0,1,0
64838.22877371589,11,40.063634710620626,0,2,0
24620.90080763915,5,26.438923473435697,0,3,0
71784.38212658872,13,35.90083477540107,1,2,1
77704.45458730408,22,36.68722577345877,0,1,0
67374.63091825212,15,37.301808062292196,0,2,0
61488.496079493736,6,35.79073857962613,0,1,0
89257.66248580597,1,38.446093205941104,0,4,1
7954.808427876828,5,56.91770332050811,0,2,0
33158.3851014415,8,60.61297776771106,0,1,0
24903.91921512151,6,28.60783859213278,0,1,0
98802.59481033562,1,18.0,0,5,1
39000.03898872066,18,40.954953007219736,0,2,0
73288.00865411584,7,36.862524599012666,1,2,1
68504.04387171236,10,45.6104185918358,0,2,0
21286.915623990033,3,37.84885899715317,0,3,0
23975.868253133976,15,35.58603939525719,0,2,0
28200.327898948108,17,46.28906595877223,1,0,1
41171.615098111986,12,47.68780588413842,0,7,0
23509.074058487626,4,21.134399412190017,0,1,0
2063.1831264100956,1,26.833938128604164,0,3,0
87951.36637503882,10,33.944070407113216,0,3,0
96564.42215495031,0,35.98437623924584,0,2,0
34222.881664453635,12,32.740167966477514,0,2,0
33916.83725460474,4,39.34207177861886,1,3,1
808.4720961596616,17,44.961047893171,0,2,0
68057.04376420437,13,52.227097107207285,0,2,1
82561.445585288,12,40.789130237729,0,5,1
14746.169205964316,6,26.476663215468903,1,0,0
16050.668301778358,7,33.52623774802182,0,1,0
79029.31667214663,17,34.24647758740443,0,1,0
61667.44576057905,6,40.14640239981159,0,0,0
4581.56970700893,19,38.88168033433942,0,2,0
62292.44434718194,16,55.503966511115095,0,2,0
30960.88051209223,15,30.384868647450915,0,3,0
36935.64303153751,10,38.84750533766803,0,0,0
76996.16868785833,18,58.547113977440915,0,2,0
81112.4257479938,0,29.14793103096399,0,2,0
40095.62702129908,20,36.45148696170355,0,2,0
94720.57830703484,7,25.551194988759846,0,2,0
40705.62552341202,0,35.820868996274314,0,1,0
77206.41991948798,8,27.197828518623584,0,2,0
48439.33872996948,18,45.468009034913464,0,2,0
89763.4794195562,20,36.47318859031395,0,1,0
90785.34824065285,8,25.646027400177065,0,1,0
8832.939106321277,20,43.40567697791671,0,0,0
93655.68379789154,9,36.79666038871587,0,1,0
82570.93066788952,23,44.528187772234546,0,1,0
79151.94035983543,22,23.523373720522514,0,0,0
20171.04283458369,10,38.688244122486616,0,1,0
80531.40895459102,0,42.733416946447086,0,2,0
85028.26019503518,19,30.766225097642636,0,1,1
28986.11841196968,7,22.409972730318486,1,0,0
95230.78182839614,19,34.58392504629606,0,2,1
5081.028625276509,11,47.28115293780928,0,1,0
15075.934399389253,0,46.25930330634056,0,2,0
53804.35569134628,9,30.71571565244423,0,1,0
57621.66786511874,3,22.169145636235577,0,1,0
64550.49332176025,14,30.688202796504275,0,1,0
1795.216018615099,18,30.315223492680875,0,3,0
96040.64078475081,5,39.46446783304778,0,2,0
4554.3504641409845,4,33.94998497095879,0,1,0
14391.889077067899,4,27.46735788262858,1,0,0
1500.0503008530923,17,46.04263067260668,0,1,0
56729.15748608006,2,36.40425867444834,0,3,0
93233.46170370512,21,39.35415652730941,0,1,0
66628.12189143838,1,18.0,0,2,1
82283.48110119469,3,18.0,0,4,1
1426.7922255121503,17,20.624542185555917,1,0,0
54247.32831812464,8,30.194565743932245,0,0,0
46010.34145280164,18,40.763560176138085,0,2,0
49946.89762765723,9,18.0,0,2,0
7314.097214985276,21,50.92852064371987,0,2,0
68475.09257082382,14,36.70566026770126,0,5,0
50371.71944437758,0,48.602949929499104,0,1,0
76538.37010114027,10,26.14029917525871,0,1,0
48580.534342765364,13,40.038599341724904,0,2,0
15023.225459020565,9,35.85195929970787,0,5,1
64860.86971237442,18,43.17686313054554,0,1,1
17321.397574306106,23,32.66208632400283,1,2,0
87252.21687914601,20,39.732152090075886,1,2,1
61350.31228301723,15,46.021953187712,0,1,0
15804.66796733973,7,28.488237061082245,0,0,0
96237.57194237257,1,37.422442324896494,0,0,1
51884.70978719853,22,18.0,0,3,0
7382.555341978335,6,42.02503019063358,1,3,0
62720.60715106522,18,54.5466254346249,1,2,1
25394.570810579742,6,22.555639522513047,0,3,0
80388.97584254251,14,34.08618739572057,0,0,1
81800.42514926245,7,43.804813009141135,0,1,0
97896.84084988073,13,35.31417473466551,0,1,0
50236.76614934792,0,36.650995514932255,0,0,0
45550.19228480094,12,31.090005584763613,0,2,0
75372.21298410342,2,30.718477469120856,0,3,0
13333.818568558463,20,34.133058464146224,0,1,0
54736.859827933105,5,35.41671422139356,0,2,0
54670.13525307201,18,23.185587384226903,1,0,1
9038.364968757684,14,34.339780140539716,0,0,0
41856.610142140664,3,50.685339387093265,1,0,0
85343.15137686348,20,30.808662064110955,1,0,0
85629.74683726656,2,22.62745017125372,0,1,1
10013.842725476132,3,33.48583932013573,0,2,0
9163.016186508303,4,27.853871878757033,0,2,0
26343.278152493334,17,21.616581746780604,0,0,0
87489.12964914394,9,36.391684617326206,0,0,0
12977.368248842544,7,27.89717962848922,1,1,0
72027.68058248189,11,28.75285833146725,0,0,0
10206.445399349011,21,36.53427380385389,0,2,0
62351.47158940775,2,19.668254046376653,1,1,1
35671.123182002564,17,18.0,0,1,0
78912.50490029012,22,41.70872194501931,0,1,0
23445.675837653824,7,18.0,0,0,0
63956.26275605699,0,25.233223046926454,0,0,1
23644.685204130907,13,18.0,0,1,0
71394.66228290416,21,30.138635331511676,0,1,0
87380.4356526188,22,39.280587476511656,0,1,0
12767.499732763328,12,36.12337948732377,0,3,0
86672.9092906908,11,58.91873389457284,0,5,1
59398.167915988364,2,45.869156177890005,0,0,0
12798.338037615695,17,25.68842149843399,0,0,0
42811.43135043523,20,23.029449951735895,0,2,0
16169.943319161279,12,62.06687940975501,0,1,0
70064.75409777029,14,45.62572005733362,0,1,0
75910.92662835318,9,40.89369607269572,0,2,0
10669.072375252616,0,35.74851812215618,0,1,0
50663.37128419497,5,37.73521567475017,1,4,1
81481.04309698913,8,20.179267245175737,0,1,0
93622.68785094455,9,36.57039170196768,0,1,1
51400.43488750282,14,35.712313974590145,0,4,1
95032.89443877956,8,25.958611568985198,1,3,0
53615.328148557375,22,29.614735464315213,0,3,0
39479.63041053081,13,50.15176393443556,0,0,0
84835.49254243427,10,33.74825079705138,0,3,0
49348.9727747631,6,55.71171302533111,0,4,0
47243.06080539585,23,18.0,0,2,0
49082.21769204185,1,29.778698137742523,1,1,0
84693.82168678756,13,19.527214487530813,0,0,0
83210.96001463641,5,22.905775461081657,0,0,0
40411.6472447771,4,26.717942943407028,0,2,0
33396.65600106545,4,38.15309626770591,0,0,0
49243.609601509015,18,37.66826171080387,0,2,0
57319.973722737195,18,28.207096803723946,0,2,0
23909.887341736896,5,18.0,0,2,0
79416.11296308751,9,49.77692873032153,1,2,0
48699.62829666905,22,32.14235283963644,0,1,0
33471.15028715396,13,23.837098296988607,0,1,0
10771.417197102663,16,37.74930781070087,0,1,0
23960.63152432033,2,37.044451705231744,0,0,0
94933.18905842277,0,31.77323535000035,0,3,0
30579.458713270706,9,36.485310156415046,0,3,0
16969.043007766828,2,23.449701595919816,0,2,0
46121.21188633382,4,42.59912843176484,0,3,0
30778.065561688843,18,25.031329052431296,0,2,0
3612.409102092296,9,28.94430344696568,0,1,0
32382.207206213785,15,41.488018161515754,0,1,0
54456.45153155291,0,47.039589650102336,0,2,0
55216.065964794696,5,50.85774568046339,1,4,1
35720.23622557118,8,45.55798238466572,0,1,0
44785.545349634805,4,31.75927816198218,0,3,0
96555.24003165316,13,19.589669308995372,1,3,0
37797.11287530813,9,49.050555856028936,0,1,0
25896.8586446723,1,48.706959889049756,0,2,0
24422.357702269335,4,28.280238466465043,0,1,0
45830.684809143,0,44.2118903782456,1,3,0
75976.06285682271,9,31.678222060692615,0,0,1
20678.219600428474,21,50.012768835117285,0,1,0
70958.68310136272,8,29.85135337596218,0,2,0
2212.867352606687,2,54.78651287548503,0,2,0
41951.40450059621,14,42.86120547598246,0,2,0
77608.92001375841,3,52.97544844685987,0,0,0
33939.4222818657,12,30.362027303501208,0,3,0
56417.33643439541,5,39.05029604444193,1,1,1
20577.425359308487,19,25.307208016556345,0,3,0
74225.3395735046,16,43.439892521191965,0,1,0
5322.682416549086,22,43.99041532837124,0,2,0
85269.01022306249,4,58.970239182011866,0,2,1
19899.819003524648,14,39.82039797219649,0,1,0
87452.36336766224,7,42.24094202506093,1,3,0
35317.67120592168,4,30.29169623496218,0,1,0
72296.08909000122,23,40.41379372635238,0,1,0
31990.607248840228,12,31.201087913124162,1,2,0
90600.57595634129,0,36.15860758842,0,0,1
12751.048839285599,0,36.74515661545795,1,2,0
17934.12694833261,6,31.476951266508294,1,1,0
49353.70950336435,21,35.629450965419935,0,0,0
8285.650059910799,4,31.247048302865792,0,5,0
19678.420451706017,13,31.202688749661608,1,0,0
94382.26158298024,14,45.766646515022714,0,0,0
97651.31714867393,20,36.75413641826411,0,2,1
37688.307000109155,16,38.47066272200277,0,2,0
92336.27349929218,23,20.426952310144642,0,1,0
54527.98509977583,17,39.2345833183039,0,1,0
27047.272340789328,6,40.30423463975238,1,0,0
70269.63223595181,21,31.016613773112475,1,4,1
65924.29047682823,17,55.850296762606916,1,4,1
98913.61937896247,18,18.0,0,2,0
26578.224012187402,19,42.84367135770546,0,1,0
67238.74431590737,6,42.128048049548624,0,4,0
5297.173127441744,7,40.41582931999412,0,1,1
11453.239265802269,12,36.76212705638623,0,3,0
491.4456576142169,17,40.50679322625037,0,0,0
99946.12203786135,23,43.68175479555894,1,1,1
80247.14234503303,10,27.74112416168006,0,0,0
78693.62917188072,8,37.9919562218009,0,1,0
51021.63492128915,22,33.16683157976696,0,1,0
30076.70158225345,0,24.062315997744914,0,2,0
15211.302017821325,21,42.171699746132894,0,0,0
28539.006410761718,7,29.356395753159667,0,2,0
37659.525070721,20,20.021413252205328,0,1,0
75655.37868833137,11,29.60889339298351,1,1,1
54012.21271142492,1,27.011011019068697,0,1,0
7840.61429289272,14,45.2847900919011,0,0,0
1901.0979949953328,20,36.53193140558078,0,0,0
10322.984735452908,23,48.8238274568994,0,1,0
41108.8214983682,17,28.334437687669542,0,1,0
93325.97241319693,16,43.741698718965,0,5,1
63776.50787280124,14,63.39622914807913,0,1,1
80202.40739756396,19,38.5603246712714,0,1,0
46690.8219910044,19,43.616488623231525,0,3,0
36230.44171118477,8,41.93517664225406,0,2,0
10929.19723439061,2,20.779246725741736,0,2,1
87605.70891640187,19,40.85817297467451,0,2,1
78337.68689988749,18,38.06456320649569,0,1,0
16894.997950012737,17,32.402526166016905,0,2,0
51274.83033123842,19,26.159636257951192,0,0,0
48788.743311332364,7,41.93983240327037,0,2,0
62546.64611338421,0,25.275962603893788,1,0,0
94624.07070972699,23,56.33645604681897,0,3,0
58019.16703207172,23,36.14169083488128,0,0,0
54067.704951183994,14,22.766929522134966,0,1,0
5127.261000172928,18,29.860037216716613,0,3,0
6384.456854200591,9,32.21865661710183,0,4,0
18815.94445354621,11,59.12376653923846,1,2,0
3343.830092005653,5,26.154110531905037,0,3,0
74360.95426744423,12,33.83782736748613,1,2,0
72360.69736899692,3,29.621716301349775,0,0,0
13692.01781972113,12,39.992584855816645,0,1,0
83624.28218944857,16,29.781165862949557,1,1,0
15563.124881126587,0,23.609433338602898,0,3,0
30187.441141036143,4,33.04705420203801,0,0,0
24972.792226220365,23,32.006061566677566,1,1,0
37293.47914744747,16,29.077556223759863,1,3,0
25540.91021240719,17,29.611896411028823,0,1,0
48946.19755120136,6,46.84695797881003,1,4,0
40800.04734733307,15,31.802597857324958,0,3,0
98658.29212885472,7,23.658723375215672,0,2,0
5687.042377809744,11,30.378840362001437,0,3,0
14303.919501096427,13,35.54335659465393,1,1,0
5377.306801469388,18,21.63730363448646,0,1,0
62621.53537873934,10,51.259779600063986,0,1,0
5545.476813630587,11,43.67579477506272,0,3,0
83660.32976387472,12,49.3017274361878,0,1,0
51242.669205124585,7,38.921281254876824,0,0,0
52748.06169569522,0,18.0,0,2,0
56203.2913204482,8,50.35333716638513,0,2,0
17164.28925999045,1,26.364316402901075,0,2,0
19849.261281137304,13,27.178132559979012,0,1,0
31949.850555013167,12,36.563251439554435,0,1,0
59390.291940602954,15,48.78229846670149,0,3,0
21090.765816427433,1,45.53287133952399,0,1,1
11721.539540612797,3,44.06281120176021,0,3,0
97014.67695320137,11,31.881729471254467,0,1,0
2295.983299481329,15,31.723924739078882,0,1,0
80289.47079306855,9,38.45943667980067,0,1,0
78824.7114425447,2,33.69929158716467,1,1,1
29791.68997312509,3,43.89317907329353,0,1,0
13649.098939130608,5,43.301176644952264,1,1,0
14648.301805871799,22,40.913413211727054,0,0,0
69773.41856199552,4,18.0,0,0,1
64316.378449508746,17,36.27988363677264,0,0,0
78296.29285771353,2,33.91146119267299,0,0,1
93754.36912267056,9,36.68025601759531,0,1,1
69223.54359033254,10,27.45675361453593,0,1,0
15669.568501489202,18,21.75214089600775,0,1,0
24419.917414864525,13,39.6313847997504,0,3,0
84235.15371422414,20,31.43698682267938,0,2,0
21009.676975837436,10,40.746929937076,0,2,0
7344.979463752693,20,28.29085622315229,0,1,0
70357.67739882082,3,49.15910640492677,0,1,0
40312.38291346519,23,45.01064842570763,1,1,0
92012.00124933576,21,37.9682710854588,0,2,0
65060.48160225679,5,32.86711586614053,0,2,0
9132.85588138691,16,43.52408877798197,0,0,0
94790.87106864071,21,38.92547815237406,0,1,0
25929.870637660566,18,37.38584187930605,0,4,0
33787.52779158795,12,45.42865409559609,0,1,0
40285.81532698585,21,49.2653615440664,0,3,0
5217.307210790894,9,22.475888155144553,1,1,0
49701.89068083742,10,24.496158926501934,0,2,0
12419.517258421696,5,27.19739274521202,0,2,0
40156.93563616634,1,19.975754023564484,1,1,0
35135.90782040922,0,34.37251474430849,0,0,0
77306.72433430768,10,41.00116455244506,1,3,1
80336.73411210984,15,34.78581705047663,0,1,0
15425.946950669892,2,29.658783583871042,0,3,0
36718.463619184695,4,46.26457757129158,0,0,0
37397.980787079985,14,36.405564032067495,0,3,0
15225.903349214896,14,38.429829673663185,1,3,0
79865.50515461393,3,46.542348048997596,0,1,1
70752.11000070878,22,33.76758061148866,0,0,0
19119.14045107377,3,55.60214072624681,0,2,0
36735.518668520526,7,30.52184996128234,0,2,0
10669.92198316577,6,54.979482045129,0,3,0
62857.83904959509,16,25.252648180875795,0,1,0
12225.055262407104,14,40.17484902880442,1,0,0
98594.82344562928,4,28.574678311937628,0,0,0
78090.13926131744,12,46.195661169810926,0,0,0
39084.83110344111,3,30.217673921415717,0,3,0
57898.536834707505,21,37.90871190644086,0,0,0
91143.04744001923,16,28.494580039584303,0,2,1
55454.51811154303,21,44.37225173666614,0,3,0
17532.398791155723,16,28.44248739360861,0,0,0
37932.46522255782,13,51.834148447426685,0,2,0
84330.17201647157,13,25.040028930386097,0,2,0
64456.880297362826,16,21.543720816718533,0,1,0
65107.36599494665,7,44.515520780790865,0,1,1
86695.46642028006,1,29.083563597364783,0,1,0
89407.90844050421,12,34.92762686550464,0,0,1
91987.27792076569,21,31.777588461642793,0,3,0
9575.434405990294,15,21.873917328473098,1,1,0
54458.18759611378,15,34.23006335861662,0,1,0
74076.90116971002,5,47.64915894972302,0,1,0
75716.99182818868,21,45.03137003305565,0,0,0
60710.948576803385,23,37.31792762625925,0,2,0
16762.05478484905,3,46.122682930351075,0,1,0
79762.31333877226,2,24.404814153058233,0,2,1
72039.12221814308,5,31.745456710949938,0,0,0
8704.963577748726,3,38.958049407302084,0,0,0
46434.60148497019,17,33.69585173182888,0,4,0
17480.342212228177,5,32.531766695234424,0,3,0
33813.95686672589,4,22.993562676789047,0,2,0
1906.301111347975,8,18.0,0,1,0
40092.95385423475,10,43.178664249496364,1,1,0
55032.70442350543,5,37.43221573252226,0,1,0
61996.30102342597,15,44.01998378210093,0,3,0
66382.68547835814,18,30.627640578416255,0,1,0
83645.50217893576,10,27.872221151724062,0,1,0
21624.74443684543,20,35.06547966636634,0,2,0
12136.134061602948,14,43.54199648612816,0,2,0
85168.56347260278,23,32.685477850123455,0,0,0
15745.620207775724,8,43.01785184328486,0,2,0
97478.53212548592,23,24.936919944069132,0,2,0
84269.56911692384,18,33.385528668301326,0,1,0
50137.57292837095,18,34.29885855921969,0,2,0
98144.00034971032,23,47.2638994392192,0,1,0
9827.93523788962,8,37.07627398015908,0,1,0
30376.269541392656,22,52.46077518294195,0,3,0
63858.61906255708,3,21.523152000525172,0,2,0
35065.686160470555,9,36.299189044112794,1,1,0
92844.4179428811,8,36.79398039180446,0,4,1
6656.046208963975,18,41.20093197586867,1,3,0
54986.24202289036,14,26.866400635511088,0,0,0
59127.54011277194,18,51.84446339410836,0,0,0
65307.53956534469,1,35.129639414717595,0,2,0
25641.05571084826,9,24.12932487065082,0,3,0
36520.18610923446,18,34.83975009586381,0,5,0
84383.68491353127,16,31.868384771198865,0,2,1
19574.782620118967,19,62.83235142247329,0,0,0
82704.09793261887,23,45.49943599525014,0,1,0
56309.27674798397,20,35.49661355708217,0,0,0
76242.5323682888,1,33.88083314800795,0,0,0
71389.3758897208,18,44.51056862481465,0,5,0
20830.398388949412,16,44.98862160328214,0,0,0
56924.3923697439,17,18.0,0,1,1
86785.54296522873,16,41.42993154733334,0,0,1
43268.41205651274,1,35.279665439786264,1,0,0
96662.41794530934,18,21.88856178213024,0,2,0
45276.28850016163,0,43.802141396241765,1,2,0
14364.28510312168,10,57.46188013558265,0,1,0
39004.52453975956,9,40.567959468277806,1,0,0
95175.07039841467,4,46.004284422568645,0,1,0
32040.11284905144,15,53.04119091964404,1,1,0
86823.00617071959,23,26.697378492799483,0,1,0
88136.94310002078,4,18.0,0,3,0
35083.63378076291,23,41.56866063309502,0,1,0
8417.440039258148,22,32.52388463558549,0,4,0
72483.33512496595,11,21.25826547628457,0,0,0
31220.078671497206,3,34.21830063864207,0,1,0
78314.06906433149,22,42.275473737906204,1,3,0
44321.21934121727,5,33.5102833523564,0,3,0
48578.14756002789,18,27.131723692649626,0,3,0
77813.14973417883,8,32.7649293970349,0,3,0
38298.096773056626,11,34.80523534698654,0,0,0
44368.42179775916,14,18.0,0,0,0
37681.42783008525,15,33.57225046829307,0,2,0
36797.31747620027,12,21.556595278551082,1,1,0
52642.06303245579,20,41.590259520210964,0,3,0
80899.06450566495,23,19.38957424413222,0,5,0
36240.65436106433,6,45.12692204550936,0,0,0
52473.04658171989,22,30.908349307860586,0,1,0
67105.65981171583,19,29.57024293227988,0,1,0
27017.000685735136,3,37.94454597301972,0,2,0
27824.528209749016,10,26.33965554776608,0,2,0
93347.97138964313,7,37.78745754130064,0,0,0
72381.10387577575,5,27.678912253116295,0,3,0
57760.948954708554,9,29.432654876752306,0,1,0
64807.233436619135,6,39.05354169329135,0,0,0
3027.014366031495,6,23.614192662656173,0,2,0
61848.48625961351,3,22.356626982376433,0,1,0
50999.93643509777,2,37.48225507410342,0,1,0
54620.39300996562,23,34.731001475106154,0,2,0
36006.44030039863,6,36.68692744809392,1,3,0
8239.242381522894,3,38.27639236721421,0,2,0
19414.589437844013,12,35.57375553806981,0,2,0
95079.3968499459,19,41.08092623967069,0,2,1
40929.086270866304,16,35.97436286978658,1,3,1
46721.64726750333,6,18.0,0,1,0
5365.708006358555,16,18.0,0,3,0
3852.866331443661,3,54.27949180242083,0,3,0
71746.42655997109,10,35.00071867058863,0,3,0
53855.65694569902,2,44.50241651717097,0,3,0
50919.72782320504,10,31.54296094372924,0,4,1
24388.1405892246,2,34.4198490560607,0,1,0
74500.59808982923,11,30.466353457291564,0,1,0
16906.834252938337,0,59.65927331461365,0,1,0
19074.4808917359,3,37.53242422364143,0,1,0
46125.14591769272,13,29.651420944938025,1,1,0
28699.358224982894,0,18.484602865698093,1,0,1
24821.55182519132,13,54.73733442735852,0,2,0
64559.240690877836,12,33.36721614771697,0,0,0
65132.0773473326,12,42.44229119561597,1,1,1
82469.25527301292,23,43.55997290306546,0,0,0
41829.08584060029,14,30.371694765696294,0,2,0
7401.200593512409,16,41.72452775386156,1,0,0
27439.271853653623,11,28.958617132483823,0,0,0
98002.54577336201,21,25.095736379605842,0,1,0
59666.23166574694,22,46.644646925122125,0,2,1
71002.73477162192,13,33.41810620177801,1,2,0
835.0471795789122,11,40.18512833602655,0,3,0
51868.752645033834,17,39.10920993881771,0,1,0
3849.112887427132,3,41.37931960055289,0,2,0
56966.098187935655,13,19.434630657983753,0,2,0
92085.00787864393,18,29.1470946868363,0,1,0
96845.07113699074,12,31.755248425035752,0,1,0
54101.21227135352,22,26.685213270985095,0,1,0
45874.66004469637,17,39.29006848016388,0,4,1
94507.20771542455,10,46.86893077595897,0,2,0
67393.62221646984,5,48.45184655346298,0,0,0
6583.438025887105,8,31.607952347901165,0,2,0
46625.98520898301,11,37.91965862457907,0,3,0
24100.47734458396,18,39.45643504490099,0,1,0
47033.45171272329,13,41.212560942035296,0,4,0
45601.01064343554,14,26.218649269273563,0,0,0
58256.26580119273,10,53.20580268264966,0,2,1
35741.3719858902,5,44.265201843464446,0,3,0
16510.617900647212,13,44.52649343692441,0,2,0
50421.571515536634,2,47.03460056900397,0,2,0
83037.26814614164,18,40.34135942265984,0,1,0
66434.82158395347,19,24.726865769490274,0,2,0
33902.94980592906,10,33.61027268444893,0,0,0
93558.74997360984,23,18.489466049380844,0,0,1
91229.5363677933,16,39.15072509699084,0,0,0
21013.905098471467,16,33.30786341834453,0,2,0
4037.816753524261,22,34.59477616473068,0,0,0
74156.73996424115,2,47.04001130085651,0,2,0
82778.26510878041,13,30.430059614435407,0,1,0
96789.67013854039,6,32.47876841227924,0,1,0
88994.65576942224,18,35.21973295963216,1,1,0
60093.42334382084,2,18.0,0,3,0
53052.22868731684,1,32.33936344237997,0,0,0
2881.3210211323703,16,18.0,0,1,0
24740.979039793307,8,29.14478438104261,0,0,0
46015.51369811935,21,43.55189053392827,1,0,0
62887.539618348426,5,39.47266558251069,0,1,0
55769.45814850923,23,29.05179689545924,0,3,0
74289.33536920088,20,35.40798218223812,0,1,0
28048.71639561538,8,24.250104328695947,0,0,0
56538.76550448208,4,34.9765659685048,0,4,1
8905.410114740134,1,64.3032028549251,0,3,0
41425.18580596238,21,53.45801320371932,0,1,0
75041.06721216463,14,35.52622130017261,0,1,1
69370.7452575615,8,36.60144164915374,0,3,0
99065.20944350069,18,25.204346853654492,0,0,0
27861.323486176825,9,26.982108920489495,0,2,0
49869.11098748052,3,38.621843221046944,0,4,0
33020.08833602227,9,29.75107434363515,0,5,0
44116.25109451156,7,44.041495948515816,0,2,0
85709.31797395187,21,50.69685680977757,0,1,1
68452.48661132982,12,38.32620784781039,0,2,0
88255.87501562342,6,36.01737205839927,0,1,0
20430.75972235546,6,18.192203750893484,0,2,0
87348.77567235965,3,42.4761024527205,0,2,0
6070.251190420604,14,23.56328698460942,0,1,0
88871.06811567153,11,30.819908713665804,0,3,0
32974.470568126715,15,44.59575892385135,0,1,0
31527.304578065243,5,45.297581643090325,0,0,0
51257.64881219652,8,30.334924726498826,0,1,0
94074.94975355086,2,30.910844650800136,0,2,0
4873.358331672396,7,28.00681126743328,0,3,0
35287.874409567456,6,23.021462546740892,0,4,0
85671.54166946524,3,28.652045178957582,0,0,0
39665.84229580313,12,18.868699810853112,0,1,0
19995.774069946994,18,41.83062581508265,0,1,0
42536.93871500804,6,38.94523605161876,0,4,0
38616.69489901776,9,40.605292848705126,0,2,0
91550.07852652368,11,25.455959494248575,0,2,0
76217.2441367354,2,23.049294364849437,0,0,1
50561.04401882624,23,35.5351427431356,0,2,0
98838.21961548495,11,35.641025649502254,0,1,0
46581.22537446474,18,33.52730172487055,1,5,1
5917.959298945495,14,32.10516730812151,0,1,0
26301.204749316992,7,52.10775777694387,1,1,0
43663.44097390933,11,39.260250117929786,0,2,0
15774.5721521974,19,54.70678391466491,0,0,0
94761.75611977189,5,47.689650254316334,0,0,0
76708.20489199553,9,52.03270926017345,0,1,0
26901.89132273449,1,24.25537233643998,0,4,0
59121.37289843979,23,40.9317099099803,0,0,0
72172.77079524625,12,30.68234511006627,0,4,1
94133.76499778911,6,18.36613288640467,0,0,0
88175.37138262352,7,49.96003169555526,1,1,0
51567.70339120755,22,32.06307474294371,0,1,0
77487.79671732246,15,24.448983697333155,0,0,0
56258.26090737574,10,30.854361367513064,0,1,0
55315.11861554946,3,27.037758772261807,0,2,1
11562.72163798537,16,28.063020323833328,0,3,0
12701.152035813591,15,32.78396609817351,0,3,0
53000.4081407435,18,52.30815193044743,0,1,0
26959.26834340276,22,28.336827834553745,0,1,0
2201.5865558008163,10,51.59270664219191,0,4,0
72311.63646963121,6,43.48836795979521,1,2,0
3345.4110093474796,12,38.96271563586086,0,1,0
59568.15642629505,18,42.48120032251875,0,4,0
53965.460033318705,16,35.13655663837458,1,2,1
96884.58758872266,21,47.86050103863426,0,3,0
48472.8926208294,12,40.66980263267101,0,1,0
6453.783494141956,11,18.35334014974487,0,1,0
55213.627983865525,6,37.96251931889965,0,0,0
84125.50744454854,0,42.839731429926154,0,1,0
99685.24349971586,0,32.10998781398783,0,2,0
43091.28305153834,19,36.26255872713933,0,2,0
32097.844375424575,22,28.87142005325593,0,0,0
90674.6643655047,13,21.223743439364394,0,0,0
19205.088694704526,14,19.4962312906876,0,0,0
61581.34861178937,10,19.629320129311367,0,2,0
40630.87097567668,23,41.69044742470532,0,1,0
4204.128259059973,8,18.0,0,4,0
34794.11858313921,16,28.335200730365187,0,3,0
26596.32939801719,3,27.34346714754622,0,2,0
68640.50627895433,19,32.17840464012536,0,1,0
94884.17071942262,18,18.0,0,1,0
26877.91401912591,6,39.038880947406184,0,2,0
81165.44732125301,0,22.26838605840101,0,2,0
5630.445712147111,8,46.324055407092686,0,3,0
53858.288902977336,12,28.782343124111677,1,1,0
7147.951364618469,23,34.0438697658808,0,1,0
93409.89581395086,1,35.03773856555206,0,1,0
76658.49292768328,1,37.44241052860572,1,1,1
65829.19612933877,23,35.37014377496142,0,4,0
82407.24852430396,14,30.728894512673683,0,3,0
64787.2275774593,16,38.43048530694043,0,1,0
96897.54527771169,12,39.66147130494954,0,2,0
71424.39899169067,6,27.348653328903794,0,2,0
92473.39509726645,8,39.26367818973557,0,3,0
51761.47601186274,11,46.917203024016956,0,2,0
11794.734856888079,2,42.05894196104553,0,0,0
52864.95437015941,22,44.32375241647187,0,3,0
12774.595523503021,21,36.719208489074454,0,1,0
59290.09856972286,14,25.63849553925121,0,2,0
48301.056746713526,6,26.903555402963548,0,2,0
62295.28224349489,22,38.19887967854412,0,1,0
1103.6934073776763,0,44.4276372515231,0,3,0
19564.565116370875,13,62.85911913994056,0,0,0
49183.910148021874,18,44.81821944438604,0,2,0
95055.30580275458,15,23.29564242502498,0,2,0
38422.54313148033,9,27.327274276400175,0,2,0
42494.7654027581,0,57.78517315955999,0,1,0
71498.13929176156,4,32.85611068023222,1,0,0
60418.89645288319,2,35.475146347612885,0,2,0
29962.72239482349,16,25.395830795907713,0,1,0
41140.55791718604,17,50.65103405574244,0,2,0
21848.20990583752,20,40.00333207320625,0,3,0
96605.54376710784,18,27.253986521146885,0,2,0
13150.374717580238,21,25.061747111427287,1,2,0
37246.494778185304,21,38.07203945897872,0,1,0
2681.313324779118,17,35.44206174880453,0,1,0
22255.771244161286,15,43.32110217221127,1,0,0
78069.06672417748,1,40.469684731272,0,3,0
20197.405705659057,14,32.355196512313775,0,1,0
8098.333912643663,12,29.561984045386335,0,1,0
47497.872666467876,12,33.40057851701166,0,2,0
1095.9265499783978,15,29.493191533432373,0,0,0
8568.138827190684,7,33.69804467195238,0,0,0
80781.82436934121,10,35.164409286193816,0,1,0
77170.18715147467,7,26.02069106619943,1,1,1
91522.36815844911,21,41.3067986209788,0,2,0
85466.09204748388,9,31.295722855303296,0,2,0
68349.23876765782,22,26.581156497146566,0,2,0
5328.052444336217,0,31.48392571718132,1,3,0
78306.57693686709,11,37.422581566202865,0,2,0
84566.530002972,8,35.830381998133035,0,2,0
79928.30636261826,4,39.22118114904462,0,3,0
50897.0556272718,8,43.98346125075529,0,2,0
23366.893681083217,15,48.04940204008033,0,5,0
84548.4645713038,17,37.854861626880535,0,4,1
72743.56469303984,7,24.30597612764503,0,1,0
98078.04132144628,22,32.30889197469699,0,0,1
15653.690515817698,10,24.956816156169918,0,0,1
22643.8918469003,19,51.968540737122815,0,0,0
21258.635173162118,18,54.87400882527163,1,0,0
79274.72278537153,3,41.50311197496343,0,0,0
18772.038915366804,19,43.584588426390305,0,2,0
6759.316999348279,9,37.50943193236659,0,1,0
99856.2245779043,23,38.66055915460791,0,1,0
2579.2394233703994,12,19.025457816708773,0,0,0
83540.88160987067,19,34.260676347430895,0,4,1
36600.14747091021,13,26.1884693765374,1,3,0
84177.38442980575,20,37.8135653753837,0,1,0
55506.58707199338,1,34.40390154611466,0,1,1
90172.95982568737,3,54.46821962346114,0,0,0
92626.6793428212,6,44.16627688722841,0,2,0
1008.908309949522,18,37.84511982521645,0,2,0
7633.676381679547,16,32.33060312860374,0,2,1
25110.837084128463,15,51.76021458759929,0,0,0
66964.61009471382,12,34.7004535387347,0,0,0
88838.39243149945,23,38.31673961635278,1,2,1
46048.20093426688,23,35.42249604426835,0,0,0
60736.61431579912,21,30.958460942926774,0,3,0
18931.13529427656,22,35.365062223855205,0,3,0
80516.18670478037,17,18.0,1,0,1
96736.07832421163,20,19.522935987588127,0,1,0
26933.033398168285,11,38.49630541669627,1,2,0
49533.112564894574,22,50.68199690527486,0,1,0
8702.999439586743,0,38.48221104144169,0,3,0
55957.751980650544,14,27.79631145103346,0,0,0
50328.06584048339,2,20.571462459326646,0,1,0
14529.204767092251,5,42.84527260475639,0,2,0
44262.414690495694,13,29.32804848984899,1,1,0
33477.05474344767,22,41.4323541855256,0,2,0
52230.904442988416,5,38.89865158065717,0,2,1
58606.86810933704,0,39.7830039225469,0,1,1
948.7083028602299,19,35.33601707353556,0,3,0
76124.49769666058,5,38.836443849696415,0,0,0
71330.1277569879,7,33.80545598743665,0,4,1
36692.009982031566,14,28.646934656317963,0,1,0
5388.299963324944,13,25.365009394839483,0,1,0
75517.76072452654,15,18.0,1,2,1
95521.99853176544,19,33.188904375954905,0,0,0
24091.14444259922,22,50.19378182951953,1,1,0
32420.108912330084,15,42.300800925375974,0,2,0
18462.907659233315,18,37.277091184759584,0,2,0
57735.91872214949,23,27.65995005710849,0,3,0
15568.65532528075,0,44.973392257590774,0,1,0
35683.774951791806,3,33.80690688196975,0,0,0
69731.60009203287,23,50.749343137890584,0,1,0
56055.586702633904,9,25.18912736705319,0,0,1
38707.61017636073,19,27.500304720273437,0,0,0
42082.93522057343,17,26.527300557803716,0,1,0
56254.877174060624,1,20.17881629565987,0,0,1
685.8863159274141,3,25.629553148082373,1,2,0
7943.135858515624,14,36.03216259765917,0,3,0
88137.68096952487,3,27.877989751493725,0,2,0
7880.111010219947,15,18.0,0,2,0
70709.67926142947,14,45.74273297420122,0,4,0
92011.81259449436,17,18.159062706525944,1,3,0
27141.292069742936,6,40.89228284886637,1,1,0
37112.094562245475,14,35.31214589669565,1,1,1
56935.248443887154,21,56.173728164203425,1,1,0
88182.72606689461,10,44.969574815226196,1,2,0
94196.36816731597,18,29.953954045150258,0,1,0
73982.36848631568,7,27.97936437644688,1,1,1
8753.314109383933,23,50.027276807992855,0,3,0
66948.5001379316,0,20.241289028985882,0,2,0
41089.34181507894,2,36.90879935918708,0,2,0
47123.02984915705,4,33.68879536750328,0,0,0
5009.924195483186,17,31.567739312953243,0,2,0
19187.107720701184,11,38.535139844484256,0,1,0
79072.30939261141,11,36.895598605086754,0,1,0
45450.48742148119,20,39.574007427917444,0,1,0
30236.05793895177,18,36.38975652363284,0,3,0
38463.50548909932,8,39.176814050172474,0,0,0
85454.51138123545,10,35.93365192931595,0,0,1
74925.0018387552,16,28.405731127836855,1,0,0
27304.30817839017,15,35.040012602365955,0,0,0
11838.433837216093,3,27.8561344029598,1,2,0
25274.622342242765,9,27.196233952691497,0,0,0
92083.5694603679,21,31.638499972822483,0,4,1
58200.72490119056,14,33.805768392641575,0,2,0
53394.672853603806,18,35.35225306347811,0,1,0
59679.720609276905,2,44.1637882736333,1,1,1
36666.223748076874,20,30.015359174591566,0,1,0
80729.99132991933,22,36.9685192647482,1,1,0
52376.296305094955,4,36.18027713943819,0,3,0
11763.115486602675,10,28.91371712533935,0,0,0
12993.60597042339,23,35.737407862065446,0,2,0
53732.22873561157,4,45.02721415177314,0,4,0
93663.36478527683,6,36.865062168834,1,1,0
30904.376955452255,5,37.26583929027308,0,1,0
86967.1627690359,12,27.946716690573325,0,2,0
76433.14909923004,1,54.68858851204876,0,1,0
24856.463046399993,18,28.51643629677499,0,0,0
3730.4407567926214,10,18.32216539452522,0,1,0
10274.541787724036,19,43.601841202180765,0,0,0
72876.54399135927,4,33.85182960351574,0,0,0
20047.006830260605,8,31.969581790529247,1,1,0
37189.96495848884,5,29.544462195884726,0,0,0
50219.74668404184,16,53.71714624315838,0,1,0
72574.27002817126,18,38.545902786046824,0,2,0
11411.799203586625,22,40.49751221645085,0,1,0
40696.0038872184,7,36.62615623582268,0,0,0
48558.78362335527,6,37.70049613445196,0,2,0
54128.623690756816,4,48.98624610559414,0,1,0
81854.22807538215,14,32.49145338772305,0,3,0
17250.65168481737,9,20.4306245447927,0,2,0
80802.36203747957,23,43.68054654227777,0,0,1
69318.55492689555,15,39.96701612242392,0,0,0
55631.49433847604,8,36.07979812885043,1,1,0
69982.83425321693,6,39.707532415477864,0,1,0
41260.572121270474,10,31.292557797058258,0,2,0
13925.918838215644,8,35.206925828542595,0,1,0
66609.9475025102,16,33.6829974614009,1,0,1
52514.763437893664,8,29.085117429290833,1,2,1
63973.54257422328,2,46.89172783105003,0,1,0
33866.078224746154,21,20.877413725821995,0,1,0
90695.97107624961,7,58.60882171812967,0,1,0
58778.249870700136,18,43.773622092064755,0,2,0
8631.708180658296,19,18.0,0,0,0
45035.41867137243,15,32.758336705090706,0,0,0
75659.96986888906,6,33.31454084096442,0,2,0
79434.042717054,6,38.918866289421125,0,3,0
49510.2455710995,19,25.1062172926028,0,2,0
89485.28232604697,12,35.320253433682176,0,1,1
26840.076875710325,2,33.78880601877353,0,1,0
41118.80985410283,11,27.623816374265612,0,1,0
89869.83136584012,23,26.23247768528768,0,1,0
89636.04597551073,7,44.18804646702357,0,1,0
68602.70560558562,12,18.034174599574065,0,2,0
85912.1566575098,19,39.778789360960516,1,2,0
8968.449368927644,15,42.97510306878124,0,3,0
86512.99812315685,6,32.81441661661584,0,0,0
32129.928664367653,3,35.52372839724996,0,4,0
17915.31809157881,11,46.634949996973816,0,2,0
24013.046650570428,16,27.95148489275943,0,1,0
41855.05395058732,0,28.98347571110876,0,1,0
25194.081259986277,16,30.045163189006917,0,1,0
32124.701843048253,1,46.653255992232815,0,0,0
13584.350758557044,5,47.922937468847074,0,2,0
29688.058879343953,11,21.04109765536381,0,3,0
57271.15307274592,10,45.062407473116366,0,3,1
44241.18543829729,20,43.189083063472836,0,4,0
34737.204247467525,10,50.535948104498274,0,0,0
74670.56767282568,17,38.851080321263794,0,1,0
89361.64614219246,7,34.55739879721423,0,3,0
75703.24336794946,6,46.45216686571659,0,1,0
33266.87014155615,13,41.989037915017654,0,0,0
74469.77256697162,15,57.448984141487266,0,0,0
15282.820229157716,11,44.587078449618275,0,0,0
13118.767010319962,8,36.535479764239156,0,1,0
34628.14099991228,19,23.258956196238287,0,0,0
80789.4666675013,22,29.190828228058816,0,0,0
24710.189899505956,20,20.64045021971984,0,3,0
6419.015548978091,15,32.849379639391366,0,2,0
13257.782567114873,20,44.26067593232845,0,1,0
85888.62235610506,18,34.96328911519485,0,2,0
63414.950146254036,15,45.21725268760073,1,1,0
25394.796220660668,8,38.37573733439014,0,2,0
55574.05295028532,12,30.969077102459902,1,0,1
52805.204280292506,4,35.87625155169964,0,0,0
65578.05424622206,21,39.72096691055096,0,3,0
23395.43668671947,18,36.39223398463616,0,2,0
86453.85842072032,9,36.50684228851914,1,1,0
31005.919351793284,6,27.309498924132935,0,2,0
69443.75223222606,8,30.67023734757784,0,3,0
1710.8521725842675,13,57.58460796154644,0,2,1
37328.44727642531,14,47.28466490423543,0,1,0
35235.81081408495,12,20.261591031902842,0,0,0
54394.09441544315,9,18.0,0,0,0
7366.352551541931,13,35.76192421448722,0,1,0
79034.12423523823,20,43.9347289442599,1,3,1
21856.302096580097,22,29.800581625777927,1,3,1
67736.07770671282,11,45.21658728197938,1,0,0
80340.89111208491,18,35.596545650070844,1,4,1
56231.507928527164,5,33.36938720273025,0,4,1
74114.23235152636,11,42.561151761751816,1,3,1
66219.84519027905,23,29.681242070977312,0,1,1
35617.42673548556,12,32.132936781963465,1,2,0
80904.96804945318,7,41.70167262130463,0,2,0
29540.666851564245,15,34.68604062933976,0,2,0
57164.17048337656,1,54.08776273377735,0,3,0
74565.2341402398,21,41.93825412856018,0,0,0
37957.69539026951,6,41.28813828332762,1,3,1
30346.484000980763,11,34.504953539349316,0,3,0
45988.66641626499,6,43.74754676709606,0,3,0
81814.55308548044,18,31.773922271983537,0,2,0
92999.1841382519,13,37.823777511995154,0,4,0
54553.83294470303,8,25.837069529954398,0,2,0
66180.47391183281,17,45.394413922305915,0,1,0
90337.03486166752,10,37.906046972617915,0,3,0
9944.830456152946,15,54.82513063697877,0,1,0
23284.649928829887,18,58.92298383669758,1,3,1
70919.11062453309,10,42.63319451433148,0,1,1
82392.07174503873,17,35.684253112079034,0,3,0
85717.19993022473,10,25.539354878744312,1,1,0
41569.20696780777,3,44.047498032588244,1,2,1
9025.056238957497,17,37.10284563895228,1,0,0
43834.36958223203,18,40.38034839154462,0,2,0
23150.385561684674,12,52.297873874562434,0,0,0
29190.525854162755,3,26.75576711336653,0,0,0
77249.52892806684,9,25.756958315186637,0,0,0
7645.155893986098,21,32.6357406162932,0,2,0
82775.36362632214,4,43.21201149751823,0,4,0
42824.14167383449,2,40.54867240214488,0,0,0
59646.78671694945,15,26.043114883042275,1,2,0
9056.257900444332,7,42.56552900702482,1,3,0
33802.17192789223,23,22.98787181106737,0,0,0
9061.121809583094,6,26.622583256511426,0,2,0
96158.21791582284,18,33.8454268281081,0,0,0
80745.43876769242,13,29.4656875402478,0,2,0
46017.31216021038,14,43.89859488650934,0,1,0
22437.894577534742,16,37.86378483001094,1,0,0
93352.16501446023,20,52.65561177627261,0,0,0
34525.19991312448,0,32.528146346455856,0,3,0
16182.344725568737,5,33.77797848959256,0,2,0
56360.122406550094,22,47.10382609061763,0,0,1
94383.03462244713,14,34.09079196876204,0,3,0
482.64602098222525,11,49.940052477075454,0,2,0
23888.671841074472,20,40.40828210384492,1,1,0
93850.91927699972,19,18.0,0,3,0
17191.48808903049,1,46.77570414149464,1,2,0
11413.020818818004,4,44.127268131198086,0,2,0
57061.702858400466,8,44.513326061105445,1,0,1
86198.1979471535,19,18.0,0,1,1
47763.27078762322,13,28.370100387289526,0,3,0
99456.96924278402,17,29.112951664432302,0,2,0
67949.25278384548,21,26.588786324396075,0,0,0
7500.083230323729,7,52.41922531893938,0,2,0
99283.92995502934,1,34.88232162176366,1,3,0
40848.63425434102,8,34.634390573708295,0,0,0
28811.513131163705,6,40.52008310315779,1,1,0
55832.130439430766,17,40.69301667889382,0,1,0
30500.328422904346,15,18.0,0,2,0
8737.104961303217,20,28.536424628506367,0,1,0
242.69147360975427,4,20.872114222087234,1,3,1
45013.3769567342,22,39.0030609315482,0,0,0
83702.65588043656,14,32.111075856659525,0,0,0
57274.287044444645,4,35.15387564501269,1,0,1
99920.80916444975,10,18.0,0,3,0
28755.97990015528,21,31.90147775309502,0,1,0
28117.460969529526,13,46.15130251832815,0,1,0
16058.971077371027,18,49.09449483102168,0,2,0
16489.952467706986,2,42.188634195407,0,3,0
28590.140941403777,23,21.645347065518813,1,1,0
79304.72052282536,9,47.59401802992124,1,1,0
90585.10338458115,5,42.240022550000155,0,4,0
97511.20825379736,2,33.82810965935462,0,1,0
23305.73644423562,1,18.0,0,0,0
88141.62480684776,12,44.53594950662517,0,1,0
32892.68341880597,17,29.078336700166208,0,1,0
11372.770397236753,1,38.46165821054781,0,3,0
87015.49005946454,14,35.683938606366624,0,2,0
63646.95290089749,4,50.383949844382784,0,2,0
16556.616518498067,14,33.74633014002492,0,1,0
43040.14262554896,20,34.84886409914052,1,2,0
28797.043718219058,16,50.7861539047863,0,2,0
73705.77741414867,1,28.417777562498117,0,1,0
45396.28143936438,17,43.14322851407777,0,2,0
98929.06651612786,14,33.01384277121536,0,0,0
5569.023727733553,19,24.97458037995071,0,1,0
35566.02508701104,22,35.011609867208726,0,0,0
48241.82669428674,2,41.91705113607988,0,0,0
50363.042119357146,4,48.537098399765114,0,1,0
31661.988656325113,10,49.74693985345682,1,2,1
72951.10088484705,8,32.052359257744676,0,2,1
87487.23264154857,4,25.127507679677862,0,1,0
93878.05826758851,0,31.812611004225207,0,2,0
80528.82834227267,13,23.184692466698444,0,2,0
85072.96171092927,4,32.82613800583495,0,1,0
55099.475531937554,7,31.583347163802415,1,1,1
82606.23382003877,20,42.27490204156766,0,0,1
30420.040523880427,13,18.0,0,2,0
39908.02833471052,15,27.663920539133603,0,1,0
31759.610080472576,5,27.744816955580845,0,1,0
46791.99481124775,7,46.871272524080254,0,3,0
28629.403662239773,1,23.86155622598983,0,1,0
96164.98308121924,18,37.26657359648994,0,1,0
31353.178337766247,8,33.71871585580219,0,0,0
9894.64935728289,4,45.43042526836382,0,1,0
52729.0348884363,4,40.95831864510547,0,1,0
5804.197936673119,18,36.2124373182038,0,4,0
11143.262314227193,3,29.453331254119316,0,3,0
22016.999980705004,15,18.0,0,1,0
46488.58996322595,15,37.470856556874054,0,3,0
43381.76813767188,15,40.30489798529873,0,0,0
79989.21701407884,6,19.25132387525347,0,4,1
73973.51792302293,17,22.663058356714508,0,3,0
42689.19756967106,23,37.52329973371676,0,3,0
33437.05033680543,20,38.3914168620787,0,3,0
31715.23152774371,0,25.093526899079407,0,1,0
77422.1092206715,2,29.259352864319617,0,1,0
5302.033381504847,20,18.0,0,2,0
1380.882786109522,7,48.77263903813234,0,0,0
79574.88475347214,0,22.001255926315476,1,0,1
47766.92296130602,6,40.42259391248551,0,1,0
13175.025741502239,6,34.6503930384662,1,5,1
23633.036865990674,7,47.89593619624759,0,1,0
93257.14491442851,18,27.077459072252434,0,2,0
85964.3472649273,16,35.61252710340387,0,1,1
71007.52651737486,10,18.015730907626498,1,2,1
48274.30051069892,14,18.0,0,0,0
52080.33025651943,8,40.963335838654736,0,2,0
97526.92907486747,16,18.0,0,2,0
96580.46734404028,10,32.717824655654695,0,2,0
21605.377674004845,5,45.1129544797292,0,1,0
81129.34617390129,8,42.466848560946794,0,1,0
19804.54235008498,17,28.35414512051406,1,1,0
21432.394040606745,19,19.114968635918274,0,1,0
67641.69411304122,1,40.094948616555286,0,0,1
40559.60974889609,3,48.42256782860181,0,4,0
93161.28626994137,17,28.377619213343763,0,1,0
8992.072516111282,0,26.966871415928836,0,1,0
51201.41151686836,10,29.750980371310014,0,4,1
91860.3008912678,2,40.71608710807116,0,1,0
90420.95468190257,7,47.28517606414913,0,1,0
15737.268420232547,4,22.60393188619478,1,1,1
36727.106239636,19,20.01718190675347,0,1,0
61950.22786466496,20,58.399963219324476,0,1,0
16023.548988663078,21,33.226772121099614,0,2,0
96805.4149873693,21,37.5289279569031,0,3,1
91483.45793989327,4,28.08069159382361,0,0,1
16778.32288554347,10,39.89962309452716,0,1,0
12203.430579972444,11,44.60060874701522,0,0,0
8632.307432545704,21,37.997961715729296,1,1,0
90953.42203725944,8,52.40858077014435,0,1,0
19443.018598566534,20,31.73255410058908,0,1,0
41686.864361581036,12,32.37117526964624,1,0,0
44940.2514286351,21,37.314063512774155,0,2,0
59941.203316935396,19,39.64961645506097,0,1,0
7266.360840367754,2,37.279472620626095,1,3,0
22753.185878311542,12,22.15584973044909,0,1,0
93155.8896532007,21,38.12515166195561,0,2,0
90850.1697161301,10,31.258264151965626,0,3,0
78150.93567582864,10,29.19022985925354,0,1,0
2038.184437259722,20,35.32482054753244,1,2,0
32767.976172760602,19,25.384773126707856,0,5,0
62833.07766075649,20,23.646086761267686,0,2,0
27591.50215617022,6,18.0,1,0,1
90967.71083587235,16,52.47237328509891,0,0,0
63425.557237060944,15,40.557313191030026,0,2,0
7283.481059912916,13,33.83235878693695,1,3,0
90909.65832468674,0,28.32776763113352,1,2,1
95780.88915180463,10,18.0,0,0,0
7863.470597333377,12,27.714711237785156,0,5,0
53282.787462645356,0,42.15866337164076,0,1,1
30406.09179319563,1,44.42174303593869,0,1,0
39344.6237404921,8,41.42291993603302,0,2,0
18047.156673738657,12,36.58391955752469,0,3,0
57849.40299104001,4,48.03874145931379,0,2,0
95802.13738956417,8,31.714627779114597,0,2,0
50356.95276713374,12,45.851889161343614,0,3,0
8383.166681308667,4,31.15417556279787,0,1,0
62038.1332143931,14,26.188586911222377,1,3,1
34088.27714568058,6,24.942870195774788,0,0,0
85606.92644017065,13,24.35503578827047,0,2,0
43524.34701681537,15,41.590680288024856,0,0,0
19364.67693333034,5,27.572544289029217,0,3,0
19191.45170684538,1,24.66971154965056,0,3,0
76899.54165404392,15,42.1373521966136,0,1,0
26632.201070905252,18,38.279703904722325,0,3,0
76746.61607650637,4,44.625919828458024,0,3,0
20668.142345583277,3,40.125995112727985,0,3,0
32236.46823326081,13,27.468884198026885,0,1,0
46602.14854672597,5,35.76102416468587,0,2,0
94325.26538437573,7,36.25132990769677,1,1,1
93179.96933290709,23,25.808413415259977,1,2,0
20766.500354686552,2,23.953750259060072,1,1,0
35886.08222018297,3,28.192783908822953,0,2,0
15024.998906531855,0,55.365823566720806,0,4,1
51047.50942341836,1,30.87255905778451,0,2,1
46112.19681439719,12,47.32866791386714,0,3,0
90085.94022882817,8,30.31339490520202,0,1,0
93007.53724132816,11,43.88838819539992,0,4,1
38418.38236162848,9,44.02491655557847,0,2,0
49224.62050759704,9,44.52590507952045,0,1,0
89634.0012896987,17,38.878273420089585,0,3,0
80690.10999373165,11,48.77366578781151,1,0,1
465.26550333046276,21,38.78353969352728,0,2,0
32073.95046193989,15,52.1352972934028,0,2,0
42235.246769418976,22,18.800801968115664,0,1,0
23048.656739954848,5,38.48286247666818,0,2,0
20037.20442800428,23,37.83323592535667,0,3,0
3874.6722089083987,23,25.634801541945087,1,3,0
64372.635534469075,20,40.795842217637386,0,1,0
26324.778019268248,23,20.099173244233818,0,1,0
5329.483125288178,9,28.458156742396714,0,1,0
23174.833121753556,14,18.0,0,0,0
80211.20388832904,8,50.58626516962815,0,0,0
85163.76924649,23,32.684505060547046,0,4,0
48358.317894810934,1,56.668840348163116,0,1,0
41665.45997382775,17,43.02949926519495,1,1,0
97787.583980828,11,39.480982133510246,0,3,0
20136.409492848183,2,29.13772305719001,0,2,0
21614.392357175388,6,24.5364996431258,0,3,0
29257.530985936333,8,40.22971573896945,0,3,0
17358.45609628062,7,34.28485990727018,0,1,0
37998.62326059824,5,21.60729684514699,0,2,0
91092.3392762764,0,19.831415834916815,0,0,0
61573.249278794574,13,25.412962708564162,0,1,0
41253.46020636514,15,53.2096722526623,0,1,0
93447.63837766436,15,57.13277918011304,0,3,0
4941.57682433465,3,37.0498914730891,1,3,0
21106.59017239595,5,36.48942796241288,0,1,0
56632.27164966572,14,31.63679628170479,0,0,0
61593.707056998595,21,25.655146516904978,0,0,0
4051.794905605053,7,48.75179057607244,0,1,0
40363.571914922504,0,53.73576393897136,0,2,0
64950.48108660419,12,26.065809141607147,1,1,0
69837.24758569982,17,34.171616215753986,0,0,0
63850.1762613753,17,30.50133699289832,1,3,1
32124.266113656362,12,30.79760925135023,0,4,0
9442.66034743116,21,46.859082554298624,0,2,0
42768.533397291474,13,21.88038454633878,0,1,0
12962.568293068742,10,39.66469690936306,0,0,0
94767.60348621465,6,42.28238107305866,0,0,1
47569.569515660565,17,33.57848826398181,0,1,1
31794.19151825107,20,43.93067826986773,0,0,0
76653.77670477812,21,36.4765184053745,1,3,0
49845.06439896816,3,47.17129921156112,0,1,0
31072.39899884376,16,19.77794695074146,1,1,0
81215.57746484109,18,31.512247389931307,1,2,0
86728.49988501209,13,34.28186857148965,0,1,1
67333.51581223884,9,18.0,0,1,1
4791.7457985259625,5,24.140472664214652,0,5,0
56675.65572863656,17,26.86400745641214,0,1,0
76353.16170852844,3,44.4820599482335,1,1,0
13736.650907149859,10,27.931566536853996,0,2,0
22944.208063321876,12,26.819210126940227,0,5,0
88261.26099630682,7,43.17485780656192,0,0,0
2110.1600131220966,9,18.820893542099455,1,1,0
75297.44106881501,22,18.0,0,1,0
47429.95192219085,10,31.384076999306536,1,0,0
44732.538668076726,2,20.522932319216448,0,0,0
808.9435962392288,14,20.90320705340351,0,1,0
81957.88327355262,7,40.73433791687982,1,0,1
36046.50757359299,19,43.75973837912579,1,1,1
54122.486566924235,17,42.88864215852125,0,3,0
67762.33856493238,20,46.087766603072325,0,3,0
70292.69468614779,0,47.41134320014802,0,1,0
95602.40787672462,23,18.0,0,1,0
53180.86132833725,7,39.50411959929467,0,0,0
40031.983142345314,2,29.703918004304413,0,1,0
95374.99228652162,0,27.52575754009564,0,3,0
64246.81247904956,19,40.604146322087054,0,0,0
29885.220592027905,15,18.0,0,1,0
12733.778115816758,8,18.0,0,2,0
84271.19469637162,16,41.33572744081717,1,0,0
36281.94211913574,15,39.87786017510898,0,2,0
66080.92516430667,22,36.3673265587151,0,3,0
47134.56029465322,5,26.20086595276863,0,2,0
19973.08500152433,22,42.43829634582124,0,4,0
60208.49220118446,6,41.80302892060476,0,0,0
6162.238588173163,23,35.85304515047454,0,1,0
41392.911741132106,15,23.226789587302285,0,1,0
54706.83247240073,7,30.747516542704933,1,2,0
43661.09271444605,9,43.37833677524443,0,1,0
74892.35030757399,13,48.27191222801787,0,3,0
82809.70295907672,10,31.734633966236714,1,1,0
77147.18309591449,1,32.50327032191738,1,2,1
3977.413486399031,11,33.38310891974939,1,2,0
19493.464167552625,19,37.74893008910972,0,4,0
53707.090175451056,19,29.18932699939976,0,1,0
93488.72184033574,12,18.0,0,1,1
83512.18182770647,14,46.92769001647097,0,5,0
84269.19738434498,11,52.9468894716255,0,1,0
30390.498556591523,12,28.876001403942873,0,1,0
43001.84491816239,7,24.33346631081226,0,2,0
47123.52413686214,15,33.62899477609778,0,3,0
15821.421176656051,2,33.12496116271227,0,0,0
3203.706211421186,12,44.955185771629594,0,0,0
94695.59965610564,11,35.546394416450376,0,2,0
24147.187307784323,18,27.07377169628817,0,1,0
24070.895481990767,1,21.81590549441951,0,4,0
8429.567471499078,0,43.65634184819673,0,1,0
92857.92441918347,7,40.995112411642495,0,4,1
58015.73778248322,8,45.605598780918186,1,2,1
66736.98202682285,7,25.31813249278906,0,0,0
91166.53103757894,20,53.384368995283296,0,0,1
34627.45487318887,16,18.0,0,1,0
62188.5803826946,8,42.0960102140148,1,3,1
3976.0655274158576,5,18.0,0,2,0
18758.57557028982,14,27.096686183015322,0,3,0
83141.45592848526,22,50.61022930447959,0,1,0
76700.15879819974,23,43.313642544759894,1,2,1
35129.204876568976,12,29.53779584512818,0,1,0
37743.38171464382,20,29.81162957178312,0,3,0
53402.087912002586,21,36.006221108354424,0,1,1
124.07636804494147,11,40.141409907607226,0,3,0
24200.309170198983,12,47.515793826826965,0,1,0
20902.357679960623,6,30.437659953915055,0,0,0
25123.24638030137,22,18.882149365127987,0,1,0
80609.99366909079,17,36.5696862704876,0,0,0
28039.418268989673,13,30.425691624916052,0,0,0
19232.9800728098,10,21.99366295251553,0,1,0
50475.91973322385,13,37.97668915312794,0,0,1
86577.93913363593,16,32.868862459072105,1,1,0
24210.835413366236,23,38.065122064697945,0,2,0
7945.77065500059,20,26.055557998128194,0,1,0
35704.8331113815,1,39.86710530325499,0,0,0
74790.41727404128,18,21.829018032450215,1,3,1
55113.985415009985,15,26.72268610303417,0,8,0
81697.65762047732,21,32.57085768912722,0,2,0
95963.25554616247,9,52.41818414959714,0,2,0
79286.98142748655,21,42.848253685484934,0,3,0
60419.92757649096,7,45.77192504267789,0,0,0
49384.82464643281,20,49.17077033343144,1,2,0
4102.90172619184,4,71.02832135810874,0,4,0
98433.76568352272,6,35.41589067558434,0,3,0
38409.76414524675,12,49.204009231298556,1,4,0
15307.598570294995,15,45.12635254401941,0,1,0
66704.21465410604,4,44.96032503307526,0,2,1
28500.400080636387,15,52.74239618040181,0,4,0
58619.249266011655,14,30.806869690155235,0,1,0
58718.11399367466,8,30.013149760636203,0,0,0
44628.40910819663,21,38.19765513481862,0,2,0
83628.24969294976,22,33.17300228078113,0,0,0
26570.20944938876,11,38.18500852998173,0,1,0
44918.39590261164,7,50.627487850530116,1,2,0
53815.443646238054,12,30.218532772937216,0,0,1
66396.10960465323,4,31.953210374062696,0,1,0
78418.78786550839,13,36.74311003526577,0,2,0
39541.247559537784,15,32.716815739748306,0,1,0
64640.089715249946,10,18.0,0,0,0
15146.03421154506,19,29.198723573010604,0,5,0
93271.5452441936,11,41.87373242237504,0,1,1
38367.57476145825,14,49.37546750932647,1,0,0
72979.1900554462,23,23.453814324622734,0,1,0
2132.074080029547,11,23.407176007691568,0,0,0
20598.195576190217,8,35.302338027173356,0,1,0
48759.54617792544,0,18.0,0,0,0
87837.42152646142,2,30.550297970128725,0,0,0
52772.78948007264,11,18.0,1,5,1
92994.06118115851,19,48.690612998424655,0,2,0
48431.30996862135,12,27.306688456495955,1,1,0
49095.864763921396,22,51.528341863390274,0,0,0
12062.704171203135,5,46.135213534583386,0,0,0
80285.35879080676,9,28.536827023025833,0,2,0
24771.84470545954,9,24.280403631539222,1,1,0
89971.28768829428,15,33.06454250832412,0,1,0
91091.33961100657,0,33.953533757417965,0,4,1
94336.68017622756,15,38.461469439524016,0,0,0
52071.02586139869,3,27.23456710469821,0,2,1
67741.66909988607,5,42.46394873522203,0,2,0
77873.73641816019,18,37.653280549998996,0,0,1
13188.360403181514,1,31.59604843284136,0,4,0
60135.623780249975,17,27.87959344581977,0,0,1
3526.360340200836,9,33.15115016901314,0,3,0
49806.851730533715,3,26.830987481724307,0,0,0
15568.783893860718,0,35.58438694883588,0,0,0
18374.00030361226,14,35.8543868521991,0,4,0
36568.251912590895,9,37.61707283476339,0,0,0
43300.47295497865,17,52.66242409671854,0,0,0
62354.925210765505,15,33.67555280300427,0,3,0
7535.399002007714,12,45.045978671244825,0,3,0
50418.80694762072,14,37.29587396975702,0,3,0
18344.2505122848,1,32.61755698101546,0,1,0
57440.119985671015,19,33.80840730048766,0,0,0
63776.720764892234,3,34.4117359083195,0,1,0
55715.2547296301,0,37.79767707728216,0,1,0
73855.72149678293,6,25.406792347810303,0,2,0
33627.36349966604,22,20.34659616555033,0,0,0
76534.14850414978,10,41.542973934742754,0,0,0
43333.43146264855,9,43.98123832581259,0,1,0
48470.03138242742,0,42.45635832802803,0,1,0
64845.402513381036,10,36.54972018556472,0,3,0
1934.0025615224736,23,42.67224627453289,0,2,1
65434.02271988281,9,42.134290260171426,0,2,0
61896.65639230433,13,42.87629358954955,0,1,0
31053.726963652665,13,26.404591786578862,0,1,0
8670.849061459,6,24.03048202845369,1,2,0
9184.45144631281,22,31.114307532477294,0,1,0
92330.05232382433,10,34.82615890457345,0,0,0
68959.00419046113,21,32.580788728677106,0,3,0
12797.551115696964,3,18.0,0,1,0
35736.64461395975,23,52.21692612135142,0,1,0
59289.051090769484,1,32.25954011114264,0,3,0
83573.6133385558,6,36.727044165769534,1,0,0
4461.726778429552,18,47.44548990763059,1,4,1
23739.649833853884,13,18.0,0,0,0
88985.92413050846,18,29.883061280882877,1,1,0
1015.6384633632667,6,31.128827264201956,0,3,0
20219.770369109352,11,31.636899545493556,0,3,0
95906.5151796993,2,33.26513409286047,0,2,0
61378.84446756489,14,49.47134798444844,0,2,0
26240.969527086894,4,41.73458875727223,0,0,0
6792.410330145176,7,44.58035268628829,0,0,0
2916.3149106774936,13,35.47120271810924,0,0,0
24550.033455729033,3,21.006269538544988,0,1,0
88160.43337693215,6,18.0,0,1,0
41649.774064321195,6,19.70592276768369,0,1,0
72061.3035796827,17,38.5976570416602,0,2,0
91836.67503445777,13,35.31769712697635,0,2,0
40863.24211412138,7,32.89836352443992,0,2,0
19208.609366635967,11,31.314230932598633,0,4,0
51760.08129260626,9,55.11721575442747,0,2,0
90817.56033727946,13,26.770964090235257,0,0,0
80457.0039723563,8,44.27819456116059,1,1,1
6676.401351979063,5,35.01912936020994,0,1,0
69288.02272775042,4,34.39060488214003,0,2,1
57232.56249364948,0,46.76637548616744,0,3,0
90755.57131700791,0,49.62530382691445,0,2,1
12335.893543344693,19,32.604505431151615,0,1,0
53450.207709145194,16,42.99202719242142,0,3,0
87958.32308183804,10,38.638913621500535,0,0,0
41061.37629550013,11,35.074371388099145,0,4,0
48251.29228151342,2,37.04254942657026,0,2,0
7139.021698929134,5,28.119911851551624,0,0,0
27886.54968084619,10,31.939006066689153,0,2,0
32518.21425197784,12,29.19364720247294,0,1,0
94517.7326296142,10,44.01376716428919,1,3,1
28338.469318061787,7,34.047988844589376,0,2,0
46140.786653438234,9,22.022859753849616,0,1,0
67163.31191407154,1,27.76562776836912,0,3,0
16302.11890354695,23,18.0,0,1,0
48695.59447547326,13,30.055073981178516,0,1,0
73880.05004364318,15,35.37645065097149,0,4,0
86698.83578140389,16,33.63864151133026,0,0,0
62663.301538776424,10,54.801543515313924,0,5,1
66938.4461801631,1,40.74906040915037,0,4,1
12715.718911198439,23,40.30451853089151,0,1,0
94583.07207491009,22,18.567309654297222,0,2,0
13344.150340699787,4,31.353579458828673,1,2,0
77489.82642446164,15,30.133371926763044,0,0,0
26555.15054565405,15,27.13918801191992,0,0,0
93365.95505575504,1,27.001193344866536,1,1,1
72023.957983011,15,18.0,0,2,0
75405.98992653906,4,22.241467953186714,0,0,0
21984.011388682342,7,43.74093402764949,0,4,0
44359.69366585257,19,33.570853080068176,1,1,0
61819.53813946971,13,29.93597581725666,0,4,0
77020.36445883944,9,34.94588665347292,0,1,0
10485.541653647719,22,46.67390678701151,1,0,0
96240.29511380738,1,35.04210520875786,0,1,0
89033.04498840014,2,40.40374130931038,0,2,0
27107.824190508876,17,26.533951576117424,1,0,0
82293.74827892997,20,28.81370049253281,0,2,0
51880.55991167836,1,38.539768850636754,0,1,0
46234.467508045665,20,53.92653708337114,1,1,0
31511.9671705594,8,49.29774859514874,0,1,0
58138.761804496084,1,40.828280694561386,0,3,0
73015.92285858942,6,36.51433760160718,0,1,0
41152.19720577955,6,49.01069355627171,0,2,0
62958.99738152838,13,42.94678323045124,0,0,0
69961.36082341484,4,18.0,0,2,0
71141.06951982706,7,24.460691521447778,0,1,0
5291.413203304907,22,38.381403253579315,0,0,0
85988.80578793818,21,18.0,0,1,0
45879.50614502829,17,26.02410995243138,0,3,0
26315.36656145182,5,28.00185056342026,1,1,0
24252.274297220192,13,32.43834093754166,0,1,0
48353.109873110654,17,32.125697917737924,0,1,0
88694.47079294903,16,32.10879572833173,0,1,0
37896.92341009643,8,43.253075172403136,0,1,0
74997.60210367598,12,32.34776134549466,0,2,0
9772.191225623139,15,31.15369867928766,0,1,0
47658.06454489107,20,21.508278958564837,0,1,0
99169.44542523428,9,45.24346201985825,0,1,0
77066.73649895446,9,28.28502486052514,0,5,0
21131.79599521724,3,24.129696719987248,0,2,0
50194.00322242128,11,37.13090574868971,0,1,0
23439.113888491796,7,27.330587376169373,0,2,0
41015.13663352467,14,29.74047260205706,0,2,0
78030.39397112298,20,37.58460174319069,0,3,1
77145.35904751133,22,31.735173762204436,0,2,0
22887.227752448274,18,58.11609375300634,0,0,0
92230.10948367053,14,34.25171456680802,0,1,1
59297.5614582062,7,41.17838218879222,0,0,0
38054.43666710525,7,18.0,0,3,0
50243.36452000798,18,26.393508680852698,0,1,1
60546.618218430594,8,24.130863050832875,0,0,0
56033.06413139396,23,25.45620276697371,0,1,0
48691.8630500642,16,39.155379938370025,0,1,0
50542.78712853107,7,45.35565067777409,0,2,0
17723.54985174583,11,38.44630504634511,0,1,0
81292.01714003747,14,32.73355376433691,0,3,1
54221.85596210744,3,28.691449612875807,0,1,0
13194.87818429984,5,46.13599751186509,0,0,0
76639.09444811952,15,55.71255454154862,0,0,1
93251.15343989735,4,36.35055704783691,0,2,0
94735.95923377252,22,44.39363064071573,0,2,0
36964.87146787616,12,38.43370349795475,0,0,0
13638.135668719327,14,42.55504906465589,0,1,0
51888.12270064321,16,23.354532218898836,1,3,0
11349.662011987146,21,30.11863719857876,0,1,0
93405.34310941046,19,38.95469440045584,1,1,0
18439.604772779083,21,47.12490944081979,0,0,0
25351.30940912129,4,26.81865778362325,0,1,0
40722.98903580855,18,18.0,0,2,0
38378.13040905666,6,30.017355735587508,0,2,0
79486.82295054912,2,45.1013071434825,0,1,0
45686.05037304114,12,19.161044089121507,0,4,0
17159.749174333356,13,23.23080107868416,0,1,0
26794.268559058804,15,36.55918586051112,0,0,0
50960.42718023345,12,33.84028747238536,0,1,0
14830.646350870877,1,40.94466481553227,0,4,0
61204.40199703681,13,22.712732395544208,0,3,0
56618.155924459476,19,31.750214058313322,1,1,1
71498.76140658754,6,46.95185402403098,0,1,0
93776.69107639883,4,23.07103806363216,0,0,0
91234.23065400546,13,49.76912296310269,0,1,0
94612.95424507625,8,24.325830141113112,0,3,0
24547.088142667722,9,43.493815773776106,0,0,0
13243.374133271527,6,31.270414897868744,0,1,0
30297.442379595206,13,23.550917423610233,1,2,0
89519.00875935482,13,30.031009528474016,0,1,0
97208.14211488648,1,40.44929188178994,0,0,0
85946.56261194055,16,34.93146005098509,0,0,1
11090.770340641606,19,46.18469411443344,0,1,0
94748.05700617333,3,49.357400609348815,0,0,0
42393.46693234352,12,23.169693346821497,0,5,0
1030.0980471591324,17,22.437308550896553,0,0,0
44295.134700744544,2,21.952062263791582,0,1,0
4702.310050579213,18,26.008039039519808,0,2,0
54433.404323995645,4,46.04214520819745,1,0,1
33921.54734096143,0,40.60361950666735,0,0,1
47396.14986604547,8,29.549724270775684,0,4,0
61355.719038237396,23,34.88897409377166,0,1,0
86893.22947220024,7,49.04305505165939,0,3,1
66223.96748954567,2,54.080108509791195,1,1,0
43461.48196097025,1,37.59384333442802,0,2,0
81960.84258166947,0,18.0,1,2,1
90567.65554355591,11,37.97287094759973,0,2,0
12064.020646576502,21,44.34748129541347,0,1,0
53240.10445752386,12,37.24632315856075,0,1,0
28522.74477827017,9,42.26514918734784,1,1,0
4801.413667907045,16,38.570653744603845,0,3,0
66887.81484188714,10,22.653545825181347,1,1,0
86290.80066817664,4,26.13761566636537,0,2,0
16373.975182291666,8,31.788478128698436,0,4,0
81260.12439662767,12,45.65414778238352,0,2,0
85354.23378034047,19,27.341159316793792,0,0,0
91442.6102223817,22,39.55902633167647,0,1,1
26601.980399696637,10,38.03692593921197,0,1,0
90404.91121246993,22,50.8619726507913,0,6,0
32134.20919816958,3,34.58320221870586,0,1,0
55278.56754420473,20,18.0,0,2,0
5145.696336144985,10,41.46870464896778,0,1,0
4483.720728037486,8,56.38055211634004,0,4,0
72065.28395194707,6,42.12383344866456,0,4,0
44503.54979998132,15,27.123384081895928,0,3,0
25703.608299384836,22,24.180541208210354,0,2,0
19122.308252888528,22,25.470311664925948,0,5,0
67028.35373683588,4,55.03311880382046,0,0,0
140.11424813145328,5,31.72672559478564,0,1,0
80608.52780276573,18,28.373566061719725,0,2,0
8017.035652379889,0,33.41563355872766,0,4,0
19229.81252932113,15,31.830929513942984,0,1,0
38685.01589037905,17,50.67650359787503,0,1,0
48537.38809763875,23,24.85522508983697,0,1,0
35564.01206981279,12,46.80643231660447,0,2,0
32139.14528193096,0,36.220920964510846,1,1,1
96395.20960611153,9,47.07026513427685,0,0,1
64193.810156215084,6,50.826190437340514,0,2,0
2440.952241202082,4,35.84797633913095,0,0,0
43074.57325358689,12,31.849363904008342,0,2,0
87513.36910442263,21,35.661788318651034,0,1,0
30215.47302242573,15,34.052293279948685,0,2,0
9546.178842961384,23,18.43033544261272,0,2,0
75862.63868183279,19,50.52480373785073,0,2,0
60640.78181041452,21,37.457850173811906,1,4,0
57074.21953186774,13,23.36900814948946,1,3,1
5452.298304780052,10,18.0,0,1,0
14135.851078572181,18,18.0,0,2,0
62292.684681690065,22,42.70480436687503,0,1,0
20861.601761737697,1,28.810224315929048,0,0,0
50456.60096686759,7,30.450993318948665,0,1,0
54533.680434336406,12,39.88154264538824,0,2,0
28422.368308066845,6,29.839518438982218,0,1,0
94847.67303859514,11,40.465244160535136,0,1,0
84262.16427287395,7,35.952640643767154,0,3,0
72265.11341251657,15,34.15870416850764,0,1,1
7891.587254299968,17,19.27249594308511,1,1,1
10702.388928971042,18,26.802686435611406,1,1,0
49328.85645190907,3,41.025353655868656,0,2,0
16155.263584179469,11,28.179781851359486,0,2,0
97828.71980659445,15,47.053695557844904,0,3,1
15936.171379338204,20,58.46401323993398,0,0,0
48798.036762851,21,41.563853008413226,1,3,1
36475.693578466395,16,49.92831891365157,0,1,0
63974.70350326438,3,42.20727238296068,0,0,0
12990.737248053549,19,29.657379773278123,0,2,0
43088.61116143485,23,37.001516648074244,0,0,0
27543.03277743365,23,55.13320946097442,0,2,0
88786.37731470163,21,29.76446257372549,1,1,1
4154.512642256039,23,24.60672701121926,0,2,0
91381.37665124529,8,23.658055768847305,0,0,1
83316.11444144475,4,32.82470616166451,1,2,0
29827.314572437463,16,24.96527911356938,0,1,0
78950.13640224276,16,51.74019427437237,1,1,1
3218.234677840881,1,37.16356534591288,0,1,0
96689.86847431002,1,44.71726309760503,1,1,0
52706.834764719955,20,32.013346094203015,0,0,0
30397.77450393798,22,23.598028022438818,1,2,0
36322.06293820824,6,21.906060545667227,0,1,0
6733.894810703687,3,25.92008257821879,0,0,0
98936.01645279971,12,38.475254940267114,0,1,0
4025.265320554176,19,40.198829317679476,0,3,0
65525.221602471116,10,41.031960730586846,0,2,0
44329.319177875186,2,20.11327316218143,1,3,1
94896.73019705263,1,34.995908141017296,0,2,0
24675.374056648838,15,24.739381691076076,0,2,0
53255.47371140733,2,39.01465967584528,0,3,0
48287.385237417024,23,39.79077055497452,0,0,0
70316.35776060513,14,23.278269529735617,0,3,0
6894.222172046809,16,44.68029607196348,1,2,0
19459.53408933315,15,58.388229415282446,0,1,0
21535.0255272757,19,43.348357375846625,0,0,0
73841.2604086848,6,33.371659604488954,0,0,0
18994.955763041333,15,31.83454296790258,0,1,0
57391.827212708566,4,32.90936018327491,0,1,0
21602.857668045275,1,27.392661532229894,0,2,0
86176.33251338944,0,37.523982066520496,0,0,0
94224.32690351488,21,23.615374088456957,0,1,0
51897.44819672982,12,18.0,1,0,1
35295.65753249691,15,37.19601681813549,0,3,0
23482.371724248165,4,35.21233065775821,0,5,0
5073.122052152073,2,29.28829983562806,0,1,0
26923.157612129788,14,22.173033773896336,0,0,0
65458.154416537254,15,37.89744026914035,0,2,0
53408.33143779016,10,25.09824961429549,0,0,0
94409.72370026464,18,33.61055649134666,1,5,1
39688.09852292089,17,52.64971854126444,1,0,0
69416.94789860661,20,41.511897695753845,0,3,0
48983.34247276463,8,21.308673376183034,0,4,0
51306.363970828745,7,22.251484289876977,0,1,0
26850.654028951336,21,36.51819092743759,1,1,0
45549.58260651577,18,21.246793179409792,0,3,0
47131.42120156946,21,18.0,0,2,0
70693.5879227185,4,40.32372011296724,0,2,1
94069.93591869278,16,38.209357543208675,0,0,0
32999.19562050218,4,39.50598331279132,0,0,0
4315.826811271715,13,37.63035181817904,0,0,0
49679.88303751391,6,34.34689288327605,0,2,0
54491.687081701944,8,28.378114523233393,0,1,0
16927.211058078334,16,40.16134966087943,0,1,0
76070.41416697907,2,50.29883488405151,0,2,0
98494.41793330501,7,29.98770992556546,1,2,0
94582.89422914525,21,24.792597897917013,0,1,0
19790.893278482854,12,23.64880580588761,0,3,0
87548.78766608599,15,26.332697666662824,0,1,0
70478.9142775273,20,37.02598524476074,1,4,1
45439.27172431046,9,18.0,0,1,0
54107.03833304043,17,39.39170424432326,1,2,1
84975.05748074756,2,41.439130102961556,0,0,0
48065.48046987348,11,18.0,0,1,0
37383.41617360217,15,25.20819563722401,1,1,0
49375.42455329598,17,35.79680979845414,0,0,0
57955.067423101405,16,33.565302696956024,0,0,0
18988.85761245705,6,40.19637468268591,0,1,0
90100.68225367236,18,33.58863178483634,0,3,0
67451.27618807842,22,47.647695267749654,0,0,0
63363.56484201514,22,31.78830600956318,0,1,0
10039.67299544575,7,25.169670132802462,0,0,0
60456.97642344192,16,24.365581337382437,0,3,0
12183.970157625385,20,42.354685092816894,0,2,0
7961.897752020365,6,35.29621141956916,1,1,0
52778.35847467509,0,41.33715900725195,0,2,1
40338.274851244845,7,41.13122499229184,1,3,0
58922.1459886067,18,18.0,0,1,0
9013.294588918136,19,23.599173989765564,0,0,0
43155.20797844112,19,24.793749594961795,0,2,0
17561.192833011282,9,26.839358115082376,0,2,0
98711.29858381924,11,30.796446734234742,0,2,0
56158.90622227392,23,44.99149594617186,0,0,0
68774.94240799264,0,46.98482352383899,0,7,1
32609.28624019252,23,32.07109169797003,0,2,0
9564.41758645648,20,32.487191386752556,0,1,0
97589.49919207531,3,27.945662759427137,0,1,0
28697.277634780003,3,35.89187697238544,0,1,0
42438.43769884006,8,37.02520882733937,0,4,0
65021.405778087246,14,43.06475555002265,0,2,0
2567.2600388425176,23,42.98438725982553,1,1,0
81044.88713867696,14,18.0,1,3,1
53704.16118385916,6,33.47455052362882,0,2,0
27893.896988175333,11,48.84100030890104,0,5,0
6254.637730717678,2,30.618850726950832,0,0,0
16333.591705896699,19,46.392418183632884,0,2,0
89513.88249945834,8,31.93548199988811,1,2,1
68633.81997119551,13,36.74923467441964,0,1,0
25065.181991525296,12,23.63109307600851,0,2,0
6653.51641800845,23,24.00751442433485,0,1,0
69092.46970742497,11,42.254915722630145,0,0,0
57283.531824179736,0,43.818182802006646,0,2,0
40511.50049337768,18,35.26428906200493,0,3,0
36424.78377408738,15,22.72475757361609,0,1,0
21759.74616531792,11,35.43804556607215,0,0,0
66994.16452809802,9,47.572349606742776,0,1,0
97069.73597660767,1,52.4286647005176,0,2,1
17653.9530590989,17,31.832920676740855,0,4,0
59751.950339548785,12,18.4013214974221,0,1,1
42476.08706902302,23,43.40363599554779,0,2,0
44724.20330229202,5,32.240369035449994,0,1,0
25489.313284768657,11,44.4304064156104,0,2,0
82530.97407857576,21,37.8107222501762,0,1,0
48577.034854309386,3,26.1655589423815,0,1,0
54386.244634606584,0,35.58244360659381,0,2,0
30545.615188452844,10,48.08338367054328,0,1,0
18262.66572012828,22,33.50846011032756,0,0,0
8682.447781461766,7,24.651948365546225,0,1,0
71440.5021783991,1,19.113558314033433,0,0,1
19703.804740616775,1,27.278353131353484,0,1,0
69038.52788346089,15,30.89863738229018,0,2,0
39098.60696009069,0,43.19999135917259,0,2,0
41635.90261886618,3,23.791507321883785,0,1,0
46970.831859667895,5,50.537518857296355,0,0,0
36834.07996194156,20,21.628477891588084,0,0,0
10151.93572453675,19,58.31486092556837,0,3,0
31032.217819284295,13,52.255185567544714,0,2,0
66407.06263332444,19,36.41166249387992,0,2,0
66611.86170674021,14,18.52306465230408,0,2,1
28693.808293275437,6,34.44575938017578,0,1,0
46064.25239311303,6,31.13159042013494,0,2,0
19425.378078392554,17,22.25712776949076,0,2,0
21116.170944830596,22,37.91009627247442,0,2,0
2402.4041318200802,1,26.76356870144356,0,2,0
89684.98033578368,19,27.850941529504187,0,3,0
21149.59584098313,14,32.963213654276444,0,1,0
22830.634305952684,0,29.250911712942965,0,3,0
28032.18312124867,20,55.781566171100295,0,1,0
12828.066362373358,16,29.642853670004502,0,1,0
63962.36202981815,19,39.40881011394475,1,1,1
7606.781022440899,12,36.45522492210362,1,3,0
13506.822390002391,11,38.52750225258872,0,0,0
64511.196986350275,23,39.29088403610932,0,2,0
34032.09598609613,21,43.81361486606122,0,1,0
70823.98788744879,14,37.66446075618642,0,2,0
55786.73199254719,23,37.2489579488632,0,1,0
25676.515188845155,4,35.584770684681395,0,3,0
65117.712253883874,6,33.61582147660025,0,0,0
11715.740661258777,7,25.882021183393228,0,1,0
53687.39726969504,22,34.391316225797986,0,2,0
43771.09569399896,13,37.41267375265534,0,0,0
26860.570923462335,3,39.02164556572795,0,2,0
60440.099274176064,20,36.80284772990236,0,1,0
87146.22587479423,13,32.67044986551466,1,3,0
99890.57950633137,9,34.42920096804102,0,4,1
60815.500597468104,21,29.463535154492078,0,2,0
40530.116845484095,15,38.132239910065636,0,0,0
22598.18931159854,10,32.788717720858784,0,2,0
25783.899330571665,21,36.8056093819747,0,4,0
47997.55231716159,13,45.008030433825525,0,2,0
36791.04235794285,13,27.906410903575804,0,1,0
91390.07081023193,1,40.966953809104844,1,1,1
36892.71721880538,21,35.33210179885373,1,1,0
37407.114655429,12,55.21193599580755,0,2,0
38415.0977921543,2,32.836996715364904,1,0,0
83678.35901572905,17,41.95164583151066,0,0,0
65113.75325260549,21,35.15353451755977,0,1,0
61455.468146857376,3,21.116954916865062,0,1,0
33480.88793614783,20,29.793109044808556,0,6,0
81808.6272655607,20,43.804711054283935,0,2,0
3932.549749434543,18,30.67305539391727,1,0,0
87092.63751657751,15,18.0,0,2,0
51323.714989413565,3,34.68596983075496,1,1,1
39885.19846285494,18,24.076637020489894,0,2,0
49767.0113436968,22,36.31817732596719,0,2,0
66774.81150032973,14,50.51147081398018,0,3,0
1375.2661091379464,0,42.69457310802903,1,1,0
87168.03046017895,15,50.366558287399776,0,0,0
44729.278578608144,14,29.384879785555086,0,2,0
34362.35531803781,15,33.56833666364468,0,2,0
13910.732006842305,21,24.555638031922204,0,5,0
44002.590898408365,19,28.15956554959905,0,2,0
49682.644851309444,0,25.7311516771382,0,3,0
40424.30477989843,16,21.932770307880425,0,2,0
67898.14337330702,4,48.6585662533134,0,1,0
42147.56322304668,4,18.0,0,1,0
96145.61602687268,6,48.70138904804557,0,1,0
59967.82403057683,12,47.460589249202314,1,3,1
80767.04577162571,11,39.99792675478998,0,1,0
11024.654720636936,3,23.854927319059307,0,0,0
39789.40016529598,3,19.17824888556793,0,1,0
33751.08537457055,22,29.515963187364356,1,3,1
56991.29057484552,20,41.25120456339924,0,1,0
86125.24065413642,20,35.03063637440674,0,4,0
7925.987954424466,5,24.565005049052424,1,0,0
7350.222324666607,23,46.482047846564896,0,2,0
85046.73904494413,14,51.84383328181538,0,2,0
21363.723595231906,20,32.73400835985402,0,2,0
66908.45011953638,18,36.09336903597346,0,3,0
54333.52542284444,5,19.911513163705038,0,5,1
83306.07012923423,11,30.856132838909648,0,2,0
12596.382092656713,13,40.104399780009935,0,1,0
13065.318275688867,17,38.54856540257777,0,2,0
55726.154191802925,11,29.923321507902934,0,1,0
94643.22747050125,23,32.257564915235534,0,2,0
41558.27606123835,23,30.527892634554483,0,3,0
32761.515815444025,14,32.21535286281615,0,0,0
60708.263387468796,18,39.23234802518127,0,2,0
93051.8151944486,7,18.0,0,1,0
83709.09050117791,8,34.25650485192078,0,2,0
99548.81271224866,4,38.49975535625689,1,0,1
2354.601461917471,4,29.29515314358923,0,1,0
11374.528656804947,5,30.206669560351187,0,1,0
60985.82956032554,22,30.496055591845504,0,1,0
82075.58628945159,2,30.2095002646284,0,0,1
28595.909796445976,4,35.05883777850374,0,3,0
23997.187694618453,0,36.29002758013784,0,1,0
78718.88235818197,10,18.0,0,2,0
5732.547199937835,20,41.52880371472288,1,0,0
37001.32649350025,19,32.10001115653041,0,2,0
50630.34133697374,0,54.32963175468534,0,0,0
56078.83256759731,6,23.083514611012916,0,2,1
72888.65416359842,14,26.32685491245668,0,2,0
35549.087770722756,16,32.97091021416739,0,0,0
61307.16603299326,7,39.132254496860355,0,1,0
58579.00473681654,1,18.0,0,0,0
54806.84845530934,12,26.708999478838933,0,0,0
64084.280984906996,11,40.913201605738436,0,0,0
26018.972189700824,4,25.518760535674573,0,2,0
8556.410483104435,12,48.70026376376227,0,3,0
12015.240036770369,5,30.461164011509275,0,2,0
22535.780027124718,14,26.006267986581037,0,1,0
50069.773758726245,22,41.1024425778952,0,1,0
84060.2307795474,21,51.07617386824447,0,1,0
70159.20487462958,20,39.16396258743897,0,2,0
78925.15635978451,21,47.604293992232584,0,0,1
35162.46483021653,10,51.76635340636963,1,1,0
40524.90879069016,3,25.781413200724216,0,1,0
39428.82041046222,0,44.38391334059587,0,1,0
19268.1311220097,14,19.765294906964527,0,2,0
6215.544148542845,11,39.24902531786385,0,0,0
59132.51767343996,8,34.28682109485181,0,2,0
98922.74667371655,10,47.42950203042062,0,5,0
16766.287524531257,4,46.72251512984841,0,1,0
4763.813507937448,23,40.69783350534402,0,1,0
77975.2150142109,6,37.98427899482819,0,3,0
25333.342067803947,7,40.08368676721951,0,1,0
82981.41615475755,0,35.61770871376545,0,0,0
70423.27303674808,0,34.38804258892096,0,2,0
94572.78635137538,2,49.42578172252443,1,3,1
40951.83085209153,7,50.62889819678176,0,0,0
66230.78696111836,10,33.58340802297793,0,1,0
46538.992603245744,0,37.376364030107446,0,1,0
63095.81086112349,13,35.81655224772774,0,1,0
45014.93071017296,0,18.88301558062805,0,3,0
18944.361417765074,5,31.635644223879936,0,3,0
50838.95185873775,20,50.997042010481024,0,2,0
52905.56172360049,5,27.502241249681894,1,0,1
81079.3244411901,2,56.14543462301302,0,3,0
73578.51850877877,9,46.721263095893825,1,2,1
66412.78323175026,11,39.01498150546209,0,2,0
11427.370845701997,9,40.60843285976421,1,1,0
72089.56743730513,21,25.827933036649746,0,2,0
50080.485119816025,1,32.34771247775298,1,0,1
89420.5436570053,23,49.4139911032176,0,2,0
91995.10631964123,21,28.854706608264664,0,2,0
5610.143401118367,12,45.611317569487994,0,0,0
82082.09187941243,15,21.229598105629417,0,0,0
3865.9693032247947,12,23.018415875249893,0,2,0
36780.24560693276,3,54.01384665586316,0,1,0
54275.76756454581,3,34.88162853759676,0,2,0
14895.269782850031,10,29.61500113005659,1,2,0
74656.74987565077,22,48.62740826998962,0,4,0
934.6349467966434,13,47.45821554963504,1,3,1
16943.04493856028,2,44.207545652572385,1,0,0
58121.60330236222,18,29.30102080587894,0,0,0
71467.31744752551,21,32.13082424062324,0,4,0
91672.64595912222,0,38.1162882372473,0,2,0
70579.11552826893,4,41.94399342147237,0,5,1
67210.7490984611,16,29.915164259814627,0,0,1
39494.680520431364,0,36.70737110620696,0,1,0
228.31411012746122,18,37.67391300797406,0,2,0
12103.909947688631,18,47.867697563752536,0,2,0
53501.99902112831,3,42.54465828935119,0,3,1
67545.47559585753,18,19.931983551647093,0,2,0
41803.0835612566,5,32.86369691514614,1,1,1
73094.83325168618,14,25.712166300165833,0,0,0
52234.04330368466,3,40.680874206116734,0,2,0
7510.20193987179,23,44.23153350505044,0,3,0
19282.42347169809,0,36.01555985610244,0,3,0
84015.8225020699,23,32.3187296937215,0,0,0
72518.7833877815,16,35.69169793035983,0,1,1
89486.72250254825,10,37.08919273477755,0,1,0
11843.969187181563,16,28.59900348283093,1,1,0
99023.23120804588,22,22.81288899230635,1,2,1
21019.730723598368,0,18.0,0,2,0
1276.8096410355367,8,47.67182131738884,0,1,0
99742.55161145006,13,39.96366243634966,0,2,0
28179.2811559668,14,38.62511011344172,0,1,0
66835.14330600473,23,47.65198887952949,0,2,0
17750.56318621289,0,22.44531990307583,0,2,0
58064.83036669426,1,18.0,0,1,1
90413.09514681048,17,38.8423191651909,1,5,1
32086.09862610102,17,37.9327137544343,0,3,0
67058.37220683148,5,18.0,0,1,0
18871.56852096181,19,38.59521062140472,0,0,0
62517.060332000656,7,30.99777047600432,0,1,0
33711.39014656926,0,26.929119402624185,1,3,0
21199.70503293637,14,31.665762917175872,1,0,0
31386.88686529315,9,18.0,0,5,0
17966.222743929156,3,29.08625776608062,0,0,0
90201.41917300448,9,27.957054305157953,0,1,0
39778.969943081174,10,40.571024469361404,0,2,0
24603.402566939298,4,33.41769863489114,1,0,0
44895.9433174917,8,41.388688736788815,0,2,0
32121.563063968904,4,18.0,0,4,0
74467.48345595127,10,26.60901777428952,0,2,0
97124.8691973609,2,40.55997051571444,0,4,1
43859.562304094914,3,31.91135369426845,0,0,0
86117.23665722681,9,43.45460532974367,0,3,0
56629.72104860599,6,18.0,0,1,0
15807.842942913925,0,42.311108396894745,0,0,0
69093.21193392602,5,28.608607822149597,0,0,0
51392.10626286943,7,27.638029156173257,1,1,1
65095.59167288514,16,44.910470469274514,0,3,0
88979.77251590932,23,46.61901129956506,0,4,0
44099.413608539006,6,45.346996960872815,0,1,0
90127.64455941382,0,55.38641925048266,1,2,0
75091.83452673732,8,47.66803608443334,0,3,0
48911.632095210676,10,27.04563416267701,0,0,0
60361.891352230574,18,36.41638128135651,0,0,0
32625.555138649244,1,31.39802091515065,0,0,0
98361.37024390354,22,55.29089859949066,0,1,0
66768.38118873457,10,46.048699546987095,0,2,0
4480.300564413326,2,33.111198632865445,1,0,0
32729.528384226076,16,43.77909797753002,0,2,0
62369.11193252984,9,22.678015336868953,0,2,0
5727.694452144056,2,37.50261737645473,0,1,0
2486.0307127823626,21,25.620775073969156,0,2,0
45057.42152882748,2,18.114077993725928,0,1,1
33335.74895129773,20,42.845362375298336,0,1,0
43886.03094251327,6,44.08591095187551,0,1,0
26343.061657012517,1,39.57212636211986,1,0,0
16555.302919603793,0,33.17032959433499,0,2,0
68945.42136233574,6,22.336413451535904,0,1,0
51505.65451515327,19,23.386531292827527,0,0,0
20095.405703811746,10,25.30720020261203,0,1,0
32026.98368337383,22,32.663267082750764,0,1,1
59221.60997556626,5,45.76178733604915,0,1,0
7315.711892420537,22,45.60404211078652,1,1,0
14830.555625691337,3,18.51432400387123,0,0,0
7417.235850328273,18,28.06766663283053,0,0,0
81250.50153814048,20,27.798389804281612,0,1,0
75265.68239787972,18,18.0,0,1,1
75355.96189473777,13,40.66120946949908,1,2,0
71660.9018132552,2,32.538401756814785,0,1,0
66971.60382461993,3,33.868574633690244,0,0,0
47751.49234627968,7,48.458710583756385,1,2,0
64263.58853436079,17,35.88309013284357,0,0,0
3932.3193233186676,3,30.69269535033982,0,1,0
62184.29582341278,10,40.720776210049436,0,1,0
77809.98278313404,15,45.58871846575562,0,0,0
50085.80020240058,2,37.964675660492254,0,1,0
35815.58150988097,6,41.89189598698149,0,4,0
27814.930806617813,1,33.54432350257115,1,1,0
64315.92481119204,0,34.181422536403375,0,0,0
69310.83974312789,0,36.13020710298829,0,0,0
87109.663226268,5,27.46879049567338,0,1,0
34299.174837852974,18,29.319383856303993,0,0,0
77000.25350782,6,48.77879641818474,0,1,0
56179.44683651486,23,55.07956095862321,0,1,0
88295.3654187401,4,50.9219791403818,0,2,0
52828.429618732516,20,21.767426432314526,0,1,0
51811.21985695692,17,20.801424654150274,0,0,1
57829.92043594682,23,23.09290568054839,1,1,1
74956.6039787292,12,36.34387441879481,0,2,0
96472.57883496325,0,18.0,0,0,1
7448.979086154989,9,29.111984333804994,0,2,0
5438.116778862614,8,49.070992891611134,0,3,0
93761.27870699312,16,44.82438830728908,0,1,0
53034.57498926879,0,29.909053494264928,0,3,0
61528.811155236916,0,30.666445588293623,0,3,0
48294.11779931341,6,40.67241706806904,0,2,0
9456.379515486702,3,44.35268755244199,0,1,0
76832.1289040248,22,29.668627322602397,0,0,0
74747.74204434983,20,32.656339782805624,0,3,0
31239.161817131917,11,29.339902714799766,0,2,0
30693.3005983172,15,21.68650558624786,0,3,0
83800.3539524613,13,32.80256251978186,1,1,1
7328.490048358529,22,32.040724597912366,0,0,0
88122.40432082093,9,22.393558840113442,0,3,0
25740.50282060185,13,41.4608093763773,0,2,0
59339.17630077384,6,39.83320678625889,0,1,0
93605.8184822776,3,41.95719700845076,0,2,1
67844.43790351097,1,27.31929644535632,1,2,1
41501.538265456955,23,18.0,0,2,0
68984.46746965098,17,39.67331129645649,0,0,0
34463.56566800538,15,28.358872853702866,1,3,1
27798.115793283694,8,26.093318667542988,1,1,0
99668.6594656745,4,22.429469253565575,0,4,1
75103.9440948608,8,32.24677471912846,0,1,0
64507.52574044358,7,50.773272970504735,0,1,0
35593.435357609946,23,29.945504786444854,1,4,0
5011.166832589311,19,24.101969558330662,0,1,0
3202.5819159120456,15,41.519334010300284,1,0,0
55462.707419335,19,36.72812279771284,0,3,0
76227.0688318012,17,18.0,0,3,1
53784.18112534112,3,41.623463197532864,0,0,0
84094.42868671754,15,56.28467768501601,0,1,0
3439.3106560128413,3,18.0,1,2,0
36738.53243495142,5,22.642939759778763,0,2,0
23783.332078300387,2,18.0,0,2,0
44782.56951889649,17,34.24695579259165,0,0,0
7330.401680092836,14,44.90386236611353,0,1,0
95417.75099295015,7,36.05500749796279,0,3,0
22403.214566829156,17,48.919956981126695,1,0,0
92238.54677081012,23,43.30550290330134,0,1,1
42646.72618816451,22,52.02147323502177,0,3,0
98553.86091219628,2,46.60210768107095,0,1,0
55450.432507675054,5,30.970569313904956,0,0,0
93090.20313116317,21,35.6672645623484,0,1,0
634.3639705528622,20,26.31323084519027,1,1,0
74849.05673747192,23,32.69343831131951,0,4,1
90314.7602449413,14,35.6183167201812,0,2,0
14058.084641197513,11,34.150926764646464,0,3,0
9702.972588041934,4,48.4225352630361,0,3,1
42514.80345787696,6,31.698319374931692,0,2,0
93374.52272268022,21,25.679135864426428,0,1,0
54284.41736302483,14,26.303889650968127,0,1,0
52792.900725801046,6,41.551002716225305,0,2,0
14198.499218102255,12,20.968615919110004,0,4,0
178.87215821255677,2,32.988138298490824,0,1,1
81032.99506547158,22,48.27500245455421,0,2,0
8848.698842325199,12,37.925984457408305,0,3,0
63421.59689165887,2,34.25394610881246,0,0,0
91470.18380606762,1,34.640895963615705,0,0,0
20944.32612452726,22,24.704354077728272,0,2,0
66560.75634006738,3,26.42865289565459,0,1,0
7961.987813080195,16,33.048183270854224,0,0,0
60415.13886937754,5,37.71273030109293,0,1,0
16476.778923224956,10,44.4815001180211,1,2,0
73621.76069546628,5,35.92560617171435,0,2,0
30193.00634991143,21,48.52774175754248,0,2,0
46392.76177958416,1,51.051980152095254,0,3,0
59983.11114855941,16,42.95267212482204,0,0,0
17210.213725557333,2,47.24981408055885,0,3,0
74189.61807990033,11,25.09286478611906,0,1,1
30333.770029617775,13,23.508010653119378,0,2,0
66270.94880528408,1,40.179733762901655,0,1,0
15912.476764867428,21,21.58790188132953,0,1,0
68842.95415471439,21,32.09628155984067,0,2,0
12905.988473765128,4,42.71191905329739,1,3,1
42593.113977371366,9,49.13372924685207,0,1,0
24795.886766513795,9,32.45784349711934,0,1,0
74862.68741787544,20,28.500557046923095,0,0,0
26277.296950236767,8,38.20461621511583,1,0,0
88183.55890890009,20,24.264565564761106,0,2,0
89192.83911952062,12,33.26721351706573,0,1,0
19724.487390756305,9,34.91999951723719,0,1,0
61423.20990627165,5,34.72016007329205,0,2,0
8862.992407824437,10,35.88503473817882,0,3,0
39214.55625020275,3,26.654851444278584,0,5,1
71360.8407771771,13,27.73007007381583,1,3,0
65976.38236030664,16,27.528837389673797,0,0,0
62507.59687372013,19,18.79905660804943,1,1,1
28325.832279878112,1,38.41830321846106,0,2,0
37864.69244849676,9,43.94657451692005,1,1,0
10384.31985555859,2,42.96310082853536,0,3,0
71930.37976131674,6,32.375031395392455,0,2,1
50438.49079944823,6,26.889947605361122,0,1,0
70905.6866713309,0,42.44314642362689,0,3,0
24969.45812720759,7,41.389230223745514,0,1,0
32511.379040643114,22,37.17420642436296,0,3,0
33488.11219228545,0,52.44311252423273,0,0,0
2671.6667337468984,7,34.73574478632937,0,2,0
34170.68249577929,13,32.431100160751114,1,1,1
80350.12689445155,13,31.001826689253996,0,3,0
89740.11972539888,1,19.391222935191927,0,2,1
51870.00973202915,7,41.61339964142292,0,1,0
45604.6193524001,18,33.94514632842223,1,4,0
3179.379408067088,9,40.09931241356795,0,3,0
87932.51332477972,6,53.4187800209124,1,3,1
1399.7203212446846,12,31.092482300953826,0,2,0
94480.53301300015,21,18.0,0,1,0
48972.703243940254,20,39.810703695107726,0,1,0
34259.255908115185,14,36.66859389892676,0,0,0
92429.42164078174,10,27.6754612402868,0,1,0
2536.660211698664,13,38.97266335621498,0,4,0
58184.3469974218,10,42.86096320104375,1,1,1
54938.35919748383,1,25.53390089788453,0,2,0
22010.108081017068,1,31.986681385966175,0,0,0
42945.85439188604,11,49.76753729848928,0,5,0
65261.174193782645,14,27.78377808770635,0,2,0
72740.40656850456,16,35.666697554137855,0,0,0
171.6141847873202,13,18.0,0,4,0
93691.65766609243,15,20.18154498918705,0,6,1
16536.084702041957,7,36.575174973328,0,1,0
23434.685378813683,23,47.279878095856006,0,1,0
26420.997224815437,16,21.37970317998999,0,1,0
3878.2316415483274,4,35.745640620604966,0,2,0
12392.907146673459,11,31.242820909462832,0,0,0
98636.35730212179,5,44.53088054992494,0,1,0
31590.152063990878,17,22.821966946774147,0,4,0
11618.57892487103,4,39.30077648367485,0,2,0
10788.42699134487,5,28.46309313003743,0,3,0
71974.0507702302,8,37.23038024826475,0,2,0
85471.40953686083,14,35.68931052308473,0,0,1
25769.53472089614,9,32.482209258573825,0,1,0
2188.8602822899734,16,39.77811846269385,0,2,0
22386.692842691045,18,35.43652734302961,0,1,0
5745.917510596058,11,33.67193697923305,0,0,0
10429.154169341147,8,31.43583465977257,0,0,0
43207.66117277947,14,35.77598389745337,0,0,0
23068.845249077094,13,37.22043548146072,0,0,0
51642.993264689794,0,25.10857919919379,0,1,1
25424.02595039332,16,31.505287620826234,0,1,0
94059.67638018446,0,24.448140553688273,0,0,0
90603.80239583383,22,34.60154577219214,0,3,0
56723.92989054556,20,29.076677951459722,0,0,0
35506.956799539876,21,42.707831479812555,0,1,0
38176.57351527008,12,41.727269777566896,0,2,0
41244.04308613524,7,25.772514364356304,0,1,0
72785.17428128091,12,34.97692654601525,1,1,1
45218.7356523319,15,41.38516579248364,0,1,0
85687.32165593914,1,33.24691679835971,0,3,0
94415.06911444342,12,27.71782475194455,1,0,0
33661.02072255549,17,24.075964719552044,1,2,0
56113.37868943044,2,43.54267561578362,0,1,0
9596.148029573187,12,44.0271314828497,0,1,0
20126.85787185926,18,32.920524011259516,0,2,0
41405.230094344995,12,42.661375845266775,0,1,0
20699.65131858771,18,18.0,1,1,0
87668.39302979289,3,48.27554650709236,0,3,0
15912.796980303898,18,33.43055194722821,1,0,0
45620.516073153885,17,36.417765607994895,0,1,0
60609.35412194158,5,31.794822763340306,0,2,0
69217.20442526836,18,48.95707481867505,1,3,1
38368.63003567803,3,24.392683760444662,0,2,0
86922.99696560038,3,49.74460326606835,0,1,0
56875.08319268476,23,38.96270920945111,1,1,1
44006.827266710425,6,41.22664215918158,0,1,0
6817.339341798458,6,31.707954366710837,0,1,0
46522.47789767198,22,21.917808021036294,0,2,0
82091.51049749146,15,44.30510765536101,0,0,0
61492.64772030941,15,38.114083511893305,0,3,0
83233.02912753892,4,48.61623458308817,1,2,1
49451.76589287063,14,33.06223679784302,0,0,0
11934.324338938735,22,30.807686211010854,0,3,0
1462.620599004519,3,48.88088236640302,0,0,0
30391.63271718726,23,54.11894164497444,0,1,0
69829.24810262947,12,35.0934717636573,0,4,1
79046.9644037752,18,27.47242503142894,1,1,0
29645.70817857091,6,43.10530762789549,1,2,0
49615.826696236385,11,32.45979433829326,0,1,0
42169.77855296475,8,40.99262825400798,0,2,0
41111.22615670764,16,32.40724025621247,0,1,0
23211.736448695036,1,50.64014018211813,0,3,0
13723.473392442891,15,28.005104949493003,0,4,0
19749.186967298192,6,39.8052966252196,1,1,0
5627.705477618275,17,30.11298029767876,0,1,0
19893.261108175346,6,32.18493438579231,0,2,0
1019.1696727754077,0,30.879443452394234,0,0,0
62763.11422353423,2,42.386080660934155,0,4,1
31705.90319802952,20,44.18363114933871,0,2,0
97317.15667154817,10,40.57738828932371,0,2,0
19452.333372552155,21,33.9201653325473,0,1,0
34648.27417392843,14,36.40180031001593,1,1,0
35848.331748289165,2,43.97721568459425,0,1,0
944.3044566398079,23,44.29311587207605,1,1,0
83936.87450864195,12,18.0,0,3,1
3296.2465684180397,3,32.27777828227304,1,2,0
94023.96548945122,22,32.75741208560515,1,0,1
89218.2276742527,21,41.69252564126162,0,1,0
53598.63941698776,7,34.33229182289254,0,1,0
54405.197933638075,21,42.19183380949287,0,0,0
65412.41450332002,3,24.213392289694475,0,5,0
38766.29619229521,17,37.6005451546078,0,2,0
64757.506111445764,6,44.002056534504945,0,0,0
4572.362029979839,10,20.256171306818516,0,1,0
5499.357972237684,3,60.13643468208903,0,2,0
45777.31891999248,12,46.908859328665194,0,1,0
55007.26788049289,8,35.01353302465642,0,1,1
88792.98226954832,8,26.715918927612318,0,1,0
10555.597327398837,22,33.249148497262944,0,1,0
82282.52792666954,20,35.83802359611341,0,1,0
21083.72899547775,18,39.406625568120475,0,2,0
39468.95648615218,2,50.00660849460031,0,2,0
31728.58323925855,11,30.23901530557154,0,0,0
40075.51175925336,10,40.62709837572561,0,1,0
15134.500257451296,19,22.07570837399887,1,3,0
50406.650432915136,10,30.863992856747327,0,2,0
80184.09472415359,16,38.767168478693584,1,1,1
44209.247636851804,20,41.91262491008805,0,2,0
49112.29623223009,13,27.467675233353802,0,2,0
84891.8817696033,15,30.592083039880862,0,7,0
70635.20565233928,23,49.60556635583546,0,2,0
49096.3954111265,9,46.61908619628045,0,0,0
25843.795254099048,3,37.084572170523664,1,0,0
88504.18200981217,9,18.0,0,4,1
57744.33812888678,19,60.111325476900085,0,0,0
22192.64625005827,11,34.80068438342755,0,1,0
26985.063288537236,8,31.874329419786733,1,3,1
80332.99558473096,14,29.77640074145885,0,0,0
4510.1416525368,8,38.76367037199109,0,1,0
99210.00948417913,6,38.8658258917093,0,2,0
13122.132803507699,23,44.50627873126513,1,3,0
79627.24568715405,11,25.739378356509867,0,0,0
39538.05414549112,19,31.875051218587387,0,2,0
49272.39671041794,23,55.30545723224202,0,1,0
88076.99268871133,13,37.24590633249992,0,0,0
41349.8278399624,21,33.27475626673254,0,1,1
53795.62599195613,15,25.583822344162982,0,1,0
5025.0362746760775,18,40.05934305820752,0,2,0
334.51263935857,22,45.31018217042444,0,2,0
24555.507312872418,2,43.745876458098074,0,3,0
68090.25098258485,10,32.41199136391083,0,3,0
12214.362846577756,22,38.61252283363536,0,3,0
11464.819684574488,20,51.71659436648611,0,3,0
41154.96474278674,19,45.708822921714685,0,1,0
64818.92015696183,18,27.158372578066803,0,3,0
71235.99202556825,7,18.0,0,1,0
17927.22234242764,19,37.96772507084235,0,2,0
8050.855922467041,7,42.985681267484324,0,3,0
94045.66369115986,2,24.107755081267374,0,3,0
26140.571617953963,9,34.912104778772225,0,2,0
85349.31511111151,12,32.36300934126921,1,1,0
86362.79590123554,8,36.04286322232199,0,2,0
77275.0069170782,5,29.553037128802877,0,2,0
16966.47730459175,14,47.90510997627993,1,2,0
82197.96577949461,15,36.47968880632762,0,1,0
76948.13086823451,4,26.2098311383525,0,0,0
59712.62671161109,20,44.174621535937206,0,1,0
33786.48331337838,12,22.35812404008295,0,2,0
26324.609566227755,18,47.844943775351325,1,2,0
12276.73228682786,1,44.91059424222564,1,0,1
51024.73098339706,5,48.897752953207856,0,3,0
58567.56146343367,0,33.41753627558384,0,1,0
35997.96515252714,14,30.038860202166234,0,1,0
47588.37086131877,14,35.84021760933093,0,5,1
36415.094291189744,13,34.15563213644469,0,1,0
64136.50512633806,6,28.472637144364874,0,2,0
90135.79485887667,4,29.463766858743575,0,1,0
16475.634178489792,19,31.33627152733536,0,2,0
38202.74010932203,15,23.299963135601374,0,1,0
14172.773534691045,16,41.779632895993345,0,3,0
62531.88266374241,10,34.477028624289936,0,0,1
72914.16389791072,14,31.91621530766353,1,0,1
93198.08198648585,19,23.896458390583227,0,2,1
27959.305433470396,15,23.396270223325352,1,2,0
95026.09946595647,2,54.359140507224126,0,4,1
6419.940914885412,5,28.727425371384303,0,3,0
60341.08495012236,20,41.105283942093266,0,3,0
5807.558662398665,22,36.62634469900177,1,1,0
89388.04135741829,12,18.0,0,1,0
53027.9248012984,0,52.92450823138592,0,2,0
66967.90024120333,20,41.84083978776116,0,3,0
83174.2351984542,13,27.32329845695191,1,4,1
15116.031186148479,1,34.71633495570405,0,1,0
3955.2970376195713,1,23.508166325963344,0,0,0
87900.22647669393,14,53.26220478461134,0,2,0
31561.829423147356,17,25.923422917585356,0,0,0
12984.99290192381,8,29.769160033053407,1,2,0
46899.277584999945,2,27.70438921852409,0,2,0
59870.77696203228,3,35.8037940020917,1,2,1
3193.9632819087615,14,48.70316500139314,0,2,0
27562.076259883062,4,52.893744490951576,1,1,0
3376.707440261912,19,31.010038557777033,0,1,0
42091.50538063035,19,38.78258982317922,0,0,0
89520.49290371781,4,35.81905412604073,0,2,0
98266.97590820756,9,25.18390735555942,0,2,0
63741.05059501239,15,59.22555574595944,0,2,0
16247.605609080721,11,48.62759562296256,1,0,0
90594.35406093065,13,36.89115849711035,0,1,0
51673.15753768604,21,50.818760934989875,0,2,0
15459.556279081517,10,47.12106712717805,1,0,0
92180.49427822097,18,35.818613410817555,0,2,0
75771.15816723798,5,38.259636053279934,0,3,0
73197.35674504284,9,50.12126142376654,0,2,0
70947.15230906103,19,25.538464188703195,1,1,1
20113.94812753459,2,51.736906973213394,0,0,0
21179.568501581853,21,32.74887439314884,0,1,0
68860.47054288277,14,50.24676742847567,0,1,0
22050.302736028647,10,34.9477340253718,0,2,0
43923.30251062458,21,38.37606222472972,0,0,0
78221.98237683474,1,34.65691643427541,0,2,0
78416.85655797432,23,29.681563771887724,0,2,0
45380.851075333376,5,32.29945101855688,0,1,0
79239.77483369698,16,48.791114031685666,0,0,0
83878.31744018587,17,18.0,0,0,0
65512.0975532976,3,22.61034055195163,0,2,1
22919.742645611175,22,27.74528290641898,0,1,0
27473.7768605162,8,24.21655207563979,0,1,0
31552.631425332664,9,50.09979610415489,0,1,0
11768.730362621805,20,47.57676977853204,0,3,0
27388.646074957516,1,40.92031809394616,0,1,0
21030.97050882196,10,28.621959325224648,1,0,1
45587.342105879354,10,48.350518667941365,0,0,0
90852.91103243927,10,19.11870074004456,0,0,1
10537.583643720413,0,56.41982640147936,0,3,0
72054.76560234482,13,28.153702028224494,1,2,1
68759.57214087146,0,32.37964778158562,0,2,1
9665.84444646943,20,30.70656149505286,0,2,0
92264.98325008943,22,24.26892585901323,0,0,0
56890.37299546628,8,54.251131239369194,0,1,0
36436.179561454854,23,42.88894630784487,1,1,0
75678.20449118114,0,47.154705420797875,0,2,1
25810.80929432324,20,22.76330727939229,0,2,0
69381.6327209274,21,36.80937827003999,0,3,0
4067.149636467497,21,40.210286893314034,1,2,1
83956.86295716628,3,37.707565235498436,1,2,1
44872.267617429716,0,23.39626548932,0,2,0
63705.62214435838,18,45.75500021130637,1,2,0
22201.6581986877,9,36.21550082785154,0,2,0
67739.66389457895,14,25.45035964356997,0,0,0
77246.80356173833,19,18.0,0,1,0
47373.997369751436,3,41.0666651348988,0,4,0
61810.91971377325,19,59.50455734131501,0,1,0
45686.95978985762,13,24.847457266537184,1,2,0
89419.72778885877,4,36.70447050412966,0,0,1
49837.131133380484,14,46.10497279091577,0,2,0
84196.690031979,14,22.303477338986987,0,2,1
80155.07062119784,15,30.200432309149754,0,0,0
41109.43165270082,15,26.39841220738598,0,1,0
23085.440736561755,3,44.84676694824546,0,2,0
40667.60504272112,8,48.255225693540595,0,2,0
82639.1158399445,0,36.59036264731735,0,1,0
22840.490328357297,4,26.58265931005899,0,1,0
52491.19095118916,8,30.57209062072152,0,3,0
80629.06512127868,19,28.69501485753247,0,1,0
35412.39976532504,4,25.227311383769933,0,2,0
64256.74273656947,3,33.97961799181535,0,0,1
24638.594247476572,15,40.74826484461862,0,1,0
11017.016592279177,1,39.90257444428519,0,1,0
79458.98408677634,15,34.917676354304895,1,0,1
9986.965478529812,17,35.57053836825364,0,2,0
27211.0013684505,1,34.18449204910221,0,1,0
85525.43125754426,15,22.027884608337267,0,1,0
34712.28177915885,0,36.60134896982873,0,1,0
97307.23041646469,15,29.163744145453503,0,1,0
97975.46004390859,2,21.526567808405623,0,3,0
26900.774443310314,14,38.707055671155835,0,1,0
4193.724402764055,10,28.88269963581455,0,0,0
70535.82209211738,9,37.27753921258836,0,3,0
45153.55161456954,16,43.47637815069427,0,3,0
10165.209111561671,3,25.49761278854768,0,1,0
70781.52961590647,16,35.921212820729714,0,1,0
3214.37342028093,3,18.0,1,2,0
87032.64938017499,18,50.32533090609276,0,1,0
13951.387658419042,0,21.409335031112178,0,2,0
12818.456686797828,13,29.851803376026254,0,3,0
17649.662567061594,23,48.38379903763958,0,1,0
96030.60921335744,10,32.65477073919014,0,0,0
69347.61908935921,6,23.026023136996997,0,2,0
80157.01639281731,16,42.130732322865356,0,1,0
39823.735074702025,3,41.90532462151185,0,2,0
33697.64147774506,9,28.668136606347666,0,1,0
23524.952277638677,16,29.75073479219601,0,1,0
48116.73802840965,3,30.64591029381914,0,0,1
55227.69048006344,18,32.92976039313969,0,0,0
63214.30688091026,17,18.0,0,2,1
25786.138549469582,16,33.185761388819,0,0,0
94870.54268220876,5,52.83914198183149,0,2,1
17058.87397089287,6,26.040300327632956,0,3,0
96568.7521591646,5,29.16506406530236,0,0,0
1584.1266384996284,11,23.16382336803604,1,1,0
48164.45661250288,8,41.12161926395354,0,1,0
33403.447027844624,17,47.03197358142376,0,0,0
44967.429051632054,1,46.80317839177625,1,2,0
57109.39144018082,16,22.5198941110634,0,0,0
43615.356885469635,20,39.9979173049696,0,1,0
41543.200345129335,0,49.337500342142356,1,1,0
73299.06919978933,22,40.09663107710123,1,3,0
68619.03988113783,8,39.784096833437765,0,6,0
83343.8010753812,5,30.283574213648414,0,0,0
25070.902225825605,1,37.201098237936634,0,3,0
60991.898124430954,5,47.36318179706405,0,1,0
58560.9590607461,8,38.28208968428764,1,2,0
37036.8073061816,2,22.517252439702737,0,2,0
48657.14843607782,15,30.439583257140285,0,0,0
31446.8361162423,23,47.09279538888994,0,1,0
14270.255321936822,14,38.24743320351095,0,2,0
21458.74094520701,11,36.19062078243076,0,2,0
10640.813275479988,22,29.459844667532998,0,1,0
68338.6505614934,7,46.88599180534435,0,1,1
66106.66657160423,5,51.624125978222565,0,0,0
95065.5765208293,2,47.63189123018033,0,3,0
72994.8735233594,22,49.42591621445373,0,0,0
5299.379291737531,3,31.412937592338334,1,2,1
88436.09287550252,9,29.998309026260962,0,0,0
86281.24877827801,13,33.43654826500814,1,2,1
44387.7000451926,20,35.38573241976254,0,2,0
58627.71874773936,23,49.310197801252556,0,2,1
97610.22541400463,14,46.658867394684165,0,2,0
53277.20594843181,6,40.38469387254494,1,2,0
90541.65065477137,6,20.68813234153113,0,2,0
8395.571905237624,7,18.119781554031245,0,1,0
19186.081683997418,9,37.40462744801703,1,3,0
44131.41884978765,18,43.80263205600717,0,1,0
58517.20515289674,18,34.20432951013863,0,0,0
81641.16240109374,1,54.14904504978405,0,1,1
98827.38530280437,14,24.175589562195643,0,4,1
38946.264497764234,0,22.91648050504401,0,2,1
4836.822050394484,9,28.35719025525679,0,2,0
80137.03317920295,5,27.977027868087642,0,3,0
60477.63383637253,21,40.2628586868198,0,2,0
19934.431600933345,12,30.78288148156497,0,1,0
49533.36281647987,9,19.521595387213384,0,2,0
74256.79352881906,11,43.91578456695117,0,2,0
77064.13752815752,23,18.0,0,1,0
50011.87935867632,5,24.287817769892907,0,0,0
30590.931559873028,5,18.772934292561313,1,3,0
97376.8839456455,0,37.07121277070873,0,1,0
66369.92483455363,11,36.86047712151212,0,2,0
40882.92818269524,22,54.16454321016353,0,1,0
28118.276098044775,22,44.1382665614555,0,1,0
73137.18800205586,9,49.416461833422005,0,2,0
24294.126214817392,13,37.88609651298493,0,1,0
17253.82789847145,14,25.230681789094366,0,0,0
53030.405507310825,22,36.281076019934964,0,2,0
29069.740525149773,23,40.92421007387307,0,4,0
62927.623977869145,3,42.03807382251575,1,2,0
11882.073619935925,0,30.275878558916578,0,3,0
65528.61634627543,7,39.88786473782399,0,1,0
28401.32314697045,2,25.669720291587353,0,0,0
124.26915000782188,13,24.56722405889283,0,2,0
12780.91216165022,16,23.84215288614515,0,0,0
93368.1762457259,1,35.24625988556797,0,0,0
86748.72844762425,14,23.221636449236964,0,4,0
23437.54230042006,5,30.752556101289922,0,1,0
77859.35326409458,4,44.02916551413958,1,2,0
60896.30215808003,13,24.70870321921695,0,1,0
97093.38067384195,18,29.95687966495683,0,1,0
37423.20538745251,8,35.71631276776169,0,2,0
68177.91519046541,7,37.46886901532267,0,2,0
6447.218670149467,2,30.00709409194439,0,0,0
39685.10994695895,17,42.868600687351574,1,1,0
96385.38435269923,7,40.904523007847246,1,2,0
53944.18935756704,15,46.39856604361703,0,0,0
28859.162383150975,14,34.1839807565294,0,1,0
12115.069216547825,20,29.871811905436566,1,2,0
70382.48118413489,14,28.173679779878782,0,3,1
64521.11873862971,15,38.07027517929363,0,1,0
37456.47748901708,0,31.22844217188727,0,3,0
95099.04105139684,9,29.308302223192108,0,1,0
2318.061017486247,18,30.517127357546777,1,1,0
30442.012778019398,4,28.16309514875748,0,0,0
92114.84168132818,17,36.99021112762732,0,0,0
32161.450288112093,2,20.87416817455939,0,0,0
25300.058102131523,3,38.030162924749625,1,0,0
53468.618952131605,3,41.7654876040295,0,3,0
82397.79481706173,10,29.191208618227023,0,1,0
10404.36141174827,8,54.22036939606547,0,0,0
94307.76889360904,0,35.17621310976853,0,1,0
79527.78082999829,15,19.386570169001114,0,4,1
18206.90052960004,8,32.18757093663329,0,2,0
71229.59532369646,10,35.626561449357965,0,0,0
38557.37639149196,5,39.489675555702135,0,0,0
40289.23833982424,16,32.42569475889153,0,1,0
78350.68023464276,11,24.884297242956094,0,2,0
96282.20231727515,21,24.050193818877172,0,2,0
12752.921697434673,7,28.46400714818329,0,1,0
42120.960664194055,15,29.42224637481237,0,4,0
48146.06664762192,4,23.650258351007427,0,0,1
37693.55051380426,20,27.67186838896301,0,2,0
36382.59345925088,0,41.59458524439355,0,2,0
5321.639889403494,16,51.48412607694487,0,0,0
68585.30819420607,23,42.55461713870963,0,0,0
43677.820270292534,20,48.058610861868125,0,1,0
19559.900884128285,7,44.74118468233698,0,5,0
81621.74687997664,9,43.331303283983445,0,3,0
80275.81874034763,17,31.622037369426717,0,0,0
48690.52364608049,14,36.40910878386947,0,2,0
29915.22104866128,19,30.793806575439785,0,1,0
63845.46330706559,12,32.80892837666373,0,0,0
28886.398364162567,9,35.68167100386586,0,2,0
23677.19223933883,8,42.13566151579027,0,3,0
73078.41393723003,12,39.23323381515124,1,1,0
4128.491448122975,2,33.381707369856436,0,0,0
9567.370256355936,21,35.555387408916665,0,1,0
778.1385849566187,22,39.33463674193526,0,1,0
15379.024328895073,2,41.67394438057835,0,2,0
6992.1018701749,0,19.810048367427974,1,0,1
99580.65654121387,1,24.226110361010633,1,0,1
28952.11599841355,10,46.07310533939342,0,0,0
15011.874465657802,13,34.39130430068942,0,1,0
24175.526173792205,9,30.75923406633021,1,1,0
93618.94459685945,6,32.365005270739616,0,0,0
52064.00628013713,22,32.36294694423446,0,1,0
36545.327821154904,0,40.57937781524374,0,0,0
87351.80664513102,6,23.91983606019233,0,2,0
39559.52802784834,14,35.24777746496761,0,1,0
33567.35613877381,10,37.46117729450404,0,1,0
20807.524002718583,5,38.96267916565503,0,3,0
37841.90270855021,21,37.22863996210293,1,1,0
31736.767166090907,6,40.15906230314028,1,2,0
67762.66553388428,6,29.27303848941687,0,1,0
29029.31219660564,0,25.581972676750446,1,1,1
57762.25466761389,9,59.570044432505135,0,4,1
6682.6272866940735,20,31.987353154257637,0,1,0
19209.786753981785,14,33.15545529345432,0,0,0
40799.786633973745,7,41.77840097717885,0,3,0
93701.23046547867,23,50.96089292194241,0,2,0
37787.47337299797,18,29.55471883065304,0,1,0
66441.00470786342,2,25.011847318104742,0,3,0
25583.213519897676,22,22.578466492083898,0,1,0
12790.654239725849,14,50.93106221502926,0,1,0
5947.806347997008,3,24.618930135389657,0,0,0
30610.80850442086,5,34.724440634844335,0,3,0
15850.336577011105,9,25.227151679570312,0,1,0
17483.64375681081,17,20.51644082041696,0,1,0
76099.85490785631,15,32.076246469063136,0,2,0
1682.2232873929343,17,25.622133336588398,0,1,0
55825.2315609699,5,28.083715745766874,1,3,1
38008.191921287136,18,55.06105097417404,0,1,0
50704.344990863865,16,39.24896104172403,0,2,0
56326.74069773883,17,44.31469519553989,1,3,0
31405.432676282093,12,43.24659562849253,0,1,0
29581.3751324101,6,33.99139076920975,0,2,0
73366.84474855708,19,30.602816406223763,0,1,0
87140.5711133036,11,37.48934611861117,0,4,0
19338.905082606936,1,36.684507699324946,0,0,0
9852.11417746138,11,29.31194582834692,0,3,0
89789.80105856339,11,36.298478304668606,0,1,1
35054.556818375124,23,27.93670293303708,0,3,0
55176.60732721513,3,33.285420693591604,0,2,0
36018.36013754835,3,31.647165254826632,0,2,0
12667.653400970526,17,22.311274073942208,0,2,0
58974.23133027803,15,18.0,0,2,0
52561.571091786005,13,25.609367500603007,0,3,0
20379.0565632006,16,53.041046645863005,0,2,0
45241.717560762554,16,31.903182179632722,0,1,0
79715.05565116301,2,42.759681608964044,0,1,0
59083.56770047834,5,18.0,0,0,0
9782.040973992785,22,24.917139320356725,0,1,0
54847.34757319059,12,21.455103826376494,0,1,0
70303.55609902972,8,32.97699989912885,1,1,0
79291.07023749706,20,59.21955480535243,0,1,0
62948.84610556325,8,39.60238943227918,0,0,0
15350.550637624296,7,51.956125332780864,0,2,0
71046.30933235705,16,32.45563272314337,0,1,0
67766.45042354349,15,48.64869373855072,0,1,0
2540.245605769259,15,55.732567066828906,0,1,0
41233.59199226529,18,33.906309335895415,0,2,0
33361.72967154109,23,29.60735288772635,0,0,0
66974.26521893898,15,21.821890630098473,0,1,0
21691.96764986098,13,31.909397414230305,0,2,0
59128.10510512842,19,35.81896675200791,0,1,0
91329.27558523582,13,55.30953617349149,0,3,0
79800.45698363992,13,22.050260259039135,0,1,0
92153.62784803138,13,35.59661893696978,0,1,0
97852.74609657573,11,18.0,0,1,1
1165.9456879156603,5,30.73237171161432,0,2,0
62311.853510110006,19,38.11395357412019,0,2,0
41342.655836114754,12,40.12583152688558,0,0,0
85999.46358447867,15,40.89023079641922,0,1,0
25256.28873071226,8,38.974040328868455,0,2,0
98104.84596259611,1,40.80421940096241,0,0,1
61409.426157420356,21,35.457391290026635,0,1,0
79374.38648266021,2,24.52133694011028,0,3,1
8651.395326994556,9,18.0,0,1,1
18427.442687410618,19,29.53312178262783,0,1,0
75864.5269361169,1,33.653845669367705,0,3,0
2296.4535517284285,23,47.539317971754805,0,1,0
81706.1107907889,9,33.99398324843813,0,2,0
1493.506967321954,7,33.03430965783308,0,2,0
65746.1720222212,16,38.855271268417795,0,1,1
36572.88263115741,21,32.29988012548798,0,1,0
61188.33578664799,0,43.10541998946938,0,1,0
69633.53755821245,5,54.79333618383878,1,1,0
34313.274396711786,6,56.90785514210701,0,0,0
10885.448566272471,14,35.97040627244489,0,1,0
7057.622188051738,17,38.368923646954485,1,1,0
58934.70865399853,8,50.78856120373484,0,2,1
52113.469838037745,7,33.50037977103729,0,1,0
74245.88081120113,9,41.79192141924179,0,0,0
51022.57744939332,3,23.648398703141748,0,0,0
42302.334424084824,19,31.89160851725002,0,0,0
39868.90910579946,7,46.56114616645307,0,2,0
2742.04556950698,0,27.818043662123767,0,1,0
33622.16444949605,7,33.719488212703226,0,2,0
97604.41373669697,22,19.257903543978806,0,2,0
87368.20206508617,11,55.05768294509637,0,0,1
33004.86889671835,22,47.63028069816903,0,2,0
58820.76096613058,14,36.880995661527486,0,2,0
84744.94487899584,12,40.07512872082328,0,0,0
44183.30624133186,15,38.95898106943368,0,1,0
1893.990588640081,22,48.84311753030786,0,1,0
7543.595135682143,17,29.811999576286276,1,2,0
51088.23286273579,0,42.32267619928232,0,3,0
96946.99363002025,16,45.77416498852173,1,2,0
69351.63326766489,15,47.153259704764565,0,1,0
7184.527524713096,22,18.0,0,1,0
19017.151491607092,4,29.007255217348554,1,1,0
77155.18200736331,19,24.80829378698096,0,1,0
84159.83201962886,20,36.49588285570686,0,2,0
61807.689160240225,9,18.0,0,1,0
64477.87464601868,5,18.0,0,2,0
2930.911293300126,11,56.7009499187626,1,1,0
82870.1729321927,9,41.17689388263341,0,0,0
78848.69329626588,21,36.210092431988116,0,1,0
25977.610895924383,16,38.636726478389825,0,2,0
70896.80432455415,1,36.463409237491796,0,1,0
21563.97518185731,18,44.97350656551526,0,2,0
4128.983089046148,19,28.675558079360215,0,3,0
20193.54060477869,5,36.86614826073569,1,0,0
17945.02478775452,12,37.27421267937716,0,3,0
33841.024873811235,8,24.531420415416623,0,1,0
41903.10476782826,11,47.76983059063053,0,1,0
50903.03526062102,17,30.543232600985906,0,4,1
47727.71216328198,7,45.17421669808901,0,1,0
27140.39313593241,17,36.1491272637148,0,1,0
3014.149790550039,22,51.33584832409058,1,2,0
60549.65206149135,21,24.586209114784758,0,1,0
39634.9085017507,1,24.1524119848955,0,1,0
29937.348523016215,7,25.943044089956913,0,0,0
86707.41017876819,9,36.332955505143744,0,0,0
74699.65644903616,8,50.41468395778205,1,1,1
85790.77828240697,23,50.930936181652505,1,1,0
49548.781191774855,17,18.0,0,3,1
13180.03208746507,7,37.49707161222539,0,2,0
69652.52146851511,18,18.0,0,2,1
20686.770615723806,2,42.95031793785035,0,1,0
44178.84394226251,8,46.18169414895207,0,1,0
6593.578815993961,12,34.59755725307814,0,0,0
82548.30940205595,8,35.839815774947546,1,3,1
12681.470040645308,19,35.736388929402395,0,2,0
90319.44095422604,11,27.155580812587537,1,1,1
86436.63716592955,22,39.317057853214806,0,4,0
46511.818167480684,12,32.68591998346743,0,2,0
74462.38360996866,7,44.30291709289618,0,3,0
61982.56287443351,14,33.8637306548077,0,1,0
80327.25666954071,12,26.38976893511741,0,3,0
43237.329568512614,20,19.641353291344895,1,3,0
78602.26757601056,12,18.0,0,2,0
46299.43602480828,16,48.12509343954435,0,3,1
94102.48220549511,14,30.42210647140981,1,0,0
48688.57287243225,21,38.385741900816484,0,3,0
46315.66526617958,18,52.832298917445186,0,2,0
78528.67897019492,2,29.371956687021086,0,3,0
82175.61140690772,13,28.725225156188465,0,1,0
55493.46252068496,9,33.678382476446764,0,2,0
18061.801568158033,16,35.29432700419993,0,2,0
46829.047272662196,7,53.87551350255846,0,1,0
96810.44304067687,17,50.65820594094113,0,2,0
75323.32068461459,11,41.208754159067475,0,2,1
81135.1441275253,16,49.49413768996868,0,1,0
3379.267332042089,22,33.21780987432144,0,0,0
46839.16031715257,10,37.99164567188478,0,2,0
64697.45125238978,8,31.98486355461305,1,0,0
83020.26509444467,21,22.096316174203604,0,2,0
5022.43799291887,23,47.03874741793595,0,0,0
85258.64467562312,23,40.3169873398986,0,0,0
54885.25358051698,22,35.18073473423664,0,1,0
19811.665660548388,14,34.975321506878245,0,2,0
31793.79612332503,8,19.937851290934915,0,1,0
28264.76221998092,11,25.225246668472845,1,3,0
53132.81752541873,10,38.36153170114025,0,2,0
5263.399423122069,16,29.708873327254942,0,1,0
15937.762234142361,5,32.822869587825096,1,0,0
81288.03503324067,7,33.95343935220898,0,3,0
13347.138675606426,9,28.175312309828893,0,1,0
23416.287318866885,14,25.320816799759495,0,1,0
45391.72349985532,3,18.876423690746265,0,2,0
51760.376722521716,17,33.534817209884594,0,2,0
76384.68691345444,10,41.18608547610283,0,0,0
44788.50942395216,8,18.563658577800496,0,0,0
79007.47564145032,8,34.759521749001735,0,2,1
61872.7960738412,7,37.81143252691561,0,1,0
11398.663968439863,2,25.104195962708552,0,2,0
15717.510695444575,20,49.22141811548088,0,1,0
43759.669172432106,17,31.14284630961592,1,1,0
39749.25036959506,13,33.98740311543489,0,0,0
74380.07253676573,2,33.38730499402021,0,1,0
58115.64026575545,16,18.0,0,2,0
38874.49479212471,3,45.08752071684044,0,1,0
17158.952316693525,20,25.444812315807624,0,1,0
22761.026522316966,17,32.634794845942636,0,2,0
57592.55174505899,14,40.97661001277996,0,1,0
42401.53660948927,18,49.60903426144534,1,1,1
51541.25813518114,21,24.200677181031608,0,1,0
17150.675786693144,5,30.535164144055727,0,2,0
66324.33460922212,14,48.82418630007153,0,2,0
85268.62021151111,6,39.63713879275447,0,0,0
25868.156728011367,11,41.711713590516084,1,0,0
49202.27116059948,15,24.488682642238324,0,5,0
97555.18016918808,8,31.207904700734417,0,1,0
33390.84988101769,19,33.32164567619569,0,2,0
59545.129857883745,4,26.42105242657026,1,0,1
9110.550450004412,10,18.25430374326093,0,1,0
60640.898747696374,1,29.89501441236404,0,0,1
9054.21415313133,21,48.5428819958443,0,2,0
95927.61998884982,15,35.59173465560496,0,5,0
71594.69894202391,3,48.74290913573376,0,0,0
78837.16283475707,4,36.7902091422952,0,1,0
70440.02564108653,6,27.352922704120374,0,1,0
59013.93070403893,5,47.77619013231722,1,0,0
45046.28683044198,23,37.12326140667899,0,3,0
85851.50063813014,21,44.61838832427397,0,1,0
95687.883187552,9,24.316718288794284,0,2,0
49953.71367311772,13,45.387562896145035,1,1,0
93160.35141061067,7,45.688892755441984,0,3,0
58374.9577078529,13,37.89767144356536,0,3,0
53884.58027095367,13,26.930779141902175,1,1,0
45502.82502224013,19,34.53991171287388,1,1,0
21007.847376858972,22,41.11291147238244,0,3,0
471.594115724113,2,37.34570019936534,1,1,0
24226.472062920522,0,41.01082738107764,0,2,0
51021.34484319616,8,45.122459076529054,0,2,1
38057.99923074928,8,28.515533466280786,0,2,0
44903.67427746311,21,23.449243790398608,0,0,0
98066.75713444855,1,34.62461198627758,0,2,0
35092.209829865824,15,31.70256841130132,0,0,0
45273.07564207478,7,42.858464131561504,0,0,0
13438.203580146674,5,24.25501610341192,0,1,0
4890.9774704550655,22,45.2038187417768,0,2,0
77563.41050779022,12,48.536121095467664,0,1,0
57111.249189690665,0,35.0030496426229,1,3,1
76094.41012378511,18,35.607361255813046,0,0,0
15071.293608766508,14,27.32453498769847,0,1,0
57225.69424115082,0,29.573391010259336,0,4,1
25438.883186703417,9,30.916633193543163,1,2,0
22883.37550831199,0,49.42940067837931,0,2,0
1251.448803893227,11,34.28129214189226,1,0,0
13121.038284550283,10,21.778270433599914,0,1,0
30995.884338819567,16,37.55354342112004,0,1,0
11776.18818303481,3,43.26290124622276,0,4,0
98587.25819705265,22,34.74588630678405,0,1,1
30932.40158754267,6,49.692134397269896,0,2,0
13119.362275562584,11,42.77508667265898,0,0,0
19988.32305151298,12,24.508712701121464,0,2,0
58811.5525113135,4,29.48567187603598,0,2,0
6497.948034092372,5,37.262262814246085,0,1,0
86257.16960110157,1,18.33810761973393,0,1,1
96153.81795579102,20,38.36356737470614,0,1,0
24750.06732467135,6,18.0,0,2,0
45064.51733222685,13,45.2343345556451,0,1,0
2311.2316578467576,21,44.072736847917085,0,2,0
64106.95145024943,13,40.04781360915071,0,2,0
41451.213199453625,9,28.241216356476887,0,2,0
27078.840763545413,3,36.70202824613539,0,3,0
20763.027350599186,2,29.866225124853507,0,1,0
65436.90545811017,22,24.691847225499338,0,1,0
41680.08140012821,13,31.612569882285893,0,0,0
18047.962974088212,5,41.98265536492096,0,0,0
68941.99724053372,22,35.438141928317606,0,3,0
56550.7210753657,14,49.507099241344235,0,1,0
85881.33828745666,7,42.65780539480275,1,1,1
11835.842297761641,4,41.586908139056185,0,1,0
78588.09353425117,2,18.91073450554396,1,3,1
67384.32700304418,2,32.14841469844722,0,2,0
11589.592589126973,12,24.356275895658005,0,1,0
69512.5909141849,1,33.16997120376096,0,1,0
44210.57415909506,23,28.067238760768433,1,1,0
94503.98007702873,0,31.223950469420615,0,1,0
14246.973926728142,11,45.6116273237385,0,1,0
64319.05574249222,7,39.75249929005834,0,0,0
38259.8065417483,18,45.071144289816345,0,3,0
95685.78559202868,8,18.993168909840143,0,1,0
33064.49203949862,13,35.579746966156634,1,0,1
96222.37235823083,17,44.66704981396601,0,2,0
90158.43652496484,9,50.062959148871556,0,2,0
27111.28520753457,8,19.51911610307507,0,1,0
80373.82350496012,5,31.4851636383883,1,4,1
99560.85976017025,0,45.34226674004763,0,2,1
25341.033916911107,4,33.07721687188555,1,2,0
43734.039215399636,9,25.895823258302762,0,0,0
52066.05558301929,12,19.500008215039923,0,2,0
29563.620466806045,21,25.51298465336833,0,3,0
1624.957480638373,22,18.11098331436271,1,0,1
22090.911495332915,3,35.584604568340254,0,0,0
28265.49474574167,0,43.9631018577866,0,3,0
44415.6101616869,20,22.39025241091396,0,3,0
17193.137593498846,1,37.577297412110525,0,1,0
87338.1102334981,23,43.45271029445867,0,2,0
70520.62215986048,3,34.972916731516506,0,3,1
8611.527708210231,16,18.893057050827547,0,3,0
65044.23586887915,9,38.862115546625034,0,5,0
65400.28199292148,22,34.453530552355296,0,4,0
95626.49524699841,11,33.434953513991445,0,2,0
401.78504848050864,1,29.531627542395352,0,1,0
24868.451735600138,2,35.867874262740415,0,1,0
92786.36878959401,13,40.0981790844696,0,3,0
93220.17814828848,14,58.906481343358486,0,0,1
72086.58329512668,12,36.12332068387205,0,2,0
76599.75577264924,8,50.11141160012673,0,0,0
9239.147497171747,1,38.57755083426876,0,1,0
51436.19589434554,18,34.00471672352246,0,0,0
23235.14082977104,15,36.485475277112926,0,1,0
18203.682557000364,10,22.782636303074906,0,1,0
81049.29958242092,11,38.05860270752038,1,1,1
13590.309854386687,0,18.0,0,0,0
46918.298535938884,1,26.37333642111468,0,2,0
93863.9661346447,15,36.09843093133811,0,1,0
18664.62235097772,1,46.93982273178844,0,5,0
97801.54303144963,18,49.30624396998394,0,2,0
99429.36977752979,9,32.634534203590654,0,1,0
55606.15375277205,18,36.55717319530441,0,3,1
17097.259743698076,9,44.84362469582028,0,1,0
31678.878305295475,15,21.70506427807081,1,1,0
42506.83398438586,12,39.04747505315503,0,0,0
31001.490013386472,15,26.72107132634191,0,0,0
28135.494429663926,17,33.281749553232814,0,3,0
97225.74795071413,23,30.409767495056848,0,0,0
15421.146258832989,7,39.35358127048148,0,0,0
73359.45808081454,23,40.503036740090906,0,3,0
140.98791497356964,17,43.910786773973975,0,0,0
59658.648673297444,12,38.48198828464449,0,2,1
91602.70609500984,6,36.71653769968896,0,0,0
28864.61599991258,20,53.54023800438602,0,0,0
18634.04492824615,22,19.756409298028228,0,3,0
65202.811508354855,23,51.956098601292396,0,1,0
71288.88058910948,17,32.101780911316034,0,1,1
68834.24884330294,5,40.70891586368305,0,1,1
31999.756314135266,8,31.74340319406399,0,1,0
25295.019975717154,5,27.97458370448374,0,1,0
95596.28811620822,17,39.84577192794229,0,4,0
92337.62087616595,16,45.421283086144435,1,2,1
45785.92932829275,11,39.73007954967405,1,0,1
84634.7672288219,2,29.57884213317118,1,3,0
45287.11541566617,4,71.11350062815669,0,1,1
42496.46290544379,6,46.98573670866252,0,2,0
15760.618465169537,9,44.333423042072525,0,2,0
42697.96504354809,9,31.470357692577956,0,0,0
53787.95216612072,18,28.74834211710961,0,1,0
2348.182310125778,3,32.20160924157061,0,1,0
44466.8892170231,9,45.81406544392483,1,1,0
78157.4862176805,17,25.09395662924172,0,0,0
68036.60103178956,2,24.31796168545683,0,1,0
63552.18318750711,20,40.39547533361018,0,1,0
90964.58730087653,2,38.1919644464212,0,1,0
1901.397781540478,4,27.29686462109104,0,1,0
55749.053860604196,15,24.08796421584775,0,6,0
78756.14995612974,19,49.37896993368432,1,0,0
54179.4047318566,12,38.57004425299562,0,0,0
32457.16570277988,10,21.364641362719674,0,0,0
13711.431452688588,12,22.06374463917706,1,0,0
88767.55087443751,18,31.384880275495306,0,0,0
47129.16299952154,5,42.32841806997633,0,2,0
87823.70817887157,23,40.9500880210828,0,0,1
58626.62703107351,12,46.31678537001218,0,0,0
67451.79244983858,3,20.096501925392026,0,2,0
80445.68932240715,21,37.23846689779657,0,2,0
65949.63890555342,4,49.25910332321361,0,1,0
39865.67858382588,18,48.32801730476099,0,2,0
51411.975054472234,4,38.58909981412686,0,2,1
80324.2479151204,20,58.48018508653876,0,3,0
37427.66460766112,13,41.092851164158596,0,0,0
38873.33353117286,3,45.42746632841343,0,1,0
9659.442594194315,11,35.444479187755064,0,1,0
91466.9850786526,5,27.190247071557128,0,3,0
9194.527863049629,18,26.24790799221254,0,0,0
64856.096827110734,9,36.8161521479442,0,1,1
41378.12843239949,0,32.88497993149793,0,2,0
40621.37708651869,22,18.0,0,2,0
67987.22847361112,22,24.74206415074259,0,2,0
6802.663889724884,15,31.815964259459072,0,1,0
59411.207716848316,3,42.272793759371595,0,1,0
77225.97541863825,8,34.83926113837926,1,1,1
82838.45451287077,17,34.27935789499486,0,0,0
17135.98590043815,16,25.130873729966837,0,4,0
89752.16310280956,14,35.231660800620986,1,4,1
65648.99457555948,18,48.19101027445988,0,1,0
88197.29460198621,6,36.55575112758557,0,1,0
48579.54363930881,17,19.92686418518138,0,1,0
54249.13117521048,5,22.48477205695469,1,3,1
91911.92387516424,18,40.88788877223153,0,3,0
90000.9633811317,20,32.7568452477738,0,1,0
44871.2712495633,11,34.25419769896486,0,3,0
27513.821900404608,2,28.872658249852428,0,0,0
39377.72641296999,0,40.034122121999125,0,3,0
38837.656420121995,4,31.990822867546505,0,1,0
28758.000810781115,0,33.133867782713956,0,3,0
26931.10247286336,7,26.487766083368737,0,0,0
86120.18735432398,6,44.2169129814277,0,3,0
7079.205876397702,14,32.788672083835785,0,1,0
67793.35709174945,10,41.0788033311976,0,1,0
17364.723140499584,17,23.064084359659823,0,3,0
34516.138750066915,13,52.338831383786086,0,0,0
6248.149110070202,8,47.77374038513223,0,0,0
27070.36632186066,4,18.0,0,2,0
76865.26500461249,22,26.980625249362852,0,1,0
88513.03092227114,3,39.776343910098845,1,2,1
22230.562475046467,11,21.80271343850996,0,0,0
46408.42914196629,0,33.684059178366745,0,2,0
47085.37238892692,23,39.266317859767966,0,1,0
87370.17304539745,12,33.152740880205165,0,1,0
76303.62538229296,0,40.38838703537096,0,2,0
51356.41411496818,2,28.066700953981183,0,1,0
67107.64532713016,21,18.0,0,1,0
84750.76988554574,7,44.82115312165061,0,0,1
1052.9415071519397,23,44.75814653602531,1,3,0
40348.71410189986,17,60.036366422883326,0,2,0
90733.59241098016,15,18.0,0,1,0
74057.27178131074,19,42.508321093468155,1,3,1
54329.853295974055,19,18.0,0,0,0
53011.48825080983,15,52.56493281675319,0,3,0
34842.23275068333,1,39.8786683369601,0,3,0
52100.0013107873,16,25.480711523237467,0,2,0
65572.78162639898,9,42.80222474601436,0,2,0
41894.46753903643,6,29.46954992283064,0,3,0
71443.89932457817,9,38.00416099551269,0,4,0
86137.09950331255,18,37.05960716209084,0,3,0
15553.01633366763,19,52.441681361472945,0,5,0
45209.5475794607,8,53.14925910086512,0,2,0
40861.2071193796,21,29.02734626726494,0,2,0
68777.73392456783,16,45.58105617996036,0,0,0
25061.759779267144,8,38.548401555702974,0,3,0
64061.066403732395,8,20.87317932993088,0,2,0
87761.17524897565,4,28.0377161962782,0,2,0
41871.3468193829,23,58.36146099599624,0,2,0
91110.46842792409,6,38.57854401104655,0,1,0
99317.0575194545,10,44.99779579517522,0,0,0
10698.595789800413,7,32.87955687633009,0,2,0
23382.01347968738,13,29.60058085280658,0,3,0
95042.93717306112,1,35.272645076344745,0,2,0
95836.93587949054,9,32.33895944753783,1,0,0
9860.956811137174,20,20.067470689684015,0,1,0
1598.3501876759544,23,24.96674542545968,0,2,0
16193.892323316582,15,42.07884514412231,0,0,0
99601.6770598866,15,31.19309310897589,0,1,0
18081.961699407617,18,35.257048820279074,0,1,0
50304.50591153011,10,37.349230504972105,0,3,0
84856.93087040806,5,38.130500488187195,0,1,0
2138.1209077518133,5,46.46579061315371,1,1,0
60488.4493276201,6,24.013041849314682,0,2,0
27774.84234207547,15,40.70252723543624,0,2,0
86247.25815232919,12,42.550277935196476,0,1,0
28417.76881148151,2,44.85851779001506,0,0,0
68706.89645616269,23,20.870824005851276,0,0,0
67454.54128149495,23,37.54819218346998,1,1,1
22227.205531078038,8,52.16075946398517,0,0,0
3576.4400668481767,23,34.00879480843377,1,1,0
40984.03242116119,2,39.83494701964291,0,1,0
28990.395881390385,5,42.80395594585185,0,1,0
80916.87718640949,16,24.745301556017395,0,2,0
80056.382426689,2,53.33824728999974,0,1,0
45756.69282404328,1,39.995007969689034,0,2,0
60690.57130978957,11,40.19502814193426,0,2,0
60465.525647093826,23,18.37972621989465,0,2,1
82733.09902791957,5,42.94544798213313,0,1,0
42557.74117090743,9,40.06410341379137,0,2,0
27617.123311071857,10,51.24191327722064,0,1,0
26576.988322240693,15,31.887347856956467,0,2,0
53665.60870029219,15,25.123416704015582,0,1,0
44969.905452948035,23,28.177610052256668,0,2,0
44068.06502139512,17,29.950217649927012,0,2,0
9204.620175061751,21,23.811534818686262,0,2,0
71888.51369495054,22,47.901600237659935,1,2,1
21452.295129392878,23,48.276978629316666,1,1,0
19775.667657851263,8,33.04208298859945,0,1,1
41334.55619571161,20,31.07240077915806,0,0,0
22855.05632761836,18,18.0,0,2,0
58427.44090407074,1,41.959612553036045,1,0,1
37209.1875995137,23,51.534401088258434,0,0,0
44946.28108701973,0,28.628052827404435,1,1,1
53763.21522824248,15,33.83215474223602,1,0,1
20433.198695932304,21,39.342914613157305,0,1,0
15659.587124266427,17,52.24418360609906,0,0,0
88054.14809707312,2,36.99776221835094,0,2,0
43428.99791285896,23,36.95429916026519,0,1,0
41268.151602290665,0,36.793185011598034,0,1,0
3657.653812256864,5,20.74967493096327,0,1,0
49847.83262848058,18,20.53209346170135,0,2,0
55461.55518893891,21,26.920048308851275,0,3,0
55928.20300837119,18,45.128905740373725,0,3,0
70732.41381535615,10,31.64642929454007,1,0,1
17830.435315602077,7,29.70395951197707,0,0,0
25297.09110963882,4,29.528253958562324,0,3,0
81091.97347651822,19,33.62343121527323,0,1,0
94722.34462265506,8,52.0210793410164,0,0,0
13679.681461995331,14,33.48802614302878,0,2,0
49815.1904950713,20,27.137025946251416,0,1,0
21496.207648684725,13,35.252456290816326,0,3,0
6101.309518662746,3,52.55083605761537,0,0,0
32617.783478800928,23,29.971752810643842,0,4,0
14454.393755902853,23,23.189949915690548,0,2,0
71022.3140360812,7,29.99008730269583,0,0,0
53419.1688257773,19,36.28763736348433,0,3,0
14469.063651932058,16,41.882409508253396,0,3,0
1023.2346817108853,1,45.06883578682246,0,4,0
80834.88919751885,19,24.54282726037672,0,0,0
17701.821175808327,15,25.4915466554093,0,1,0
60661.042557854526,9,31.7673774061251,0,2,0
33758.49911636688,1,41.84493024696896,0,1,0
58590.04523767206,10,22.399921023477447,0,1,0
31633.79733553417,9,28.926730895823027,1,1,0
8785.262113156192,18,29.07256270588052,1,3,0
22372.705854919586,13,44.41748855364371,0,1,0
18887.05079125965,10,40.282607606644376,0,1,0
42859.13330872042,8,44.0371836104992,0,0,0
65862.54996427312,6,48.386779742330546,1,0,1
26454.226887141118,14,31.943499049109196,0,1,0
1305.7865365317334,19,23.12593845146318,1,0,0
51941.84269004921,16,23.1903638215298,0,2,0
60615.37298696131,2,18.0,0,2,0
96290.76235078079,14,30.412331703338072,0,1,0
58988.13322901536,13,31.157773851682617,0,1,0
47170.13868187637,7,42.87553406805048,0,1,0
57382.82242718061,3,35.16914217176604,1,3,1
92797.2729232165,9,30.096715556573937,0,1,0
82854.97674560446,1,33.840012738394144,0,1,0
32365.57546304442,13,24.610265162852357,0,1,0
23801.710929348013,7,45.254065707512865,0,1,0
26337.097875370757,22,27.140844371904915,0,2,0
50491.66186754978,9,23.600687280641043,0,7,1
74430.54017773492,17,43.1788196670747,0,3,0
50371.59879757791,14,40.74164208363852,0,1,0
6872.859943228447,4,18.0,0,3,0
72385.7119739541,21,43.55001634710222,1,1,0
80616.4158542283,12,27.584073609059434,0,1,0
29020.83672545999,17,31.2589547243608,0,2,0
66446.16135440671,1,36.870201076939374,0,2,0
42716.5309153339,12,40.86624882616822,0,3,0
88923.02363717154,13,39.454791746875266,0,1,0
84538.03326025791,9,34.501816690939975,0,2,0
52590.656631133264,3,30.753566710840893,0,1,0
69181.4040267781,14,39.122206935654475,0,0,0
88346.63513210819,7,33.81612162655772,0,1,0
49622.12930681973,14,53.05354459125924,0,3,0
31393.748974833314,13,40.86409009969902,0,0,0
75391.24717716717,20,25.76584375009645,0,4,0
22084.61885299071,8,30.224000486263485,0,1,0
38914.2616858036,19,35.4819217725983,0,3,0
86586.15098696869,2,47.994312150704545,0,3,1
72469.79179290458,14,49.11105009112135,0,4,0
40440.71942422517,23,31.03865279634436,0,1,0
21552.975790594905,16,25.66365783410557,0,3,0
35661.24224414043,15,24.385023587938125,0,2,0
28482.004507820555,3,37.5242875721578,0,4,0
17691.319865591006,10,58.03784309217493,0,1,0
74358.9580652091,7,40.39094104255102,0,2,0
25281.781696332135,2,19.060874733159928,0,2,0
45471.33026975961,18,27.739958967539987,1,0,1
38647.358738927294,13,28.76085798155087,0,2,0
98209.53012569952,8,26.77997479885092,0,2,0
39170.11519040723,2,31.1210617506578,0,1,0
8090.250031395804,3,38.69394861019942,0,1,0
9073.592681951195,3,41.81981169322647,0,0,0
59116.29676317117,10,45.91763490916644,0,0,0
59976.41881865273,18,40.24202573047178,0,1,0
41934.02314921723,15,18.0,0,1,0
43241.184861971764,22,24.426954124686866,0,2,0
5487.865025803034,21,33.41905963140809,0,0,0
51702.996387887295,16,36.47279855767479,0,2,0
50523.47359049713,9,43.61418359876257,0,1,0
15039.976923838758,23,35.43184176216773,0,2,0
10473.554672481665,16,35.50707253863674,0,0,0
12444.8918108891,15,37.377973631390596,0,1,0
10192.721824476726,19,32.44978261218798,0,1,0
61009.84873412231,21,35.86885139877812,0,1,0
19728.61697505157,5,46.258321790117506,0,6,0
25217.8722035276,6,34.16089101215997,0,1,0
17439.857200728828,13,34.697872732157165,0,4,0
95787.74691440546,10,34.664145952328106,0,2,1
85476.28456886836,11,47.977738137911686,0,3,0
23126.434251416937,13,23.919466731705576,0,2,0
32823.872762820385,4,52.75846894791195,0,2,0
21068.294946269216,4,23.236181454844868,0,4,1
49238.40835013629,19,28.45779738672241,1,1,0
2059.0921941779343,21,42.447382697153195,1,2,0
67169.6640887899,22,45.30316695473671,0,0,0
52363.4991667824,14,20.96500983001512,0,1,0
89874.02893728022,0,24.072981367529138,0,4,1
16522.829164408573,23,37.77842809471848,1,2,1
80430.51368150706,22,58.44419387763796,0,0,0
79216.9053452249,8,47.462627809986806,0,1,0
12805.400802767004,2,32.5190295036819,0,2,0
39916.06649199835,3,18.0,0,1,0
17098.248850337237,15,35.81642734421159,0,1,0
25546.577995709136,6,38.62296803646554,1,1,0
26398.29286557138,21,31.173048589171962,1,1,0
55668.0157631747,13,26.492760094534045,1,1,0
41199.952082870506,15,36.59165260321388,0,2,0
94778.5071202299,17,25.57738806106039,0,3,0
12724.377180505813,15,53.72448660808724,0,3,0
97371.84427153486,15,50.16744797533817,0,1,0
23140.800157404967,1,41.57912631592761,0,1,0
77310.10624454712,9,35.89710569119316,0,3,0
33963.09562466486,6,28.398359133864403,0,1,0
14393.831402189659,14,34.792128161090986,0,3,0
85803.12960609936,8,51.39297135207276,0,3,1
30955.203833722673,6,43.686540584366284,1,3,0
65919.65488226153,23,37.03692278476459,0,0,0
56687.724140153994,15,44.239743341675954,0,2,0
47228.45530814835,2,40.45610663380828,1,0,0
49632.36531758906,16,38.962775398868715,0,1,0
73250.56761781953,22,44.805632589915355,0,4,0
8868.514120931713,7,40.17027644824758,0,1,0
66851.24812959472,1,43.58551470103379,0,2,0
89591.628929718,19,36.61387049634509,0,1,0
5873.040882284428,2,32.45874176809897,1,1,0
14151.268589443307,7,29.518371210598513,0,0,0
71691.53047653293,1,28.326903945290415,0,1,0
43784.43665963729,18,18.948295575584673,0,2,0
40414.507219287465,16,25.880600531883356,0,1,0
13782.966790969162,4,25.591464704178186,0,1,0
50726.32706770703,19,29.926548040159638,0,1,0
12741.876588518086,16,50.62244210638291,0,2,0
47714.383585422984,9,33.42438044446223,0,1,0
76385.1683662695,8,37.4176688988431,0,1,0
25900.609352927633,21,37.73319644511927,0,0,0
48130.538201154755,5,50.87580912842367,0,1,0
99202.39534274388,10,29.244145461547085,0,1,0
68696.37729306832,1,32.774779197419385,0,0,0
84151.54145338933,22,33.938006282258165,0,2,0
41543.27589539852,11,46.36534855774768,1,0,0
76809.30622027295,11,48.441056937544545,0,1,0
4146.866376838052,15,39.745838196939445,1,3,0
12378.827135970274,21,47.329093740618795,0,1,0
20386.752232714207,23,36.77660996468989,1,1,0
40254.99726906043,11,33.27396752383178,0,2,0
84589.91334474373,20,46.78724086585622,0,2,0
34691.978473714255,17,39.876176752337976,1,2,1
65496.65723219474,12,27.64469334092418,0,3,0
70960.49805086799,14,44.97420938124351,1,2,0
58659.61717342531,15,32.915073689797204,0,3,0
35788.472620196604,3,31.691764772757956,0,1,0
57747.628837183074,11,43.93004368199712,0,0,0
34292.332719695645,16,34.11167859155087,0,1,0
8478.986481346006,0,38.8895853604029,0,2,0
99281.11742078284,21,41.619395840707995,1,4,1
12805.52711788784,17,27.170569207276156,0,1,0
7327.6035452221295,21,38.84850564682202,0,0,0
87865.22184579488,15,48.49473105261624,0,1,0
30253.282623200223,0,25.4353285626039,0,1,0
65064.66770994341,9,39.49908888831228,0,0,0
32967.67239325706,18,26.705322654197126,0,1,0
39206.28165236767,15,45.21397683840398,0,1,0
26285.08590447797,13,45.11905583749771,0,0,0
34370.09617872172,1,31.456776597509013,0,0,0
41128.97001859565,23,57.096286521908624,0,1,0
72069.56530232505,5,46.06625309137284,0,1,0
51202.4658040557,21,42.06928985136169,0,1,0
94362.165193982,22,41.50610896106136,0,0,0
4283.851344493673,4,44.83926909206224,0,1,0
50356.52543093961,11,25.0435759275584,0,3,0
58464.05640428864,3,36.94607598461024,0,0,0
92027.67890881996,21,38.83190385377328,1,1,0
5010.936509780616,23,30.9986393669744,0,2,0
57392.60853502808,3,39.64795269443965,0,3,0
85377.62985994291,4,47.31694300434006,0,0,0
24268.580039111734,6,30.782309122340934,0,3,0
87641.60561754135,5,34.455756996286944,0,2,0
2002.436586501753,12,26.794147041460555,0,0,0
73272.2174504596,3,18.0,0,1,0
93318.01079474844,12,42.789321805205105,0,2,0
65754.04639784222,3,34.742662051607525,0,0,1
43959.02147364675,9,35.47579417152788,0,2,0
4583.613545624531,19,25.132263818264732,0,1,0
92019.36995093062,0,33.14496470963809,0,0,0
47082.59264688832,20,45.965937891821234,0,1,0
2996.774759161206,7,35.0082133677946,0,1,0
69013.12502574331,6,35.29183758055413,0,1,0
48235.54163226819,4,37.075282778634225,0,0,0
12522.097212496832,2,22.63617871593544,0,2,0
21505.753750094933,14,41.24920464102357,1,1,0
6542.618977539042,16,22.44801885084169,0,2,0
57471.9246168865,22,25.603844187209738,0,2,0
62240.744977275725,12,24.507852309928353,0,0,0
50623.6556057089,14,33.24775033369455,0,3,0
81728.50308696122,18,31.475472964621424,1,2,0
86114.78124867055,19,34.987749616917455,0,1,0
61600.87722864435,13,25.94743840223557,0,2,0
1374.3723227723115,20,45.05495320306378,0,1,0
69553.4426091988,12,43.34027568726331,0,3,0
41858.121770343125,11,33.26186487108279,0,1,0
56599.19257431606,23,30.21633283412062,0,1,0
64943.15214168655,22,29.206425066548007,0,0,1
35088.63777127497,8,31.898550049893206,1,2,0
91718.14066666225,2,20.997547712488235,1,2,0
13484.089188303142,10,25.403926877881595,0,0,0
67184.02954737564,9,43.60120391984967,0,1,0
535.5220376623847,0,38.01812486075869,0,1,0
92472.64542997757,16,51.342744859765304,0,2,0
11339.16291048534,12,32.008048498306785,0,0,0
9578.934591742705,13,31.384867728931326,0,0,0
33367.4625419192,0,30.921010754563518,0,2,0
37419.27197530415,1,31.808355167818313,0,3,0
21508.577225055575,1,28.40045986853402,1,3,1
58553.65392661976,6,37.709882146872,0,1,0
44347.118394392164,8,35.29104067148411,0,4,0
3514.141345204633,23,29.900854981617275,0,0,0
32033.241019304533,3,47.51148913018902,1,3,0
81062.24806595973,1,53.96582922486307,1,0,1
69001.18333270068,18,46.665772055734,0,1,0
72514.59827263006,4,40.58124013083395,0,1,1
69841.880715944,8,42.61769726263774,0,2,0
31166.204836165027,23,53.56415517826335,0,2,0
10056.425815469911,12,42.60319315759424,0,1,0
27319.47168490629,11,29.148141474007154,0,3,0
83195.35148849741,18,38.92272526650548,0,3,0
98049.0326985288,8,41.26244266063318,0,1,0
49435.31677268198,9,25.0528272596408,0,1,0
1069.0654568119178,18,32.15069181356822,0,0,0
14090.476732209481,9,46.00391824055466,0,2,0
32275.84947409495,11,18.0,0,1,0
57900.67632443568,13,22.49571454959406,0,2,0
7601.855215950865,7,33.23592946371672,0,2,0
94341.39414111717,15,38.536795955057045,0,1,0
36571.85896111163,16,21.42367555051093,1,3,0
91267.16337068981,19,33.732107483340585,0,3,0
78074.12809542648,3,46.53768539088567,1,1,0
75568.18352430656,5,35.68651457074284,0,2,0
60711.28602024498,11,44.390889436311305,0,1,0
62715.703323479276,17,29.078858786649967,0,0,0
63836.52319810319,6,26.900831432108184,0,3,0
62909.26656385565,4,43.48873830285048,0,2,1
55417.45031669629,9,38.6926553465619,0,1,0
98642.7604464406,5,23.14403992225541,0,2,0
73255.82768582704,13,26.99159083837211,0,2,1
77716.94420041287,5,50.645812410574145,0,2,0
87259.03522685905,13,25.75444780530684,1,1,1
21642.412296312334,11,44.34328746725998,0,1,0
8472.035493596572,21,30.218133027663004,1,1,0
48341.154216200004,11,34.96824143232869,0,1,0
51456.66149236539,7,37.94592620943372,0,3,1
82935.25981699678,9,18.0,1,0,1
44433.97957030534,15,20.37282664572701,0,1,0
57128.21725187684,19,35.863330187871625,0,3,0
52754.38675749449,7,27.756924362161197,0,0,0
3916.4580973633665,8,44.96581295274622,0,1,0
61559.96817003171,12,18.938791191318753,0,0,0
82821.5242488478,19,40.65255056257987,0,2,0
15834.304752772801,16,21.237787795956738,1,1,0
59473.74021926692,18,31.478950058555714,0,2,0
59401.69339019679,16,24.35622235762036,0,4,1
16502.077909230236,6,54.024298804711975,0,3,0
12434.01101570053,0,21.605078370299644,1,1,1
98007.18910335083,19,33.77940304630977,0,1,0
39432.54504833845,13,18.0,1,3,1
22819.430699480574,16,50.9957012207059,0,2,0
17215.32199099206,12,39.01282416177205,0,0,0
66793.41118696518,1,36.36973089598668,0,2,1
60983.58520299516,13,49.743129392917254,1,3,1
64390.85708644301,0,36.47422441422612,0,1,0
8891.802148394081,4,37.19571356141077,0,4,0
89364.10489149386,6,36.317252880651516,0,2,0
38987.71304122392,18,40.636343254431196,0,0,0
31405.603702392757,13,30.075586160787374,0,1,0
46289.908580049145,23,32.857126926366675,0,1,0
39067.599968188064,13,43.10334628457446,0,7,0
86371.34261360067,14,37.77372951557882,0,2,0
92933.17142226941,4,33.857560858978744,0,3,0
30414.97632331566,4,20.994776089692877,0,1,1
86407.18716524949,20,49.980502845365955,0,3,0
78174.16064035341,23,28.385458900492292,0,0,0
93087.6864672417,1,44.87237238419257,0,2,0
24650.456187370193,17,36.757536516880855,0,1,0
57738.219097085814,23,22.0654947727013,0,3,0
27527.00401557042,8,47.522754775306154,1,1,1
82427.03959938898,9,37.5454064639954,0,5,0
631.8866380493193,17,48.35345356737042,1,0,0
56525.434372350974,3,33.17591299264081,0,1,1
33986.422784064605,7,42.040512299670546,0,1,0
32336.10233707424,17,18.0,0,2,0
64526.14175410521,19,29.997841364062428,0,2,0
85163.296486468,16,22.270066677687282,1,1,1
60958.61960019329,15,31.252161499616083,0,2,0
85331.98056680757,17,39.71811739506145,0,2,0
26533.251476914895,6,28.954199123458544,0,2,0
51998.235291021614,0,43.63842093638782,0,3,0
45108.6002528009,0,26.433873564499887,0,1,0
1263.325460359312,17,43.85236613649978,0,1,0
55725.53309975994,3,48.097571658740364,0,1,0
66186.27998220288,22,45.13526135090986,0,2,0
59232.2490014651,19,31.55810948170227,0,4,1
73654.36188846381,20,18.0,0,3,0
57176.818892462405,19,40.82166996737348,0,1,0
6768.350459590616,3,33.74765285284696,0,0,0
11732.907856062671,5,25.216070598726468,0,2,0
59687.81029664084,2,29.4372093512959,1,0,0
27570.421278166654,5,49.34425316444802,1,2,0
8056.548390573107,12,23.626597993898457,0,2,0
43017.31407050982,22,39.68309175621212,0,1,0
55476.82754855717,6,37.179581756374034,1,1,0
32941.724236125694,23,31.42612335336768,0,1,0
72071.32685235523,3,41.44532687313047,0,2,1
64412.68374931434,0,51.322452588988654,0,1,1
33348.55427305803,5,32.04028496113801,1,1,0
75511.7656379652,23,32.568190519228985,0,4,0
64904.634749050245,4,41.220649049902,0,1,0
63780.79333391842,12,44.18242821435001,1,0,1
55387.427308628095,18,33.72292792851365,1,0,1
1237.8278420464244,3,31.946262639063516,0,3,0
69681.06762934123,23,18.0,1,2,1
37666.57493180473,5,27.219910876334467,1,2,1
94266.7100448497,12,23.606883279324496,0,0,1
81816.67863061282,4,41.846249963118915,0,2,0
58810.67750617809,12,32.56097051399158,0,4,1
25292.979983745015,9,32.169783944610714,0,0,0
20451.36758843889,2,34.90943736377019,1,3,1
34104.44528398716,22,26.298235298746,0,2,0
47709.13756364385,12,50.53247186688754,0,1,0
29676.944452890817,11,47.98193911696611,1,0,0
51541.45658970903,3,51.18106783047688,1,1,0
16620.505508767274,9,41.834172312388915,0,2,0
97773.51000126744,2,34.70521884978063,1,0,0
10881.663041002888,16,51.14729303006885,0,1,0
93201.21955147178,8,28.190331640870205,0,1,0
91366.44333912923,0,26.287910209669874,0,0,0
52583.51213376785,17,28.98488485230141,0,1,0
72518.53615642483,8,40.228712669142986,0,2,0
43661.22496746152,20,27.37894806612327,0,0,0
63040.45429648957,19,33.44627011782001,0,1,0
34123.536148369756,8,18.981447061152238,1,1,1
30185.78607656599,1,39.81097665428244,0,2,0
57865.15563833442,18,19.82896632816891,0,0,0
49863.15445097964,15,25.67838945134638,0,2,0
57995.68327808311,2,47.17167134896644,0,1,0
28737.392070573595,15,46.8031831698611,0,0,0
36759.087398517826,20,38.74313089546498,0,3,0
8481.40626682804,12,37.756635817352304,1,3,0
5322.409589993351,2,29.69040352845741,1,4,1
25420.367254334324,9,27.270963362577987,0,1,0
7517.261247121521,21,31.377583022426204,0,0,0
10467.093392610595,17,19.863458255376823,0,0,0
81311.54769885431,5,37.524485549536635,0,2,0
3983.4823319672614,5,35.488311248084095,0,2,0
65928.3851140808,17,25.66578733289733,0,0,0
27328.51910665851,5,50.68681918841358,0,0,0
87167.41350274184,5,41.069137102870485,0,3,0
48550.72922929221,21,41.91841804008857,1,3,0
30627.08828684979,12,30.126600739608346,0,2,0
51812.12967537451,13,34.986699219736764,0,2,0
38257.606102622354,20,41.273726701874224,0,2,0
56473.67636051604,6,36.52782367100235,0,1,0
11541.833545802188,12,51.01900784769872,0,0,0
99699.35123097386,14,32.96212430583249,0,2,1
42613.03218190208,11,29.954394677638895,0,4,0
34888.24090676613,20,41.34252876471426,0,0,0
71049.96384679487,0,22.35352727713488,0,2,0
36453.55070888371,2,44.24296932308112,1,2,0
83344.10307237289,17,21.99288199408017,0,1,1
45481.64536360648,21,41.3858466605855,0,2,0
71983.88548521695,7,28.517264458273374,0,2,0
10834.576322544466,1,39.76584146983393,1,0,0
84627.30663695566,3,44.07342946061017,0,2,1
73598.22687913317,17,36.53421195503919,0,3,0
21250.50616835037,12,23.0037904835932,0,3,0
14614.072373604085,14,26.03224755492848,0,1,0
31697.605637689878,1,27.713408589662176,0,3,0
97609.45154458724,9,18.0,0,0,0
25757.474299249156,1,46.27477858731929,0,3,0
45667.10817376866,20,36.10107585756329,0,2,0
3099.0205491618976,11,23.64481954811005,0,2,0
39783.03020366663,4,49.55674857458357,0,0,0
57174.869541766966,11,27.986718998618368,0,2,1
95317.14878954571,22,37.505724890748716,0,1,0
51721.930889512434,0,26.74729454803798,0,0,0
81928.821885151,1,18.0,0,2,1
54758.05149263317,15,21.355594411487395,0,1,0
4174.422842208258,21,30.515095691335688,0,0,0
31569.326691458427,1,43.982968712060476,1,2,0
57597.395832327216,15,38.46533146819245,1,0,1
95064.33719651932,19,36.40205126171245,1,0,1
85927.1229391482,15,18.0,1,1,0
22912.72585646688,5,47.70086147680095,1,2,0
22088.972018914435,12,37.23679696495556,0,2,0
20197.179414678685,11,33.8058233010784,0,1,0
92257.63974062007,22,46.324231099888955,1,1,0
85281.3486948619,9,47.47496723568274,1,2,1
77510.85488206959,4,46.54590247609191,0,5,1
39334.23791100034,7,32.529135032967126,0,1,0
50487.632359446805,5,24.965234392158045,0,2,0
46486.741305035765,4,44.88922917142073,1,0,0
25414.47094518133,19,21.34945556929583,0,2,0
50552.301810261815,21,54.47256738664282,0,0,0
3146.6051304901707,5,35.27999545194563,0,0,0
13267.85631239617,21,24.39115744300416,1,2,0
88670.30065727774,16,22.681314458433896,0,1,0
75192.80872643918,5,22.223951759439405,0,1,0
42344.5540650028,16,36.40362906720843,0,2,0
51763.32119215933,4,34.93607679940213,0,1,1
37062.88870740175,22,22.64077826490807,0,3,0
74103.90872935118,16,31.43544213444098,0,2,0
78440.29920528475,16,21.320646139086577,0,2,1
76352.1905012956,12,40.89301805944173,0,0,1
72288.91131096151,21,34.45406733887286,0,1,0
20529.983435410304,6,31.21597494082552,0,1,1
33863.20092612383,21,22.11889269932473,1,3,0
47037.55895486913,20,31.998443997772345,0,2,0
33146.2198436228,5,30.852721186536733,0,1,0
75518.52599581706,13,38.17726701209597,0,0,1
33002.417072570475,15,36.67017978116961,0,3,0
13909.385469855182,2,42.92060102079342,0,2,0
39964.14115962558,8,30.154234564949377,0,2,0
97993.4518349598,14,18.0,0,1,0
22665.553152064233,20,44.9109287659804,0,3,0
61254.65002842859,17,25.639674869518196,0,2,0
43354.00767898666,9,23.930829469847446,1,1,0
7195.354308167731,9,34.568834548862476,0,4,0
48838.87293920614,22,38.022705129545166,0,2,0
70246.21643196642,2,29.691635942853175,0,0,1
51370.6755851991,0,29.613073185318733,0,0,0
87223.39576828344,2,31.08973682234445,0,0,1
28964.807964092506,4,49.16540350993144,0,0,0
8716.292213266095,6,34.97321912441868,1,1,0
93662.90460463481,2,25.320371605382036,0,1,0
37881.81531786908,3,25.42216643097033,0,3,0
57682.91459021797,16,32.49115820417631,0,0,0
79221.11230040657,2,37.378579340280076,0,0,1
32498.9350211705,22,39.839801619661905,0,1,0
71644.83736394336,3,36.24158603847216,0,2,0
13628.343096801022,1,26.581266490829112,0,0,0
29200.245345829975,13,30.76058700439217,0,1,0
14556.592550038338,4,42.33907881864624,0,1,0
81141.93278429564,20,23.539080395469046,0,3,0
22342.658599155857,1,30.342466069225374,0,3,1
71768.6151849805,14,40.97462857881352,0,1,0
94335.50988484069,10,43.75281426635176,0,0,0
52824.44368598081,21,33.07084628908617,1,2,0
54048.9163068427,9,30.88793189429184,0,2,0
46157.253452971425,19,21.7788205855626,0,1,0
32656.42532502491,0,40.25639922727095,0,2,0
47617.93758939922,18,48.187796851467894,0,1,0
60320.47247344927,13,60.65154058599691,0,2,0
98600.55805984887,22,38.864461835180464,0,0,0
93782.6794758906,21,34.49120348356019,0,0,0
86229.08053348286,13,25.80189386849093,0,4,0
88924.14051691534,0,18.0,0,0,1
46838.13341087509,8,36.769592497398335,1,2,0
65778.68828502874,16,58.503391201543025,0,1,0
89517.16562132779,13,47.70812229656913,0,1,1
39355.78142263617,12,46.16564269113798,0,2,0
96180.07158671234,12,37.45602817057915,0,3,0
41637.02760071138,5,38.595231602803224,0,0,0
60148.158272782246,6,18.0,0,1,0
71009.49085590996,1,42.62510580763997,1,4,1
95064.14210628624,7,29.206594304241843,0,1,0
24537.165777821378,23,27.982726534041127,0,1,0
74638.48472604036,5,31.767430469513926,0,2,0
52129.47705579381,2,31.429955105489853,0,2,1
26928.858348002042,17,27.823644080283376,0,4,0
77683.02329565941,17,35.13872072175976,0,1,0
55267.00578936727,21,29.417224037919468,0,0,0
66131.28468290261,22,36.00322955756146,0,3,1
32357.81675093231,5,20.12822185449967,0,1,0
48179.267787577744,10,32.85942229367983,0,2,0
61773.6896737079,2,24.03704410313749,0,2,0
40550.590345557415,15,28.58550681502134,0,0,0
19917.41673078536,4,36.433988430335305,0,2,0
96167.88518229887,23,18.96002385245042,0,0,1
51195.60725025748,21,26.775926227278624,1,1,1
73418.64499174128,1,40.68964384836334,1,1,1
41163.614636250204,14,20.86822158134199,0,2,0
35577.66322616906,15,52.77867140278808,0,1,0
40775.71341686579,6,47.04407956130647,0,4,0
40978.74471418642,15,30.054729155477208,0,1,0
54463.59358260116,23,27.127903122149366,0,1,0
54392.64001113818,3,37.019399033354816,1,1,1
49765.66620669888,15,20.525377429728405,1,1,0
13565.099913252065,16,18.0,0,1,0
49657.94030220306,1,30.406648759474336,0,1,0
16993.479652023085,15,33.65951233497809,0,5,0
12700.96505094694,3,35.9442722435353,0,1,0
93271.30716238265,6,28.852593838821157,0,1,0
60534.506313455655,17,47.739467294749474,0,1,0
65983.05680664597,5,20.048603415161168,0,0,0
40239.18766630304,17,23.617378650419013,0,3,0
90907.19110229494,6,39.866359561448114,0,3,0
63829.25590900858,1,23.383526143628586,0,1,0
76940.0699654064,18,22.996795478026833,0,3,0
36919.390655868614,8,36.23354792207164,0,0,0
96005.18689383063,3,24.464773796839687,0,2,0
82064.08288681567,13,33.66915572079313,0,2,0
85409.45145515291,4,28.001434403422433,0,0,0
17302.207315832853,6,26.383362966272603,0,3,0
27169.224466334832,7,18.0,0,1,0
28634.097308389348,14,36.39563152821337,1,2,1
27163.83140236243,18,22.52810007887071,0,1,0
85555.27539421836,10,33.317577964694806,1,1,1
3285.2910413383515,19,29.87895101651435,0,3,0
7702.388899179353,22,32.93491941300117,0,0,0
27464.095575927382,3,33.503246259867396,0,0,0
20067.31016747942,17,36.93628250918263,0,3,0
23262.77542689655,13,27.722406985085573,0,0,0
79814.52460640467,5,47.426964792733685,0,1,0
56356.34672981549,15,18.0,0,0,0
676.4890631675025,17,32.734088814727706,0,1,0
42989.344293849106,0,43.36230976410867,0,1,0
40847.70419235086,7,39.76772553002604,0,3,0
11483.132417509898,0,25.25164423471403,0,2,0
67646.56468128557,0,26.91754507011976,0,3,1
70239.50911911116,18,24.93207440673396,0,1,0
72117.23258330456,20,40.992276306643895,0,3,0
72874.24746130334,9,27.600762714844915,0,1,0
105.27741053645043,17,37.5512308812345,1,0,0
95396.68830428754,11,37.64301414075955,0,1,0
81439.45582876084,16,58.68393468235372,0,2,0
90407.7714892696,0,38.13251259801704,0,0,0
1662.76520121267,7,26.888559852495366,0,1,0
93392.49369899537,9,20.398497379336007,1,1,1
80997.87401594166,9,32.24147285362255,0,1,0
83738.19238157399,17,33.80914157572681,0,4,0
9419.409733724655,8,18.0,0,0,0
73903.92508896791,1,27.861458397069867,0,1,0
95995.6772952449,2,37.97352542827553,0,3,0
67886.87940767425,1,29.676443297338253,1,3,0
57099.08432199818,5,44.68623785705837,0,0,0
94568.4048071248,22,19.416435552794802,0,2,0
44349.41846127016,11,41.768828201532166,0,2,0
59969.42727441682,21,44.13889741525953,0,2,0
47686.19552008718,18,44.564964758415364,0,4,1
93291.33751389389,14,19.341436153456215,0,1,1
7700.8642038741755,18,38.145527958573844,0,0,0
50161.85811245228,11,28.31245881478485,0,3,0
68726.54889440529,17,20.93857558017099,0,1,1
79211.46318838147,15,30.861322750262914,0,1,0
58343.56287966922,1,25.950220080991905,1,1,0
90900.88263773326,10,44.207504681638696,0,2,0
94204.94554369878,11,40.130633430135696,1,1,1
6525.490397038993,4,23.475555318911322,0,1,0
40296.8169001833,23,27.75778686169071,1,4,0
2443.5562699433285,5,31.193025743833765,0,0,0
33008.72407170685,10,34.275948526821026,0,3,0
53733.13497526315,20,45.06378274803781,0,3,0
91088.41355794389,9,41.90782326480633,1,2,0
84670.77681429374,3,35.5139196897484,0,1,0
12837.222694531374,8,32.39351150105078,0,1,0
9393.734436615481,11,18.0,0,1,0
58967.80714179104,9,47.919976261260565,0,1,1
53258.58544863239,13,30.529034021343428,0,2,0
26711.126378859382,4,50.548402404262575,0,2,0
89955.36314692814,0,36.961092921318354,0,2,0
92743.90430520919,4,55.25284208621444,0,3,1
40320.88269018225,15,41.063215333663166,0,1,0
89041.22545564067,4,20.679803687791214,0,2,0
38456.49453687097,4,28.85584519738788,1,1,0
73708.00149978705,17,33.30865039328035,0,0,0
47646.62753301764,5,26.262171128916762,0,3,0
12346.05733506758,20,31.22939182817956,1,4,1
92800.62670357845,17,21.330608414178904,0,1,0
45464.24967841591,9,35.057212810991224,0,1,0
73475.25532820812,14,37.3741194901094,0,1,1
36780.66406168609,23,24.95890592793881,0,2,0
1986.1997697658426,21,54.40254293481912,0,1,0
10142.982833314407,10,35.63513261280459,1,2,0
49672.326001043446,18,26.832591338770882,0,0,0
69027.4392769236,12,18.704607000347828,0,0,0
33540.05912526998,19,35.599428893971684,0,0,0
69579.29707184726,2,32.39511467186647,0,2,1
69893.69538425241,15,42.83040907286443,0,2,0
70423.1971420503,6,33.56629735028032,0,0,0
49302.93321664879,11,23.06281217731273,1,3,0
91497.12639713824,14,51.707182961775814,0,1,1
48970.73214626349,7,39.356248795071856,0,1,0
45081.49283031416,22,32.458912884016414,0,3,0
20018.143819161636,16,36.64638531449738,0,1,0
30834.743226898016,0,39.740419565616584,0,0,0
4329.215802578504,20,20.71143386106565,0,1,0
63390.17583225541,7,36.5769421996281,1,1,1
24928.72081831658,13,30.498765267061085,0,0,0
30485.109923097963,9,40.072999856297514,0,4,0
77104.3707142657,18,27.598180753937218,0,3,0
32789.39619782924,7,28.952981449029174,0,2,0
24295.369612112903,18,51.62871098564058,0,0,0
16988.869138457205,3,47.30912090882136,0,1,0
77508.35437797739,9,18.0,1,2,0
13057.655173203686,22,46.56761982464312,1,0,0
45430.00064901032,2,34.26347973742243,0,1,0
50742.31859611172,3,27.91817937100988,0,1,1
68770.25227730289,15,24.928252642923496,0,6,0
63365.01988506625,23,25.508823717200116,0,5,1
81090.99522722296,3,28.200640552415848,0,1,0
4570.668249231191,19,23.728674163181566,0,0,0
29714.428405461782,19,21.454003389273577,0,4,1
28085.398465660437,12,24.59619849156089,0,0,0
14687.088868651612,20,38.23393855065687,0,0,0
28988.90756025867,16,35.50090148570797,0,2,0
31045.55488287605,22,40.55856451551856,0,2,0
52236.25774655508,15,34.33630160789946,0,2,0
66404.07744473297,16,21.933206693552084,1,1,1
38171.94130982023,5,39.94440923493606,0,2,0
71975.07610820678,2,24.953107211250853,0,1,0
33682.91732410004,19,41.466143019889344,0,1,0
29099.33936374456,23,23.340799970430393,0,2,0
54164.68678011673,3,28.12523373596475,0,2,0
2469.2643945484815,7,31.38608359432085,0,2,0
8070.933451036637,19,41.744048010569486,0,3,0
41855.157404294056,8,36.75997252127395,0,0,0
94296.97986803648,21,35.200013221509245,0,1,1
72179.02680635802,0,53.85668785055306,0,2,0
8903.84429310572,12,18.0,0,6,0
84647.16947680929,1,24.61622357299449,0,0,0
73256.84698375728,22,24.188115219610086,0,2,0
61133.55791769505,9,18.0,1,0,1
82047.26676485682,22,27.804804871139726,0,2,0
40470.57378952141,18,41.87769163796706,0,1,0
22227.954980299888,16,29.083526014842484,0,2,0
51251.13657196506,23,31.669970280136905,0,0,0
54929.29138378803,12,18.0,0,1,0
53878.80456379022,13,27.034744248396528,0,0,0
56550.87176886252,10,30.38301284412416,0,7,0
94875.62133209416,9,41.42400422547114,0,2,0
90234.33774731352,6,18.25083602081779,0,1,0
87584.13195223805,9,30.449912542788617,0,1,0
80161.53940977185,23,45.868180300688906,0,4,1
94348.467915802,0,30.54916714376736,1,0,1
9939.614703772384,13,18.0,0,1,1
26585.813818429375,2,47.79175777348191,0,2,0
49556.088970893026,12,42.34896942538333,0,0,0
84668.79586302818,1,43.69397175078791,0,0,0
50566.054581120974,16,18.0,0,1,1
74828.6704602247,20,50.124557258472144,0,0,0
13982.09453436673,2,27.267239148888024,0,2,0
25316.139916358363,14,29.90561055779769,0,4,1
73204.43189426347,7,27.972228340079965,0,1,0
16556.927487883633,5,44.46937181955207,0,1,0
35200.45787202718,8,33.202016474947044,1,1,0
26560.139155575787,10,39.81741032587626,0,4,0
35051.1832528256,21,35.75901022884368,0,4,1
70861.57250288923,1,34.0495799630708,0,1,0
36847.93339616582,8,25.53215936253804,0,2,0
55570.80592853323,17,53.121405873077656,0,0,0
10083.194517735523,18,20.366063714947707,0,0,0
80521.26755413931,21,39.122539740346845,0,1,0
37051.87370224767,17,38.76656592107279,0,2,0
64888.56248743091,4,46.54356286152425,0,2,0
72566.42120601708,17,48.88090032379278,0,0,0
21045.12611895887,11,33.62611400583224,0,3,0
88479.03099683966,3,40.30394305924753,0,1,0
61660.8027355346,14,52.6487371045251,1,2,1
42929.641660973,10,34.34823233077748,0,2,0
18315.284839464133,18,24.335665249348235,0,0,0
94235.86369633055,4,31.155318873005786,0,3,1
75531.31359274936,5,21.953540013855328,0,3,0
20881.653817051563,12,38.71816810994723,1,3,1
33837.30639495003,22,45.64456208140635,0,3,0
80986.45838299852,9,33.78958507932462,0,1,0
69598.19855521237,23,18.790399505463597,0,2,1
76601.85084230086,13,45.216508350576774,0,1,0
44175.990111071944,3,18.0,0,1,0
71675.97863795247,19,19.540452220769588,0,2,0
38710.722914104976,22,33.21661612505281,0,3,0
21205.165402125822,11,37.517852456754994,0,2,0
63304.43578065186,14,39.22247498758354,0,0,0
97603.79116731953,9,34.33860447953526,0,1,0
31129.03704239343,10,52.60043765134857,1,0,0
46150.86226203271,8,35.65168341083202,0,0,0
67432.73696987837,10,45.346681017529356,0,0,0
54196.47758403654,1,42.86954564094698,0,1,1
84358.43679133402,12,22.071262677954703,1,1,1
76198.09637630465,21,33.30269512714479,0,5,0
5923.890665849468,7,56.23320513281019,0,1,0
99842.28126898503,20,29.956491460597427,0,0,1
75265.00512657478,20,28.253794756433095,0,1,0
86403.94129778192,7,36.70575581477022,0,2,0
65154.651438325105,0,30.31480070739948,0,2,1
85642.88429187155,5,27.062954204977615,0,0,0
11327.05919537807,12,30.167166057024133,0,0,0
34839.009772375626,8,49.320096713686254,0,1,0
87654.45226608882,5,33.633813085224276,0,3,0
20245.355605562534,14,21.719249672452882,0,2,0
7916.385648144271,22,19.882534619118356,0,4,0
78833.08210052738,15,57.068049320544695,1,3,1
83565.06694876529,3,32.76665630565898,0,1,0
16348.95659717107,16,39.345785009654186,0,0,0
85449.16367999327,8,27.286227736603905,0,2,0
68708.10278015725,11,38.20985969271416,0,0,0
52056.26005333673,21,49.59329651601532,0,0,0
83041.99425886036,18,28.477368162562453,0,1,0
41983.000006964685,19,39.585867799485825,0,3,0
19479.996226717383,11,20.94253724109612,0,1,0
28556.782393400303,21,55.228661183667924,0,2,0
50565.88542750215,5,37.68535930244575,0,0,0
53179.94618805026,11,30.87206155647708,0,2,0
80577.52456147924,8,32.02125876713836,0,0,0
79156.13709286822,19,29.899618254856648,0,1,0
58178.519064737025,4,30.41094835876507,0,0,0
78100.46978821109,20,18.0,0,0,1
19258.16848353773,2,34.020342679032446,0,2,0
5101.446256620105,1,33.601213193942876,0,0,0
87376.01888120655,7,39.88661537260477,0,2,0
7647.89392690068,9,29.768562535584735,0,4,0
24744.17413142533,14,27.289636858589773,1,3,1
69562.36306747602,8,34.92225055547025,0,2,0
41003.84896896818,9,18.87631881909516,1,1,0
87643.76559455933,10,36.434231875345844,0,2,0
29868.181486760728,8,18.0,0,1,0
1285.9475322689937,13,46.20818648830796,0,0,0
30135.498492018338,4,41.84269955660775,0,4,0
57849.69741356468,8,25.73814123575987,0,4,0
37656.243702789005,3,41.611380133380365,0,3,0
53533.78830029965,1,36.11514224253881,1,1,1
87672.15207161837,18,24.9098976891514,0,2,1
91257.25691761382,0,18.0,0,3,1
26670.8090589458,20,38.164356834264524,0,0,0
46267.83327966308,0,27.05718152864965,0,0,0
54959.48712262097,11,45.949695696960795,0,1,0
94916.33444313589,10,35.14033733881851,0,1,0
99861.87018452203,0,28.00417303502683,1,2,1
23617.184159268512,13,52.97838733090472,0,0,0
72725.28914744697,10,40.76446492603005,0,2,0
37865.3031170962,6,18.0,0,0,0
910.0088689327013,1,30.136082312091336,0,0,0
1024.3269913466452,14,21.159110079875767,0,1,0
46110.544155469346,7,27.002020622796913,0,2,0
48884.65780913303,21,33.552676010814636,0,2,0
2354.712687686921,19,38.54048508587546,0,2,0
68724.04893575281,14,37.613657421135734,0,2,0
29470.938520635817,7,45.77873076564802,0,2,0
56033.32084344135,9,41.36598377508667,0,2,1
30161.815409225335,18,40.74746929125505,0,2,0
16796.718055443787,2,37.014923231332745,1,0,0
40776.65648602764,19,47.867988527259016,1,2,0
23304.109142571026,13,31.837234568090825,0,3,0
53526.61759422489,8,32.09696731264809,0,2,0
19962.970175619346,8,18.0,0,3,0
50889.75706679824,20,45.561640438100355,0,0,0
15822.11363539987,5,34.23074244220845,0,1,0
67130.37347762992,7,64.33605706171272,0,2,0
75418.37467569826,10,30.94467308237542,0,2,0
11128.384001568384,7,35.88578129416735,0,0,0
46833.46096253018,11,40.46504953608414,0,2,0
7180.0828954218705,9,23.981000270112872,0,0,0
59858.42630964604,22,38.58547713879228,1,1,0
26513.98936317157,3,35.34661432057185,0,0,0
52809.68323818692,15,31.963118103231622,0,0,0
51794.35483749069,19,46.726039587430066,1,2,1
92442.99918476066,5,25.962512820893444,0,3,1
54953.41393461542,8,37.749021130822214,0,3,0
58341.548123859735,22,49.54664291385046,0,2,0
40225.14726386159,4,27.933782440437014,0,2,0
94913.0523579634,20,32.031140173077006,0,0,0
77740.872353017,23,58.45304563471828,1,2,1
28611.988501253873,5,39.74391065156057,0,1,0
84436.53761904559,16,29.938025233573825,0,2,0
43296.396382490486,16,43.02624760078478,0,2,0
82883.84763900604,23,29.319064484089743,0,3,0
82306.51802252085,21,19.35084075839929,0,0,0
18968.131657609152,12,48.7236394526517,1,2,0
70143.99902521934,16,23.969407358689857,1,0,0
29135.23263372246,13,59.51712624997291,0,1,0
29819.517732267555,1,30.106676245377944,0,1,0
29705.172880370017,18,56.33264681561855,0,1,0
72584.26793123882,2,21.31328931479942,1,2,1
23059.621575074354,1,45.25493586266253,0,2,0
190.4929410844135,1,39.9972627298465,0,3,0
71552.16166291505,21,43.37746225555152,0,1,0
17201.355909129015,6,44.680227066762605,0,1,0
10537.791291252683,3,30.02254857718828,0,2,0
23827.860447346608,16,21.911561579970016,0,1,0
38052.06218003813,5,34.49082269660782,0,2,0
47643.04211457275,6,37.23030257585134,0,3,0
4552.547067191819,19,30.281553788444953,0,2,0
97060.27592947331,5,37.77553970159862,0,1,0
71634.69903661385,8,38.2962553117474,0,0,0
32387.08712590118,19,25.89973553456134,0,1,0
31937.856002811193,3,38.94971281690466,1,1,0
44909.400681909094,4,32.327879763053545,0,1,0
62661.85779402699,18,28.00019099796629,0,3,1
14722.66935223788,9,42.87375138223993,0,1,0
18974.08839511874,17,27.230087883064556,0,3,0
85957.51482507173,14,30.43332410095274,0,2,0
25699.86689651835,0,35.72050850186656,0,1,0
38081.480297720234,4,48.74311620654239,1,0,0
87140.0579099167,4,36.92784077724298,0,0,1
66348.46815704227,7,40.28288332474668,0,0,0
34237.016746234665,21,32.02357464003504,0,2,0
68401.58461788962,21,34.215103756236594,0,2,0
2066.3532166032296,21,34.51122766480406,0,0,0
73590.70173513539,19,37.93306236017025,0,2,0
48752.90244757233,14,32.0403242695174,0,1,0
81336.89651371769,16,48.399998854762096,1,2,0
95468.30143544619,18,31.26833761497858,0,1,0
92586.27609450738,12,18.0,0,0,0
90935.57784118854,21,62.427966043700195,1,2,1
51265.778597795324,20,31.72631309056248,0,0,1
36078.19720247991,9,48.13169787091347,0,1,0
46557.02894059421,16,49.04790841959759,0,3,0
69020.61073100474,4,44.45214312250382,1,4,1
88411.37790943155,17,33.019727804025976,0,1,0
20777.931669711943,16,37.866848198743426,0,2,0
91827.49653032413,3,22.254897906950728,0,2,0
81536.50517379191,21,54.90147773818276,1,0,1
97887.71591630563,6,26.481940018173304,0,0,1
88037.15215084054,4,32.46099037259125,0,1,0
28065.739236221474,7,35.989864870402506,0,1,0
10684.995543270365,7,33.9256024516304,0,2,0
11312.883091959702,10,28.431267177066058,0,3,0
29193.20952596978,8,48.943390520546885,0,1,0
61456.95402605547,18,44.5027928348828,0,3,0
80451.60057710753,18,38.22047204325693,0,1,0
89935.10566745831,8,31.0044694400325,0,4,1
62412.963098486354,22,45.64275871844471,0,5,0
662.5681435305676,19,30.355313672224344,0,1,0
18713.045974201497,16,50.703918403378154,0,3,0
10062.647764951458,15,36.112209154834275,0,3,0
36396.1151093441,6,47.29781526972715,0,1,0
50184.964264011214,21,33.861796738164166,0,2,0
4435.378139998229,2,35.715331820409446,0,2,0
34912.94978198597,20,47.25421061458667,0,3,0
18000.049495069725,18,56.93925151804444,1,1,0
64742.3096092615,7,50.60366817504881,0,1,1
46480.809695501564,4,43.7713461937785,0,1,0
49582.232928697485,5,40.89283432957596,0,0,0
42826.409624542765,1,29.93051309740374,0,1,0
95606.36907760805,23,37.952297411054325,0,3,0
21552.038999644166,18,25.86950816003268,0,2,0
51714.75955840304,12,38.75782133684774,0,4,1
73628.13509969706,5,39.400506606935735,0,2,0
55728.7568721428,5,18.0,0,2,1
92909.18648310842,1,35.38738609191707,0,1,1
37859.03872856429,23,39.14874899089105,0,2,0
46421.21299674048,4,34.16290142860978,1,1,1
8943.379289951368,10,38.580488388565705,0,1,0
60939.01119408766,10,21.58277756643686,0,1,0
28892.375647965793,23,27.241356944397413,0,1,0
16114.873047605328,13,45.349381631639325,0,1,0
54498.67616116036,12,35.00571665645777,1,2,0
53277.79531165307,7,38.39878981314909,1,1,0
7679.5769582823505,14,29.534788392914212,0,5,0
69851.72380409783,11,35.194940232768566,0,3,0
62414.8418460202,2,18.0,0,1,0
18982.826546375072,20,43.460119384207665,0,2,0
46996.54272918898,22,53.079328389524704,0,0,0
72060.25935620815,4,24.34982450785359,0,2,0
52990.63048007352,5,25.59667812490432,0,1,0
39609.35871073866,1,39.408798982374826,0,0,0
32301.611962286268,7,49.738792905067456,0,2,0
61078.347277740955,4,34.97902682617055,0,0,0
93916.95896119303,21,22.70681979187496,0,0,0
67207.30956370059,16,32.91382763362127,0,1,1
7567.1157732679185,1,24.700679196882074,1,2,0
46122.428850865166,10,28.311537071312234,0,3,0
89093.33073791169,3,31.959589008466835,0,0,0
9536.79633752858,10,25.706754117583728,1,2,0
98888.68364254058,8,27.22094275825435,0,0,0
94912.03242517759,5,35.745340002222434,0,2,0
7919.620624914599,23,37.1503581213723,0,1,0
93347.99071291054,1,20.760196661790328,1,0,0
36376.945766920275,14,38.96381722509337,0,3,0
84486.44579087867,4,31.18066136868602,0,1,0
41896.49543755582,11,42.20261523552609,0,1,0
44141.425758981335,12,42.804975206878595,0,1,0
63460.884788656505,16,29.554588190449515,0,1,0
77470.29418567073,3,41.14147694037733,0,0,0
3475.536179730039,9,26.630439603011702,0,4,0
59356.28395316072,0,48.2376206283529,1,1,1
18754.62611032736,10,27.008637991435354,0,2,0
34660.35683453397,15,38.527496086255134,1,0,1
34862.06974890613,10,33.1239085535572,0,2,0
46959.12798809325,8,24.83105485762399,0,2,0
33480.22754642972,1,44.00915761785309,0,2,0
10825.375733221708,6,28.85868191133209,0,1,0
14648.3109786926,18,18.0,0,0,0
3440.4547575536576,17,18.0,0,0,0
47077.883624342554,19,26.24955305572029,0,1,0
95449.32471581355,6,48.75908419298973,0,2,0
11655.954842446843,22,47.5773846750366,0,1,0
94631.82285100789,8,27.81401597652468,0,0,0
73362.81532173614,11,31.255450852986208,0,2,0
63786.1304131229,2,30.35086924443977,0,3,0
64563.247756823934,22,21.665678545504313,0,1,1
82690.09207478858,21,25.51168128376657,0,1,0
10781.294451544156,15,44.81149519400785,0,3,0
50524.95692419762,6,40.038878713794006,0,1,0
69739.40471224977,22,37.73088858529889,0,1,1
58723.362462849014,4,21.648533883391416,0,1,0
83294.62919522713,22,36.007032140339774,0,1,0
7319.943730234014,6,18.0,0,1,0
69101.03384596668,18,43.42802691260533,0,3,0
53449.3702654333,16,37.58574900737142,0,0,0
37978.17031159635,15,21.547675479001697,0,0,0
34093.47072517968,20,51.1642555749004,0,1,0
62121.180014141864,23,18.0,0,4,1
89110.43792696205,20,40.303061822496026,0,2,0
49667.97501750141,18,40.55171768978662,0,2,0
82489.84409128432,17,22.603295606475193,0,1,0
40275.42254621236,18,34.621493091898834,0,3,0
10329.206833038337,3,18.63172157847137,0,2,0
6244.423072217991,0,18.0,0,1,0
5228.30369523539,3,24.321237730683414,0,3,0
38076.99918157123,3,28.83375057738003,0,4,1
33790.051308500624,8,41.44256180810792,0,0,0
71821.90865989469,7,35.6740808506082,0,0,0
74307.86800832809,1,35.93545459386146,1,0,0
5180.311486490608,22,24.855783767164148,0,1,0
22190.213962612594,5,29.699886959586134,0,4,0
27498.75883087408,22,25.70073390130839,0,1,0
54806.43721586666,10,22.75025992970192,0,0,1
14537.070868304332,3,29.06300573012743,0,3,0
13480.727818060037,13,35.74512385096334,0,2,0
94384.510031875,20,29.273614805757965,0,2,0
80439.87043904832,21,31.76497330575027,0,1,0
18147.424718907914,8,41.94914810911391,0,2,0
40716.12400975855,1,29.992455813092963,0,4,0
35626.6377258308,0,21.660333690121085,1,1,1
79121.30699913419,3,40.634535216012395,1,3,1
51070.270356164394,11,37.65849648508284,1,1,1
12872.188725647355,4,38.28659498172314,0,2,0
73925.30710930876,8,41.25838657535709,1,0,0
39749.1090246694,21,39.56641527307945,0,0,0
26366.13233845149,3,35.287286924713044,1,0,0
37612.312339869946,15,58.91452662852093,0,1,0
49825.88070432895,1,22.150312536980458,0,2,0
34377.24009005924,15,29.135827215114418,0,2,0
24266.386681916607,15,44.67334364678167,0,0,0
39910.352677517636,20,36.425862920955744,0,2,0
2015.3737839148343,23,42.57923034011239,1,1,0
77272.53482502175,23,36.697564295368714,0,4,0
17177.39486740182,21,48.74056551159981,0,1,0
4486.070901700661,10,24.92489144366754,1,1,0
65404.49942121741,0,48.424598894067096,0,0,0
77416.21926948486,14,46.709964932042666,1,1,1
81401.53024612504,23,22.8971088576962,0,1,0
49401.567347793934,3,41.30665409887673,0,0,0
20616.28165052953,17,34.56960067763411,0,4,0
73749.04495725769,16,28.93417980880936,0,1,0
70001.33640771828,6,18.0,1,2,0
24702.446336907007,17,24.891863288826833,1,1,0
90350.43481069301,12,42.08112140184589,0,2,0
10526.708662474617,19,43.13841269260557,0,1,0
98270.55513517343,19,32.892895194238285,0,1,1
86038.75631664871,9,43.169851431432846,0,1,0
68821.0746833596,0,44.452600778941374,0,1,0
93881.1138391553,1,36.546399586263476,0,3,0
72258.8857155384,16,27.776663761497957,0,4,0
19126.654003301588,21,39.410541128156446,0,0,0
44271.39819746989,2,39.869847076588634,0,1,0
7243.152130730372,16,41.7394439035031,0,2,0
39026.77648658273,11,43.6540327000224,0,1,0
74186.14167174714,23,21.378354280787782,0,1,0
38705.690757988654,11,29.90070754634258,0,3,0
33096.3881292666,19,18.0,0,0,0
59576.036678780154,9,42.46996038355347,0,0,0
87233.23244698961,6,32.87688552019584,1,1,0
4853.5609353566315,9,39.30814070697415,0,0,0
38608.49642650357,17,20.243212518098417,0,2,0
15908.250107344744,21,49.0098084969305,0,0,0
69565.88964811378,5,23.05660835380725,0,1,0
10661.883587070373,6,42.74563304382459,0,3,0
66514.29508216643,16,36.179501708925415,0,1,0
28689.468992710943,11,33.10557222473821,0,1,0
19971.789692348746,16,32.29839893387826,0,1,0
93641.62052671604,17,28.6193699068387,0,1,0
1950.605216920991,13,47.95196176900768,0,1,1
43833.94946176794,10,35.126128343522424,0,1,0
2260.5365469331987,1,22.3077846964678,0,0,0
48410.94550562247,20,31.1603979796516,0,1,0
50154.63304166238,0,36.283390272029386,0,4,1
32234.080892335227,10,43.97805281445326,0,1,0
13302.961574749865,1,28.95380279482793,0,4,1
37701.115019674085,15,29.62223444195452,0,1,0
67259.06769926335,21,35.23432127147405,0,2,0
78261.34128358147,2,43.73424819947326,0,3,0
53121.985178575414,19,21.312454644039704,0,0,0
59024.45600453159,0,40.05354630991746,0,3,0
20141.575475352805,20,30.359374698713438,0,4,0
28804.30028944218,19,31.755674182515133,0,2,0
16273.371444230606,7,55.01575745129749,0,2,0
25004.605465460674,18,33.03530775448475,0,1,0
22566.189344530623,0,42.5469375030858,0,3,0
51992.93376048464,4,42.18913837203348,1,2,1
56312.60670349387,0,23.199760859014933,1,2,1
94500.2473400683,10,18.0,0,3,0
19637.507645442154,20,43.20982092416911,0,2,0
64203.403445133445,8,24.164538075514812,1,1,0
81744.20097185354,4,18.358170454289727,0,1,0
56068.122231926944,1,45.26162214844198,0,1,0
25574.864884857463,12,24.805732662244072,0,1,0
26328.76797899802,17,27.27482524315606,0,1,0
4021.380001792891,11,54.74373155089295,0,1,0
30613.87823219332,13,18.40264638618429,0,0,0
74485.90753243768,4,22.437139585930744,0,2,0
4847.0239449903265,23,30.403018575260795,0,1,0
22007.598722232582,9,32.59743160165578,1,1,0
70652.62660332501,19,26.06254717882347,0,1,0
78286.89112600537,1,23.413449026770834,0,1,0
45586.30916518665,3,50.099943244319306,0,2,0
69837.62641401702,11,37.62986124104715,0,0,0
38856.42164862371,10,40.85168744209188,0,4,0
16075.33317791034,3,33.62774823441464,0,2,0
39875.13440293836,10,37.894549488591366,0,0,0
58038.785238293975,8,44.32901661109591,1,0,0
94810.52285710374,9,25.037009854546653,0,3,0
6968.220113658865,5,37.64835996517982,0,4,0
50788.66997511157,14,41.96042313407891,1,1,1
32959.08584325136,9,50.4479734638426,0,1,0
50880.33825824178,21,54.47890979801761,0,2,0
2495.1471929155146,20,35.69859796981761,1,2,0
31371.232934687974,5,46.386389496871345,0,0,0
82004.8279379478,0,18.0,0,3,0
55438.77921207829,20,50.52282909376714,0,4,1
45113.19103233013,21,27.741163382791964,0,3,0
28623.954664362424,23,32.58902551012109,0,2,0
29874.448026856455,19,39.41104484367021,0,1,0
38371.833215699386,20,33.46557632684486,0,2,0
83573.51392545959,3,36.96453379568135,1,0,1
96724.599360146,22,50.876929682261434,0,2,0
43921.67259690241,21,31.157799546540286,0,3,0
39395.948590901404,13,24.130761834994466,0,0,0
84670.4225044043,19,53.13463857298551,1,0,0
42747.84153156673,21,40.26764217004678,0,1,0
55246.61541233555,19,54.222389753134635,0,0,0
23171.07229341457,7,43.63629910578904,0,1,0
74375.90332432961,10,21.764056079865632,1,4,1
53245.63299525111,14,41.453846717568815,0,0,1
80922.55156901013,18,25.160519341174457,0,3,0
78095.1997298641,7,35.07431802439667,0,0,0
21578.976350175853,12,34.24285596392242,0,4,0
71591.99150072047,17,18.823361953669437,1,0,1
80025.435354342,21,26.871895104382133,1,1,1
34676.113354161265,23,57.051873001591,0,1,0
17343.650378937225,16,37.383774048411645,0,1,0
362.9523424008592,5,33.244038653370474,0,1,0
45145.274944005505,14,53.128902199409254,0,1,1
35308.029880730275,12,31.037646899308314,0,1,0
55535.49239915835,17,34.0857963803088,1,2,0
18885.305149619697,10,44.9080285612285,0,2,0
85980.58821188087,12,30.9926420138365,0,2,0
25849.746041248156,0,27.534792606474987,1,1,0
22720.317548256233,17,18.0,0,1,0
48123.33424278716,4,25.635016866172386,0,3,0
49935.217272053,5,25.539722540103867,0,1,0
21587.014355630774,0,36.5856669546861,0,0,0
27258.886599918984,6,28.89541734272224,0,1,0
17053.55339160897,3,56.580190108571955,1,1,0
71874.17181448436,8,24.42371069765194,0,1,0
77031.89422228278,14,49.00646686857405,1,0,1
46286.616896182335,5,37.197529551275494,0,0,0
71437.29356623325,16,43.06774035712389,0,0,0
73619.9456545508,19,42.4601959473587,0,1,0
13913.725215013079,17,18.0,0,1,0
96621.18468097023,21,34.884473210234425,0,1,0
82121.09151493346,3,32.37771862766168,1,0,1
20527.897773462766,8,23.670219053087326,0,1,0
18697.887071032415,13,39.59626037215868,0,2,0
12653.548443400316,2,52.165403158774716,0,0,0
13924.018397937647,0,18.0,0,0,0
74841.36372296675,10,29.655303241582793,1,0,0
47018.46026946719,0,22.542338358863773,1,0,1
78315.12385671273,11,35.71777826237693,0,1,0
74650.86394558552,8,31.743787168500038,0,4,0
60500.81007917164,4,28.943227872428217,0,1,0
68668.02399721008,14,41.895068283290584,0,2,0
1933.736865476265,17,51.361813010570984,0,1,0
31246.586915821692,8,61.613186517578356,0,2,0
63818.43570801508,12,27.603709515314122,0,2,0
1033.5608532757956,12,18.0,0,2,0
3394.3966738910813,23,40.5919643407834,1,1,0
85203.60944879128,12,51.10484735323203,0,3,0
68434.08368303797,9,43.13689967040728,0,1,0
26610.43633872236,9,51.06347039530311,0,0,0
68827.48772785903,21,32.74513329397881,1,3,1
79266.4212470124,6,28.904255602268716,1,1,1
30748.748882699118,21,36.15435907401312,1,0,0
3700.1340121688263,4,31.694468126331117,0,3,0
93284.63455630468,19,41.63094021340344,0,1,0
34583.46584573349,6,44.69767778003491,0,1,0
10737.528152142168,19,45.48083664571886,0,1,0
49236.50145217542,9,40.105926708043896,1,0,0
76869.93278684697,9,37.458223266752995,0,2,0
22242.56673029416,20,42.94426689250848,0,4,0
27022.056008323,23,18.0,0,2,0
24347.22718117846,12,37.10570752333942,0,2,0
99168.13797788465,14,35.52478057170451,1,1,0
19820.6329996812,5,37.13080395971555,0,3,0
57594.46967491579,19,34.12376453745769,0,2,1
92533.93770153074,11,39.31855493461616,0,2,0
14774.967230890146,18,29.25397078465985,0,1,0
97088.33436698325,10,46.2952342945363,0,3,0
94752.97571612289,5,39.73649777413474,0,1,0
88468.74150712043,0,36.50685857883861,0,1,0
21534.196480867224,1,28.0248342936388,1,1,1
63442.10009549723,22,43.15316885207905,0,2,0
76113.0581488279,14,37.06659698494491,0,1,0
98604.19002682333,3,27.445166064630833,1,3,1
18124.339825928906,4,34.43338457586761,0,0,1
76625.98736197772,14,41.290826192412396,0,0,0
33946.23687571858,10,40.51573538819825,0,3,0
17645.083910243433,9,39.870089678081555,0,1,0
42195.556427264106,16,35.92531391741077,1,2,0
79404.20762364677,1,45.25819533301897,0,2,0
46538.49539003481,19,47.3779650381161,0,1,0
53798.55771028454,23,42.37322615675541,0,1,0
99516.4250789921,9,29.125487251442927,0,2,0
39971.01902578686,19,24.419382827094825,0,2,0
61578.53539545306,2,29.560602330284063,1,2,1
36587.89574137565,18,54.53656747976723,1,2,0
39339.28606823763,4,37.81695913827353,0,3,0
69594.51126919627,2,56.26441827526385,0,1,0
93794.90891187885,7,33.79801656412563,0,3,0
54281.65915418291,4,32.41186329507079,0,1,0
76863.1529019831,11,34.259434633559266,0,2,0
9011.735225814686,13,34.07825919946696,0,2,0
21194.687939449504,6,27.263490881322756,0,0,0
50262.95092786129,10,23.51151731833323,0,2,0
2099.1711905146017,7,40.01336627180863,0,1,0
25360.212378379623,4,45.549007175973635,0,2,0
51788.388853514116,7,59.449813006664016,1,3,0
1594.6237058044412,11,30.662870933089778,0,1,0
26528.173993981567,14,31.47344513135925,0,2,0
51451.67886563936,18,27.287707055489825,0,0,0
57357.609873326444,15,46.25727429373568,0,2,0
92582.59413622502,13,43.149874547962646,0,0,0
64570.02776273572,6,26.230654181254735,0,0,0
41532.10667274638,7,25.978019130270567,0,1,0
93042.08259559347,6,44.525147585958976,0,0,0
78509.81004044064,17,38.83196151208408,0,0,0
20080.891219163484,23,42.583887130111435,0,2,0
13171.151898747095,5,26.17231521661087,0,3,0
67613.58241069902,18,18.0,1,2,1
56032.32824114068,3,26.2503498331983,0,2,0
78988.3940178963,22,41.87766730011227,0,2,0
73906.62450286078,2,56.11057978634891,0,3,0
62558.63223236575,16,30.705360104723916,0,3,1
98639.57894572633,21,57.758558818768655,1,1,0
53405.614038029824,18,43.29819767491688,0,1,0
11399.26507452181,14,21.069676982911737,0,0,0
82844.52912511723,5,37.140338378110314,0,1,0
25260.150898336327,11,43.63974278411861,0,2,0
77752.48459957744,18,18.0,1,2,1
95714.99889040513,5,41.44451157913382,0,1,0
69709.87184503769,10,46.727211798231124,0,2,1
59643.41307888513,19,38.98868124131143,0,2,0
46092.57894993656,19,34.382787893185764,0,0,0
36504.54561294078,9,33.27073416998593,0,3,0
35365.174622086444,15,32.68677672308178,0,0,0
63673.6333003881,17,23.240201962328907,1,2,1
75152.18438208081,13,28.12476168095033,0,1,1
67883.855241493,3,30.834059543478403,0,3,0
19921.169109236915,11,36.134943462257425,0,3,0
49449.31929633477,19,29.431852423429333,0,1,0
79184.843211088,22,26.308707575020698,1,1,0
47622.837411086715,20,42.59770859125845,0,2,0
53708.665645575835,7,38.70613971947856,0,2,0
77136.49121226513,6,29.60770463210433,0,1,0
66160.40409588264,8,40.062784714875875,0,2,0
40993.55759615102,23,30.46842106314065,0,2,0
89551.72984830248,16,35.6306502948812,0,1,0
16340.45015948151,9,44.75044054722867,0,1,0
99552.09321417344,2,28.962589068337365,1,2,0
11973.372589776096,20,23.27588392166257,0,1,0
1593.5021133134662,7,33.54865416978658,0,1,0
89012.8882247616,13,21.36534983814538,0,3,1
24570.855485759013,6,32.22551490649025,0,3,0
72996.99278192742,15,32.193625206865434,0,1,0
81120.43595571372,17,18.0,0,3,1
85912.74046410847,10,40.3063516374451,0,0,1
99160.26414285025,5,33.1731023331868,0,0,0
29474.567032995907,19,46.81896452771936,0,1,0
71053.30985853319,20,37.15531979794083,0,1,0
11628.44584225474,13,42.356085703155486,0,2,0
40740.24820654926,20,46.90038753207043,0,0,0
84812.37216192778,12,33.682829172292536,0,3,0
36829.03880130492,3,34.99176811136098,0,3,0
59150.42851550785,19,19.264567766097684,0,3,0
50426.96702809094,19,47.395377452342416,0,3,0
64630.557958093304,10,33.54302600278445,0,0,0
97292.14949983072,17,24.942694496520183,0,0,0
5667.979097490072,0,42.397224864874275,0,1,0
57438.75559841281,11,18.0,0,2,0
86316.57504710344,17,30.707257771268218,0,0,0
48190.13290366791,6,44.08311041211841,0,1,0
7944.865875563125,11,30.622781480340947,0,1,0
56097.88130643541,0,27.820780490514185,0,1,0
33274.18169329966,21,30.838452028870496,0,4,0
15578.684355259797,3,18.0,0,2,0
84918.54787701895,17,42.154784317830334,0,1,0
52207.79134781305,14,33.771139580230866,0,1,0
93334.31359666876,2,32.27675390005238,0,0,0
80621.0488098466,6,32.31331383590959,0,0,1
69327.88219798937,5,35.14079798464584,0,2,0
602.0477861946622,14,41.534373706720665,0,0,0
42839.56331816117,14,34.47936458800751,0,3,0
19828.87953703803,5,21.383634518201877,0,1,0
91088.7113137819,7,40.75516121544067,0,0,0
17540.94006916839,7,39.985696910042265,1,4,1
28677.39916076262,21,37.0552699821646,0,2,0
51731.993096676466,0,45.75241306961319,0,1,0
26410.025537908117,12,35.30378676412959,0,1,0
21065.481260184206,22,46.11376088989256,1,1,0
59950.02257776497,23,49.07211021478396,0,1,0
8984.059323226884,20,40.823128855244825,0,0,0
5910.95909622038,12,27.520663781220627,0,0,0
37287.30498908854,10,33.69214281497559,0,0,0
72094.37900533545,3,47.38856034058374,0,1,0
55525.1951515674,6,20.02372133930493,0,1,0
42345.359199831204,11,31.080463318213912,0,1,1
56618.581266035784,12,31.57035163553256,0,2,0
36608.603316862034,21,26.347893996462663,0,0,0
93621.01890966808,11,43.72878949918787,0,1,0
5584.998601986355,15,38.76815071040777,0,1,0
67371.80875508054,5,27.88941643399508,0,2,0
89139.13821629228,13,41.055129202358394,1,2,1
80408.08240265181,18,33.41583765331782,0,3,1
18485.699378662528,15,26.098054267776572,0,2,0
29663.042263130807,3,27.870815897571326,0,1,0
71733.08907683977,4,39.3605107477594,0,1,0
8518.628862158477,8,44.390098785218385,0,0,1
81204.98381327515,23,30.13231767045214,0,1,1
71918.80376601855,2,40.44441333669012,0,2,0
72987.70425861073,21,50.817541575774825,0,2,0
10114.11288973238,9,22.41129443629747,0,2,0
71804.27842714146,16,38.55669872838624,1,0,0
68013.830709475,18,43.30655691295408,1,2,0
83109.15683310287,9,34.048501834011695,0,0,0
4255.436030021303,11,47.38283210855647,0,0,0
2408.7557799324404,22,56.98837038261284,0,6,0
37363.40927786822,6,38.43355348386303,0,2,0
14963.949556530373,17,32.66410267722001,0,2,0
55882.60930926517,18,44.76982807661957,1,2,0
91743.15526052422,14,43.42068860377901,0,0,0
39208.82506036817,6,18.0,0,0,0
84510.54268953315,11,34.97264443908887,0,1,0
124.06336433486075,21,31.05400533260886,0,2,0
16934.612881572502,6,38.96705691513917,0,3,0
3139.311611443153,9,33.063417197062094,0,1,0
32881.90333345535,23,34.148239077289986,0,0,0
90828.14061008063,21,26.367872405389186,1,1,1
9785.517147538876,19,42.345292184244876,1,0,0
60680.33669670566,9,51.550422214687316,0,3,0
45204.444318032474,22,26.52328050784965,0,1,0
93852.97441534467,4,21.029449768530267,0,2,0
12339.662339455674,17,35.20003219827464,0,1,0
21281.58226517267,8,34.71344338964736,0,1,0
3051.2426642881783,15,46.709327861203604,0,1,0
43450.13143817424,6,22.70805047621468,0,3,0
27855.506666508965,9,29.620448249759026,0,1,0
87003.60279564306,4,18.0,0,1,0
60533.58723845573,6,48.74983636211823,0,0,0
61447.6647237726,4,37.50544628323364,1,2,1
53237.87861844211,14,30.365670860192033,1,1,0
9275.848689197179,18,21.777285214088238,0,0,0
44557.36650416299,9,22.69523941822749,0,0,0
99950.5684518808,7,39.142668997913916,0,2,0
83539.40615551689,23,23.9257495439929,0,1,1
89356.55951129488,8,36.04005423148569,0,4,0
82340.3132887253,10,55.42944861135031,0,0,1
10393.86517375517,21,31.524123770551796,0,1,0
22822.080581073482,1,25.38555556025621,0,1,0
411.85297050532176,2,38.82007205452763,0,2,0
30420.661475323337,12,22.742082592182726,0,2,0
10949.879494414608,10,52.19984530329403,0,0,0
47332.05519562814,9,49.03619668528335,0,1,0
67745.0361085328,14,33.35828381046356,0,3,0
87463.07897430389,5,26.027068185757802,0,3,0
74946.79479258072,0,30.742301272246394,0,3,0
93864.70101827267,13,32.043343879145716,0,2,0
5484.4392103395,17,38.83567131707065,0,1,0
1316.7655581124898,23,45.396323293011164,0,0,0
66167.67757223765,10,24.6348736924141,0,5,1
29006.305781202398,7,45.109095653427445,0,4,0
25424.751508966736,21,41.17685612811298,0,3,0
33155.62006061005,2,29.922105091933936,0,3,0
27052.62618344718,13,24.132881043229897,0,1,0
51192.49698952857,1,36.16232717292568,0,0,1
44070.829877690834,15,24.40411516297916,0,0,0
51291.61228252797,5,45.23680849162606,0,2,0
67304.08978889357,0,23.761172278677954,0,0,0
38774.33784621771,13,40.47706193163144,0,1,0
25205.637945501465,9,34.19383635184918,0,1,0
16703.433627193674,5,29.393751156247987,0,1,0
35012.46454130929,8,33.971684936807094,0,1,0
74206.4668770926,6,45.79983169634202,0,3,1
75694.8205201358,1,23.077425910062104,0,3,1
66723.8481297526,10,30.878434448081833,0,0,0
23479.41471315677,13,27.48256435312812,0,1,0
58849.8159608843,4,34.61382866451285,0,2,1
57111.89719152711,8,28.153191074873458,0,2,1
48478.193191161576,6,18.0,0,1,0
55042.90073974804,13,24.448624530676376,0,2,0
49229.88419910444,15,51.37755018538112,0,2,0
56589.09097080341,21,37.467282112862726,0,2,0
71579.04486665076,15,37.12362053808077,0,0,0
11051.85662090363,6,32.17387609991362,0,3,0
74987.61263968748,9,34.483745758908306,0,1,0
13675.02639774666,20,30.7018807716862,0,4,0
6756.137041196433,5,40.26928531041065,0,0,0
97610.3606535246,16,36.00808854259373,0,4,0
95703.47771015711,0,23.287317898413846,0,1,0
6137.610839562349,1,37.53724503104193,0,1,0
44381.01880334872,13,18.0,0,2,0
18705.869336147494,3,39.138591996777855,0,0,0
48585.955223728364,8,20.906431431634786,0,1,0
83034.70657565878,22,34.03944913829924,0,2,0
95066.11629681474,5,23.05372396803811,0,3,1
63461.840079808586,16,35.02823199533097,0,5,1
35455.176154460525,20,40.78278519276222,0,1,0
60372.22400789538,10,50.0282708524958,0,0,0
31268.93048023419,3,19.586423449885217,0,2,0
90991.38171912283,20,44.754729556711354,0,1,0
87053.0062642731,8,36.31152705377472,1,0,0
55867.35185293813,15,30.49332847175376,1,0,1
32547.411646498018,2,42.598565050594594,0,3,0
29409.628590739536,3,32.64075148914793,0,2,0
3438.4576710354404,23,42.175305164006794,0,3,0
81600.50301742699,2,25.077302868720054,0,1,0
45093.282982596895,12,28.67002967703708,0,1,0
32580.779547186416,18,44.43600052794599,0,0,0
47163.92446427562,20,49.85400523570422,0,0,0
81891.92524641973,0,34.649681008471504,0,1,0
12548.959349981367,22,18.0,0,8,0
85779.83322535855,22,33.00950717391545,0,0,0
89761.13262732456,5,35.3242611782243,0,1,0
94676.12071188544,21,32.67226623306828,1,0,0
39809.05044302052,2,38.36338561665531,0,4,0
21792.32636336342,2,30.23090072402678,0,1,0
